SET session_replication_role = replica;

--
-- PostgreSQL database dump
--

-- Dumped from database version 17.4
-- Dumped by pg_dump version 17.4

SET statement_timeout = 0;
SET lock_timeout = 0;
SET idle_in_transaction_session_timeout = 0;
SET transaction_timeout = 0;
SET client_encoding = 'UTF8';
SET standard_conforming_strings = on;
SELECT pg_catalog.set_config('search_path', '', false);
SET check_function_bodies = false;
SET xmloption = content;
SET client_min_messages = warning;
SET row_security = off;

--
-- Data for Name: audit_log_entries; Type: TABLE DATA; Schema: auth; Owner: supabase_auth_admin
--

INSERT INTO "auth"."audit_log_entries" ("instance_id", "id", "payload", "created_at", "ip_address") VALUES
	('00000000-0000-0000-0000-000000000000', 'b8b66158-bdfe-4134-ae17-70480e5f7f7d', '{"action":"user_signedup","actor_id":"69e20f1c-786c-4365-bb42-5897b18700c0","actor_name":"于楠","actor_username":"yunan7837@gmail.com","actor_via_sso":false,"log_type":"team","traits":{"provider":"google"}}', '2025-07-28 05:16:21.284374+00', ''),
	('00000000-0000-0000-0000-000000000000', '3df97366-347b-48d9-9ab5-d4313c17bc8e', '{"action":"login","actor_id":"69e20f1c-786c-4365-bb42-5897b18700c0","actor_name":"于楠","actor_username":"yunan7837@gmail.com","actor_via_sso":false,"log_type":"account","traits":{"provider_type":"google"}}', '2025-07-28 05:16:22.772853+00', ''),
	('00000000-0000-0000-0000-000000000000', '9c1f5c56-becf-4500-967e-8a05b2d6e350', '{"action":"user_signedup","actor_id":"12090a60-a97c-419d-898d-f0010838e0a2","actor_name":"김두호","actor_username":"dooho@duly.co.kr","actor_via_sso":false,"log_type":"team","traits":{"provider":"google"}}', '2025-07-28 05:19:25.950206+00', ''),
	('00000000-0000-0000-0000-000000000000', '2a437364-0fee-4c75-bb73-cf75dd1641dd', '{"action":"login","actor_id":"12090a60-a97c-419d-898d-f0010838e0a2","actor_name":"김두호","actor_username":"dooho@duly.co.kr","actor_via_sso":false,"log_type":"account","traits":{"provider_type":"google"}}', '2025-07-28 05:19:27.250445+00', ''),
	('00000000-0000-0000-0000-000000000000', '828ea9f9-a54e-46b5-bdef-0889af0b7d32', '{"action":"user_signedup","actor_id":"b25009df-279b-4a86-a655-992ed6f56a9f","actor_name":"-두호杜怙","actor_username":"5rnlrhdwk@gmail.com","actor_via_sso":false,"log_type":"team","traits":{"provider":"google"}}', '2025-07-28 05:21:08.026255+00', ''),
	('00000000-0000-0000-0000-000000000000', '1661833a-5d43-436c-8436-7b65b624a68c', '{"action":"login","actor_id":"b25009df-279b-4a86-a655-992ed6f56a9f","actor_name":"-두호杜怙","actor_username":"5rnlrhdwk@gmail.com","actor_via_sso":false,"log_type":"account","traits":{"provider_type":"google"}}', '2025-07-28 05:21:09.644527+00', ''),
	('00000000-0000-0000-0000-000000000000', '88c298a6-0e03-44de-93ff-16aabbffc4a6', '{"action":"login","actor_id":"69e20f1c-786c-4365-bb42-5897b18700c0","actor_name":"于楠","actor_username":"yunan7837@gmail.com","actor_via_sso":false,"log_type":"account","traits":{"provider":"google"}}', '2025-07-28 05:23:18.294592+00', ''),
	('00000000-0000-0000-0000-000000000000', 'b0e015e1-5682-4e77-9767-8a22a78cfec0', '{"action":"login","actor_id":"69e20f1c-786c-4365-bb42-5897b18700c0","actor_name":"于楠","actor_username":"yunan7837@gmail.com","actor_via_sso":false,"log_type":"account","traits":{"provider_type":"google"}}', '2025-07-28 05:23:18.951153+00', ''),
	('00000000-0000-0000-0000-000000000000', '1c990e38-6fc4-424b-b850-75ca3eac28e7', '{"action":"logout","actor_id":"69e20f1c-786c-4365-bb42-5897b18700c0","actor_name":"于楠","actor_username":"yunan7837@gmail.com","actor_via_sso":false,"log_type":"account"}', '2025-07-28 05:24:33.568894+00', ''),
	('00000000-0000-0000-0000-000000000000', '4d2431b3-6566-4a5e-af98-e9b16a323c61', '{"action":"login","actor_id":"12090a60-a97c-419d-898d-f0010838e0a2","actor_name":"김두호","actor_username":"dooho@duly.co.kr","actor_via_sso":false,"log_type":"account","traits":{"provider":"google"}}', '2025-07-28 05:24:45.063599+00', ''),
	('00000000-0000-0000-0000-000000000000', '250a1fdb-2fee-4eaa-ab64-12b706742b3d', '{"action":"login","actor_id":"12090a60-a97c-419d-898d-f0010838e0a2","actor_name":"김두호","actor_username":"dooho@duly.co.kr","actor_via_sso":false,"log_type":"account","traits":{"provider_type":"google"}}', '2025-07-28 05:24:45.973926+00', ''),
	('00000000-0000-0000-0000-000000000000', '090bd982-088d-4db9-9062-242880615a02', '{"action":"login","actor_id":"69e20f1c-786c-4365-bb42-5897b18700c0","actor_name":"于楠","actor_username":"yunan7837@gmail.com","actor_via_sso":false,"log_type":"account","traits":{"provider":"google"}}', '2025-07-28 05:27:42.28034+00', ''),
	('00000000-0000-0000-0000-000000000000', '00ddeb1d-1898-4add-9042-e541eaefe6df', '{"action":"login","actor_id":"69e20f1c-786c-4365-bb42-5897b18700c0","actor_name":"于楠","actor_username":"yunan7837@gmail.com","actor_via_sso":false,"log_type":"account","traits":{"provider_type":"google"}}', '2025-07-28 05:27:43.762738+00', ''),
	('00000000-0000-0000-0000-000000000000', '9ca6ffda-5879-4548-a33f-f45d0c506568', '{"action":"login","actor_id":"12090a60-a97c-419d-898d-f0010838e0a2","actor_name":"김두호","actor_username":"dooho@duly.co.kr","actor_via_sso":false,"log_type":"account","traits":{"provider":"google"}}', '2025-07-28 05:29:11.439856+00', ''),
	('00000000-0000-0000-0000-000000000000', '2ce200de-b2e6-4411-a862-b016a0375601', '{"action":"login","actor_id":"12090a60-a97c-419d-898d-f0010838e0a2","actor_name":"김두호","actor_username":"dooho@duly.co.kr","actor_via_sso":false,"log_type":"account","traits":{"provider_type":"google"}}', '2025-07-28 05:29:12.83258+00', ''),
	('00000000-0000-0000-0000-000000000000', '9484ac47-25c6-4a0a-82eb-4347ee37c2c0', '{"action":"user_signedup","actor_id":"c2942a81-1563-4150-99f8-ab6435e7b47b","actor_username":"bishi2222@naver.com","actor_via_sso":false,"log_type":"team","traits":{"provider":"email"}}', '2025-07-28 05:34:57.585028+00', ''),
	('00000000-0000-0000-0000-000000000000', '3107ad64-7b40-4336-b87d-7a77ad4a831b', '{"action":"login","actor_id":"c2942a81-1563-4150-99f8-ab6435e7b47b","actor_username":"bishi2222@naver.com","actor_via_sso":false,"log_type":"account","traits":{"provider":"email"}}', '2025-07-28 05:34:57.58934+00', ''),
	('00000000-0000-0000-0000-000000000000', '3cd7b627-2771-493c-b9c8-077161aed0ab', '{"action":"login","actor_id":"c2942a81-1563-4150-99f8-ab6435e7b47b","actor_username":"bishi2222@naver.com","actor_via_sso":false,"log_type":"account","traits":{"provider":"email"}}', '2025-07-28 05:35:03.294717+00', ''),
	('00000000-0000-0000-0000-000000000000', '00d21f21-11ac-4b1d-93d9-e92814221479', '{"action":"logout","actor_id":"12090a60-a97c-419d-898d-f0010838e0a2","actor_name":"김두호","actor_username":"dooho@duly.co.kr","actor_via_sso":false,"log_type":"account"}', '2025-07-28 05:43:14.822804+00', ''),
	('00000000-0000-0000-0000-000000000000', '6be27834-ed59-40ab-9239-0f0e8d717c5d', '{"action":"login","actor_id":"c2942a81-1563-4150-99f8-ab6435e7b47b","actor_username":"bishi2222@naver.com","actor_via_sso":false,"log_type":"account","traits":{"provider":"email"}}', '2025-07-28 05:45:23.566512+00', ''),
	('00000000-0000-0000-0000-000000000000', '2665d3d9-3f5f-46fe-9f0e-a79a98aa7b9d', '{"action":"logout","actor_id":"c2942a81-1563-4150-99f8-ab6435e7b47b","actor_username":"bishi2222@naver.com","actor_via_sso":false,"log_type":"account"}', '2025-07-28 05:47:31.392897+00', ''),
	('00000000-0000-0000-0000-000000000000', 'cb907b6c-c4d5-4e20-92ba-a87fe17342ec', '{"action":"login","actor_id":"c2942a81-1563-4150-99f8-ab6435e7b47b","actor_username":"bishi2222@naver.com","actor_via_sso":false,"log_type":"account","traits":{"provider":"email"}}', '2025-07-28 05:49:46.929294+00', ''),
	('00000000-0000-0000-0000-000000000000', 'de4383a3-717f-4277-a25c-22c9f92fc34f', '{"action":"login","actor_id":"c2942a81-1563-4150-99f8-ab6435e7b47b","actor_username":"bishi2222@naver.com","actor_via_sso":false,"log_type":"account","traits":{"provider":"email"}}', '2025-07-28 06:07:19.740576+00', ''),
	('00000000-0000-0000-0000-000000000000', '5810f993-69dc-487c-902b-9112a5387368', '{"action":"login","actor_id":"c2942a81-1563-4150-99f8-ab6435e7b47b","actor_username":"bishi2222@naver.com","actor_via_sso":false,"log_type":"account","traits":{"provider":"email"}}', '2025-07-28 06:07:55.929703+00', ''),
	('00000000-0000-0000-0000-000000000000', '62d116ff-56a7-4924-87fa-ad429b25b536', '{"action":"logout","actor_id":"c2942a81-1563-4150-99f8-ab6435e7b47b","actor_username":"bishi2222@naver.com","actor_via_sso":false,"log_type":"account"}', '2025-07-28 06:08:59.855183+00', ''),
	('00000000-0000-0000-0000-000000000000', '1399406f-fa6c-4198-9ba7-e86611eab6aa', '{"action":"login","actor_id":"c2942a81-1563-4150-99f8-ab6435e7b47b","actor_username":"bishi2222@naver.com","actor_via_sso":false,"log_type":"account","traits":{"provider":"email"}}', '2025-07-28 06:11:20.34056+00', ''),
	('00000000-0000-0000-0000-000000000000', '1b791f58-8b5a-4aac-944d-9bda4193e14a', '{"action":"login","actor_id":"b25009df-279b-4a86-a655-992ed6f56a9f","actor_name":"-두호杜怙","actor_username":"5rnlrhdwk@gmail.com","actor_via_sso":false,"log_type":"account","traits":{"provider":"google"}}', '2025-07-28 06:51:47.908651+00', ''),
	('00000000-0000-0000-0000-000000000000', 'c5bd6296-4d28-46ed-abf5-e452f03d3f4e', '{"action":"login","actor_id":"b25009df-279b-4a86-a655-992ed6f56a9f","actor_name":"-두호杜怙","actor_username":"5rnlrhdwk@gmail.com","actor_via_sso":false,"log_type":"account","traits":{"provider_type":"google"}}', '2025-07-28 06:51:49.791299+00', ''),
	('00000000-0000-0000-0000-000000000000', 'b5fa0604-e12d-4bcb-860a-578739120937', '{"action":"login","actor_id":"b25009df-279b-4a86-a655-992ed6f56a9f","actor_name":"-두호杜怙","actor_username":"5rnlrhdwk@gmail.com","actor_via_sso":false,"log_type":"account","traits":{"provider":"google"}}', '2025-07-28 07:11:01.947159+00', ''),
	('00000000-0000-0000-0000-000000000000', '07ce0e8f-3e0b-4e4e-a6f3-db12052ab5fe', '{"action":"login","actor_id":"b25009df-279b-4a86-a655-992ed6f56a9f","actor_name":"-두호杜怙","actor_username":"5rnlrhdwk@gmail.com","actor_via_sso":false,"log_type":"account","traits":{"provider":"google"}}', '2025-07-28 07:11:57.826778+00', ''),
	('00000000-0000-0000-0000-000000000000', '92681e27-261a-46c2-afa9-8bc9a3665b1a', '{"action":"login","actor_id":"b25009df-279b-4a86-a655-992ed6f56a9f","actor_name":"-두호杜怙","actor_username":"5rnlrhdwk@gmail.com","actor_via_sso":false,"log_type":"account","traits":{"provider_type":"google"}}', '2025-07-28 07:12:00.15284+00', ''),
	('00000000-0000-0000-0000-000000000000', '084beaef-c733-4041-8532-d4288893b267', '{"action":"logout","actor_id":"b25009df-279b-4a86-a655-992ed6f56a9f","actor_name":"-두호杜怙","actor_username":"5rnlrhdwk@gmail.com","actor_via_sso":false,"log_type":"account"}', '2025-07-28 07:12:05.963664+00', ''),
	('00000000-0000-0000-0000-000000000000', '089867b6-5744-496e-b93e-7654005d5a61', '{"action":"user_signedup","actor_id":"1b9a5015-5607-47b7-89d7-ac9a121ea228","actor_name":"김두호","actor_username":"bishi222@nate.com","actor_via_sso":false,"log_type":"team","traits":{"provider":"kakao"}}', '2025-07-28 07:12:14.356532+00', ''),
	('00000000-0000-0000-0000-000000000000', 'b8880760-9193-480a-9a48-257ac6661a04', '{"action":"login","actor_id":"1b9a5015-5607-47b7-89d7-ac9a121ea228","actor_name":"김두호","actor_username":"bishi222@nate.com","actor_via_sso":false,"log_type":"account","traits":{"provider_type":"kakao"}}', '2025-07-28 07:12:14.749001+00', ''),
	('00000000-0000-0000-0000-000000000000', 'b4580bf7-2630-431c-9366-96b929c361e6', '{"action":"logout","actor_id":"1b9a5015-5607-47b7-89d7-ac9a121ea228","actor_name":"김두호","actor_username":"bishi222@nate.com","actor_via_sso":false,"log_type":"account"}', '2025-07-28 07:12:19.559506+00', ''),
	('00000000-0000-0000-0000-000000000000', '095a0efc-0582-4bf0-83e0-f851a066de9c', '{"action":"login","actor_id":"1b9a5015-5607-47b7-89d7-ac9a121ea228","actor_name":"김두호","actor_username":"bishi222@nate.com","actor_via_sso":false,"log_type":"account","traits":{"provider":"kakao"}}', '2025-07-28 07:12:59.154993+00', ''),
	('00000000-0000-0000-0000-000000000000', 'a6837e4f-4954-441c-8afb-9fe395a38756', '{"action":"login","actor_id":"1b9a5015-5607-47b7-89d7-ac9a121ea228","actor_name":"김두호","actor_username":"bishi222@nate.com","actor_via_sso":false,"log_type":"account","traits":{"provider_type":"kakao"}}', '2025-07-28 07:13:00.488334+00', ''),
	('00000000-0000-0000-0000-000000000000', '2a93eea5-a1ae-4607-91dc-6b138ea2a7cf', '{"action":"logout","actor_id":"1b9a5015-5607-47b7-89d7-ac9a121ea228","actor_name":"김두호","actor_username":"bishi222@nate.com","actor_via_sso":false,"log_type":"account"}', '2025-07-28 07:13:24.517821+00', ''),
	('00000000-0000-0000-0000-000000000000', '930190d3-bfb1-4431-a45d-682db0674d2c', '{"action":"login","actor_id":"1b9a5015-5607-47b7-89d7-ac9a121ea228","actor_name":"김두호","actor_username":"bishi222@nate.com","actor_via_sso":false,"log_type":"account","traits":{"provider":"kakao"}}', '2025-07-28 07:13:27.693398+00', ''),
	('00000000-0000-0000-0000-000000000000', '87117ad3-f0cd-475c-98ae-5592aacd22c1', '{"action":"login","actor_id":"1b9a5015-5607-47b7-89d7-ac9a121ea228","actor_name":"김두호","actor_username":"bishi222@nate.com","actor_via_sso":false,"log_type":"account","traits":{"provider_type":"kakao"}}', '2025-07-28 07:13:28.061736+00', ''),
	('00000000-0000-0000-0000-000000000000', 'c12052a6-9815-43f2-ac33-d1fd59e258de', '{"action":"token_refreshed","actor_id":"c2942a81-1563-4150-99f8-ab6435e7b47b","actor_username":"bishi2222@naver.com","actor_via_sso":false,"log_type":"token"}', '2025-07-28 08:39:08.605696+00', ''),
	('00000000-0000-0000-0000-000000000000', '400ebd1e-a20e-463e-b0f3-3747345451f5', '{"action":"token_revoked","actor_id":"c2942a81-1563-4150-99f8-ab6435e7b47b","actor_username":"bishi2222@naver.com","actor_via_sso":false,"log_type":"token"}', '2025-07-28 08:39:08.606552+00', ''),
	('00000000-0000-0000-0000-000000000000', '638e94c7-8780-43c9-bfa5-c6d80ef4317b', '{"action":"login","actor_id":"c2942a81-1563-4150-99f8-ab6435e7b47b","actor_username":"bishi2222@naver.com","actor_via_sso":false,"log_type":"account","traits":{"provider":"email"}}', '2025-07-28 09:09:20.850853+00', ''),
	('00000000-0000-0000-0000-000000000000', '49749277-5a0d-4f28-86a1-21194eac51c0', '{"action":"logout","actor_id":"c2942a81-1563-4150-99f8-ab6435e7b47b","actor_username":"bishi2222@naver.com","actor_via_sso":false,"log_type":"account"}', '2025-07-28 09:30:51.654359+00', ''),
	('00000000-0000-0000-0000-000000000000', '2dc8ad42-6143-413d-ab9e-a6c197452db8', '{"action":"login","actor_id":"c2942a81-1563-4150-99f8-ab6435e7b47b","actor_username":"bishi2222@naver.com","actor_via_sso":false,"log_type":"account","traits":{"provider":"email"}}', '2025-07-28 09:30:59.020642+00', ''),
	('00000000-0000-0000-0000-000000000000', 'e34a9084-18db-46c8-99bb-89fd1eefefe0', '{"action":"login","actor_id":"c2942a81-1563-4150-99f8-ab6435e7b47b","actor_username":"bishi2222@naver.com","actor_via_sso":false,"log_type":"account","traits":{"provider":"email"}}', '2025-07-28 09:39:08.25074+00', ''),
	('00000000-0000-0000-0000-000000000000', 'be21b0f1-272c-49b5-945e-387d702bf678', '{"action":"login","actor_id":"c2942a81-1563-4150-99f8-ab6435e7b47b","actor_username":"bishi2222@naver.com","actor_via_sso":false,"log_type":"account","traits":{"provider":"email"}}', '2025-07-28 09:39:08.726132+00', ''),
	('00000000-0000-0000-0000-000000000000', '1626ae9d-114c-47d0-95cf-a53954b9938a', '{"action":"token_refreshed","actor_id":"c2942a81-1563-4150-99f8-ab6435e7b47b","actor_username":"bishi2222@naver.com","actor_via_sso":false,"log_type":"token"}', '2025-07-28 10:31:30.319582+00', ''),
	('00000000-0000-0000-0000-000000000000', '57692770-6f1c-4ee1-ab12-14e4da38f509', '{"action":"token_revoked","actor_id":"c2942a81-1563-4150-99f8-ab6435e7b47b","actor_username":"bishi2222@naver.com","actor_via_sso":false,"log_type":"token"}', '2025-07-28 10:31:30.320458+00', ''),
	('00000000-0000-0000-0000-000000000000', 'd8f9b62c-f1ff-4e49-afb9-bf73945747ab', '{"action":"token_refreshed","actor_id":"c2942a81-1563-4150-99f8-ab6435e7b47b","actor_username":"bishi2222@naver.com","actor_via_sso":false,"log_type":"token"}', '2025-07-28 10:31:30.577411+00', ''),
	('00000000-0000-0000-0000-000000000000', '20d12cf3-3712-4e54-a78e-badc47134150', '{"action":"token_refreshed","actor_id":"c2942a81-1563-4150-99f8-ab6435e7b47b","actor_username":"bishi2222@naver.com","actor_via_sso":false,"log_type":"token"}', '2025-07-28 10:54:06.284311+00', ''),
	('00000000-0000-0000-0000-000000000000', '98ddbfe6-212c-49b4-80ab-33459d56caa2', '{"action":"token_revoked","actor_id":"c2942a81-1563-4150-99f8-ab6435e7b47b","actor_username":"bishi2222@naver.com","actor_via_sso":false,"log_type":"token"}', '2025-07-28 10:54:06.285244+00', ''),
	('00000000-0000-0000-0000-000000000000', 'a331cb14-27f1-403b-b32e-72b189fffcc9', '{"action":"token_refreshed","actor_id":"c2942a81-1563-4150-99f8-ab6435e7b47b","actor_username":"bishi2222@naver.com","actor_via_sso":false,"log_type":"token"}', '2025-07-28 10:54:06.45476+00', ''),
	('00000000-0000-0000-0000-000000000000', 'dfb7858a-ce5b-45f2-a0ff-cdfe4a8c4a2e', '{"action":"login","actor_id":"b25009df-279b-4a86-a655-992ed6f56a9f","actor_name":"-두호杜怙","actor_username":"5rnlrhdwk@gmail.com","actor_via_sso":false,"log_type":"account","traits":{"provider":"google"}}', '2025-07-28 11:30:58.523604+00', ''),
	('00000000-0000-0000-0000-000000000000', 'd3fc41fc-c942-496a-b95a-ef3f2cb3ec32', '{"action":"login","actor_id":"b25009df-279b-4a86-a655-992ed6f56a9f","actor_name":"-두호杜怙","actor_username":"5rnlrhdwk@gmail.com","actor_via_sso":false,"log_type":"account","traits":{"provider_type":"google"}}', '2025-07-28 11:31:00.886507+00', ''),
	('00000000-0000-0000-0000-000000000000', 'c35aaa78-495f-4cef-b986-97aeed793edb', '{"action":"token_refreshed","actor_id":"c2942a81-1563-4150-99f8-ab6435e7b47b","actor_username":"bishi2222@naver.com","actor_via_sso":false,"log_type":"token"}', '2025-07-28 11:32:18.280951+00', ''),
	('00000000-0000-0000-0000-000000000000', 'a2508f93-351f-4800-a771-d74da7f9261d', '{"action":"token_revoked","actor_id":"c2942a81-1563-4150-99f8-ab6435e7b47b","actor_username":"bishi2222@naver.com","actor_via_sso":false,"log_type":"token"}', '2025-07-28 11:32:18.281548+00', ''),
	('00000000-0000-0000-0000-000000000000', '097d146c-8208-4c0c-8e82-03a795ad53f3', '{"action":"token_refreshed","actor_id":"c2942a81-1563-4150-99f8-ab6435e7b47b","actor_username":"bishi2222@naver.com","actor_via_sso":false,"log_type":"token"}', '2025-07-28 11:32:18.306649+00', ''),
	('00000000-0000-0000-0000-000000000000', 'd66681c9-8e08-4700-b00e-271cfbc14afd', '{"action":"token_refreshed","actor_id":"c2942a81-1563-4150-99f8-ab6435e7b47b","actor_username":"bishi2222@naver.com","actor_via_sso":false,"log_type":"token"}', '2025-07-28 11:32:18.327792+00', ''),
	('00000000-0000-0000-0000-000000000000', '558615df-3f17-4c09-9816-24d33fb6343b', '{"action":"token_refreshed","actor_id":"c2942a81-1563-4150-99f8-ab6435e7b47b","actor_username":"bishi2222@naver.com","actor_via_sso":false,"log_type":"token"}', '2025-07-28 11:32:18.342852+00', ''),
	('00000000-0000-0000-0000-000000000000', '50b59faf-54ce-4273-8bda-5346918badd7', '{"action":"token_refreshed","actor_id":"c2942a81-1563-4150-99f8-ab6435e7b47b","actor_username":"bishi2222@naver.com","actor_via_sso":false,"log_type":"token"}', '2025-07-28 11:32:18.42699+00', ''),
	('00000000-0000-0000-0000-000000000000', 'a57df1e5-9f44-454a-90e5-0ac3f7693276', '{"action":"token_refreshed","actor_id":"c2942a81-1563-4150-99f8-ab6435e7b47b","actor_username":"bishi2222@naver.com","actor_via_sso":false,"log_type":"token"}', '2025-07-28 12:27:40.951214+00', ''),
	('00000000-0000-0000-0000-000000000000', '20cbe8e2-3322-447d-ab96-a3ced249d1fe', '{"action":"token_revoked","actor_id":"c2942a81-1563-4150-99f8-ab6435e7b47b","actor_username":"bishi2222@naver.com","actor_via_sso":false,"log_type":"token"}', '2025-07-28 12:27:40.952136+00', ''),
	('00000000-0000-0000-0000-000000000000', '6d4fde9f-c00d-4d3f-8e48-b561eb81f190', '{"action":"token_refreshed","actor_id":"c2942a81-1563-4150-99f8-ab6435e7b47b","actor_username":"bishi2222@naver.com","actor_via_sso":false,"log_type":"token"}', '2025-07-28 12:31:55.830338+00', ''),
	('00000000-0000-0000-0000-000000000000', '812de825-5528-4103-aaaa-de8ab2ea7fff', '{"action":"token_revoked","actor_id":"c2942a81-1563-4150-99f8-ab6435e7b47b","actor_username":"bishi2222@naver.com","actor_via_sso":false,"log_type":"token"}', '2025-07-28 12:31:55.831833+00', ''),
	('00000000-0000-0000-0000-000000000000', 'e2d2eec4-6c66-44a7-809e-6dead167bc09', '{"action":"token_refreshed","actor_id":"c2942a81-1563-4150-99f8-ab6435e7b47b","actor_username":"bishi2222@naver.com","actor_via_sso":false,"log_type":"token"}', '2025-07-28 13:30:33.946097+00', ''),
	('00000000-0000-0000-0000-000000000000', 'f6e70e15-bc5e-471e-9ad8-9234300c3af2', '{"action":"token_revoked","actor_id":"c2942a81-1563-4150-99f8-ab6435e7b47b","actor_username":"bishi2222@naver.com","actor_via_sso":false,"log_type":"token"}', '2025-07-28 13:30:33.94695+00', ''),
	('00000000-0000-0000-0000-000000000000', '076083c6-1358-456e-9639-bae1ccb18081', '{"action":"login","actor_id":"c2942a81-1563-4150-99f8-ab6435e7b47b","actor_username":"bishi2222@naver.com","actor_via_sso":false,"log_type":"account","traits":{"provider":"email"}}', '2025-07-28 14:25:03.85263+00', ''),
	('00000000-0000-0000-0000-000000000000', '45501b6c-770e-46a0-b63d-d4ecd923ebc7', '{"action":"token_refreshed","actor_id":"c2942a81-1563-4150-99f8-ab6435e7b47b","actor_username":"bishi2222@naver.com","actor_via_sso":false,"log_type":"token"}', '2025-07-28 14:54:39.583408+00', ''),
	('00000000-0000-0000-0000-000000000000', '33b11384-df66-497d-b03a-0611e7db2f32', '{"action":"token_revoked","actor_id":"c2942a81-1563-4150-99f8-ab6435e7b47b","actor_username":"bishi2222@naver.com","actor_via_sso":false,"log_type":"token"}', '2025-07-28 14:54:39.584362+00', ''),
	('00000000-0000-0000-0000-000000000000', '25c80172-fd12-4d61-ad1c-ddfaf592bc18', '{"action":"token_refreshed","actor_id":"c2942a81-1563-4150-99f8-ab6435e7b47b","actor_username":"bishi2222@naver.com","actor_via_sso":false,"log_type":"token"}', '2025-07-28 15:23:03.248664+00', ''),
	('00000000-0000-0000-0000-000000000000', 'b23501e1-8758-4895-8191-390245977c05', '{"action":"token_revoked","actor_id":"c2942a81-1563-4150-99f8-ab6435e7b47b","actor_username":"bishi2222@naver.com","actor_via_sso":false,"log_type":"token"}', '2025-07-28 15:23:03.249543+00', ''),
	('00000000-0000-0000-0000-000000000000', '727cc0e2-63ef-431e-b9b6-483cedf2a423', '{"action":"token_refreshed","actor_id":"b25009df-279b-4a86-a655-992ed6f56a9f","actor_name":"-두호杜怙","actor_username":"5rnlrhdwk@gmail.com","actor_via_sso":false,"log_type":"token"}', '2025-07-28 15:41:25.793215+00', ''),
	('00000000-0000-0000-0000-000000000000', '862e67dc-45e9-4c74-8dc0-f24f96c257c5', '{"action":"token_revoked","actor_id":"b25009df-279b-4a86-a655-992ed6f56a9f","actor_name":"-두호杜怙","actor_username":"5rnlrhdwk@gmail.com","actor_via_sso":false,"log_type":"token"}', '2025-07-28 15:41:25.794005+00', ''),
	('00000000-0000-0000-0000-000000000000', '99256c1f-d356-4c4c-821e-90fef4f12982', '{"action":"token_refreshed","actor_id":"b25009df-279b-4a86-a655-992ed6f56a9f","actor_name":"-두호杜怙","actor_username":"5rnlrhdwk@gmail.com","actor_via_sso":false,"log_type":"token"}', '2025-07-28 15:41:26.365999+00', ''),
	('00000000-0000-0000-0000-000000000000', '3c5856a7-b2ad-4f27-a004-ee9c8a89b0b9', '{"action":"token_refreshed","actor_id":"b25009df-279b-4a86-a655-992ed6f56a9f","actor_name":"-두호杜怙","actor_username":"5rnlrhdwk@gmail.com","actor_via_sso":false,"log_type":"token"}', '2025-07-28 15:41:26.939116+00', ''),
	('00000000-0000-0000-0000-000000000000', 'fe9334a2-cc0a-42df-af80-c6f72fc7e22a', '{"action":"token_refreshed","actor_id":"b25009df-279b-4a86-a655-992ed6f56a9f","actor_name":"-두호杜怙","actor_username":"5rnlrhdwk@gmail.com","actor_via_sso":false,"log_type":"token"}', '2025-07-28 15:41:27.109643+00', ''),
	('00000000-0000-0000-0000-000000000000', '88a710dd-de35-4cad-b48a-8b645dc86c78', '{"action":"token_refreshed","actor_id":"c2942a81-1563-4150-99f8-ab6435e7b47b","actor_username":"bishi2222@naver.com","actor_via_sso":false,"log_type":"token"}', '2025-07-28 15:58:40.94807+00', ''),
	('00000000-0000-0000-0000-000000000000', 'ea750add-6091-4e03-814a-84a93ae4f248', '{"action":"token_revoked","actor_id":"c2942a81-1563-4150-99f8-ab6435e7b47b","actor_username":"bishi2222@naver.com","actor_via_sso":false,"log_type":"token"}', '2025-07-28 15:58:40.949562+00', ''),
	('00000000-0000-0000-0000-000000000000', '9daf6da1-6c52-4f36-a147-d96e7f57b5b5', '{"action":"token_refreshed","actor_id":"b25009df-279b-4a86-a655-992ed6f56a9f","actor_name":"-두호杜怙","actor_username":"5rnlrhdwk@gmail.com","actor_via_sso":false,"log_type":"token"}', '2025-07-29 01:01:13.583166+00', ''),
	('00000000-0000-0000-0000-000000000000', '26da06f1-c9fa-44d1-bb05-83ec80220269', '{"action":"token_revoked","actor_id":"b25009df-279b-4a86-a655-992ed6f56a9f","actor_name":"-두호杜怙","actor_username":"5rnlrhdwk@gmail.com","actor_via_sso":false,"log_type":"token"}', '2025-07-29 01:01:13.584+00', ''),
	('00000000-0000-0000-0000-000000000000', '58fe53ed-66a7-432d-adce-70416304cca5', '{"action":"token_refreshed","actor_id":"c2942a81-1563-4150-99f8-ab6435e7b47b","actor_username":"bishi2222@naver.com","actor_via_sso":false,"log_type":"token"}', '2025-07-29 01:02:52.059358+00', ''),
	('00000000-0000-0000-0000-000000000000', '1dbb506f-07b9-4c2c-a11c-81cc3fae5afb', '{"action":"token_revoked","actor_id":"c2942a81-1563-4150-99f8-ab6435e7b47b","actor_username":"bishi2222@naver.com","actor_via_sso":false,"log_type":"token"}', '2025-07-29 01:02:52.060033+00', ''),
	('00000000-0000-0000-0000-000000000000', '22d9827d-1a05-43f4-adbf-6c6a88dd2f4c', '{"action":"logout","actor_id":"b25009df-279b-4a86-a655-992ed6f56a9f","actor_name":"-두호杜怙","actor_username":"5rnlrhdwk@gmail.com","actor_via_sso":false,"log_type":"account"}', '2025-07-29 01:07:54.940358+00', ''),
	('00000000-0000-0000-0000-000000000000', 'a52ec3ff-3180-4531-91e5-daabbf8ace99', '{"action":"login","actor_id":"b25009df-279b-4a86-a655-992ed6f56a9f","actor_name":"-두호杜怙","actor_username":"5rnlrhdwk@gmail.com","actor_via_sso":false,"log_type":"account","traits":{"provider":"google"}}', '2025-07-29 01:08:06.648971+00', ''),
	('00000000-0000-0000-0000-000000000000', 'ccd89808-e22c-4793-9245-dad27c4057d9', '{"action":"login","actor_id":"b25009df-279b-4a86-a655-992ed6f56a9f","actor_name":"-두호杜怙","actor_username":"5rnlrhdwk@gmail.com","actor_via_sso":false,"log_type":"account","traits":{"provider_type":"google"}}', '2025-07-29 01:08:08.14362+00', ''),
	('00000000-0000-0000-0000-000000000000', '7a6b7d75-a236-435a-b004-0bda1e685f52', '{"action":"token_refreshed","actor_id":"c2942a81-1563-4150-99f8-ab6435e7b47b","actor_username":"bishi2222@naver.com","actor_via_sso":false,"log_type":"token"}', '2025-07-29 02:10:49.110378+00', ''),
	('00000000-0000-0000-0000-000000000000', 'a812a69a-e923-4140-9a2b-21a27e0aeb80', '{"action":"token_revoked","actor_id":"c2942a81-1563-4150-99f8-ab6435e7b47b","actor_username":"bishi2222@naver.com","actor_via_sso":false,"log_type":"token"}', '2025-07-29 02:10:49.112034+00', ''),
	('00000000-0000-0000-0000-000000000000', 'dea83fe9-4461-45e5-8064-fc570918152f', '{"action":"token_refreshed","actor_id":"b25009df-279b-4a86-a655-992ed6f56a9f","actor_name":"-두호杜怙","actor_username":"5rnlrhdwk@gmail.com","actor_via_sso":false,"log_type":"token"}', '2025-07-29 02:21:51.82468+00', ''),
	('00000000-0000-0000-0000-000000000000', '0fb33ec4-8c7b-458a-9e19-0ddf21a86f99', '{"action":"token_revoked","actor_id":"b25009df-279b-4a86-a655-992ed6f56a9f","actor_name":"-두호杜怙","actor_username":"5rnlrhdwk@gmail.com","actor_via_sso":false,"log_type":"token"}', '2025-07-29 02:21:51.825696+00', ''),
	('00000000-0000-0000-0000-000000000000', 'e3da920b-ef41-40a2-9083-12a3e59d1138', '{"action":"token_refreshed","actor_id":"c2942a81-1563-4150-99f8-ab6435e7b47b","actor_username":"bishi2222@naver.com","actor_via_sso":false,"log_type":"token"}', '2025-07-29 03:13:08.760747+00', ''),
	('00000000-0000-0000-0000-000000000000', 'c8e27f39-82d8-4474-ba6a-591aa7150419', '{"action":"token_revoked","actor_id":"c2942a81-1563-4150-99f8-ab6435e7b47b","actor_username":"bishi2222@naver.com","actor_via_sso":false,"log_type":"token"}', '2025-07-29 03:13:08.761605+00', ''),
	('00000000-0000-0000-0000-000000000000', 'b3a7032f-5fd0-4a2b-a4a1-173e3c5822fb', '{"action":"token_refreshed","actor_id":"c2942a81-1563-4150-99f8-ab6435e7b47b","actor_username":"bishi2222@naver.com","actor_via_sso":false,"log_type":"token"}', '2025-07-29 04:11:22.327709+00', ''),
	('00000000-0000-0000-0000-000000000000', 'cddaa9ba-66c2-4865-b5fc-2ae4bd6632a8', '{"action":"token_revoked","actor_id":"c2942a81-1563-4150-99f8-ab6435e7b47b","actor_username":"bishi2222@naver.com","actor_via_sso":false,"log_type":"token"}', '2025-07-29 04:11:22.328673+00', ''),
	('00000000-0000-0000-0000-000000000000', 'a60ea655-9dc3-4226-87cc-b38680663a08', '{"action":"token_refreshed","actor_id":"c2942a81-1563-4150-99f8-ab6435e7b47b","actor_username":"bishi2222@naver.com","actor_via_sso":false,"log_type":"token"}', '2025-07-29 05:15:52.161701+00', ''),
	('00000000-0000-0000-0000-000000000000', '88723c45-20f1-4382-bf17-c4ecc925605f', '{"action":"token_revoked","actor_id":"c2942a81-1563-4150-99f8-ab6435e7b47b","actor_username":"bishi2222@naver.com","actor_via_sso":false,"log_type":"token"}', '2025-07-29 05:15:52.162499+00', ''),
	('00000000-0000-0000-0000-000000000000', '5eda48f0-9624-4cd1-9768-94d9122dd6a5', '{"action":"token_refreshed","actor_id":"c2942a81-1563-4150-99f8-ab6435e7b47b","actor_username":"bishi2222@naver.com","actor_via_sso":false,"log_type":"token"}', '2025-07-29 05:15:52.559633+00', ''),
	('00000000-0000-0000-0000-000000000000', '71134b99-fab9-4dbf-a91a-ed4b3b9e09c3', '{"action":"token_refreshed","actor_id":"b25009df-279b-4a86-a655-992ed6f56a9f","actor_name":"-두호杜怙","actor_username":"5rnlrhdwk@gmail.com","actor_via_sso":false,"log_type":"token"}', '2025-07-29 06:00:00.255407+00', ''),
	('00000000-0000-0000-0000-000000000000', 'f6ae90f1-0aff-4baf-b94d-890603560ac8', '{"action":"token_revoked","actor_id":"b25009df-279b-4a86-a655-992ed6f56a9f","actor_name":"-두호杜怙","actor_username":"5rnlrhdwk@gmail.com","actor_via_sso":false,"log_type":"token"}', '2025-07-29 06:00:00.256369+00', ''),
	('00000000-0000-0000-0000-000000000000', '3f4eb5f3-79ed-49c9-96c8-e11b6e98beac', '{"action":"logout","actor_id":"b25009df-279b-4a86-a655-992ed6f56a9f","actor_name":"-두호杜怙","actor_username":"5rnlrhdwk@gmail.com","actor_via_sso":false,"log_type":"account"}', '2025-07-29 06:00:04.493076+00', ''),
	('00000000-0000-0000-0000-000000000000', '9baade4b-d0a8-4062-a64f-7b8701dc4d8f', '{"action":"login","actor_id":"c2942a81-1563-4150-99f8-ab6435e7b47b","actor_username":"bishi2222@naver.com","actor_via_sso":false,"log_type":"account","traits":{"provider":"email"}}', '2025-07-29 06:00:10.489635+00', ''),
	('00000000-0000-0000-0000-000000000000', '259fb273-3e4b-473b-b743-35dc5fd759d9', '{"action":"token_refreshed","actor_id":"c2942a81-1563-4150-99f8-ab6435e7b47b","actor_username":"bishi2222@naver.com","actor_via_sso":false,"log_type":"token"}', '2025-07-29 06:13:53.442881+00', ''),
	('00000000-0000-0000-0000-000000000000', '72ec3932-72db-4d5d-be77-5892bfb7c77d', '{"action":"token_revoked","actor_id":"c2942a81-1563-4150-99f8-ab6435e7b47b","actor_username":"bishi2222@naver.com","actor_via_sso":false,"log_type":"token"}', '2025-07-29 06:13:53.443721+00', ''),
	('00000000-0000-0000-0000-000000000000', 'bbb16949-b5b3-4741-9198-4829f59ed0c9', '{"action":"token_refreshed","actor_id":"c2942a81-1563-4150-99f8-ab6435e7b47b","actor_username":"bishi2222@naver.com","actor_via_sso":false,"log_type":"token"}', '2025-07-29 07:04:14.684667+00', ''),
	('00000000-0000-0000-0000-000000000000', 'e0b1185a-d078-415b-887d-ba8907b0aebc', '{"action":"token_revoked","actor_id":"c2942a81-1563-4150-99f8-ab6435e7b47b","actor_username":"bishi2222@naver.com","actor_via_sso":false,"log_type":"token"}', '2025-07-29 07:04:14.685564+00', ''),
	('00000000-0000-0000-0000-000000000000', '50c538a4-e9e6-43a8-9973-d341fe9c2732', '{"action":"token_refreshed","actor_id":"c2942a81-1563-4150-99f8-ab6435e7b47b","actor_username":"bishi2222@naver.com","actor_via_sso":false,"log_type":"token"}', '2025-07-29 07:13:43.218515+00', ''),
	('00000000-0000-0000-0000-000000000000', 'a2c7617f-f8cc-4e11-9b40-b43eefebf662', '{"action":"token_revoked","actor_id":"c2942a81-1563-4150-99f8-ab6435e7b47b","actor_username":"bishi2222@naver.com","actor_via_sso":false,"log_type":"token"}', '2025-07-29 07:13:43.21933+00', ''),
	('00000000-0000-0000-0000-000000000000', '38532b49-618d-4f26-a1ed-bcd6249a423c', '{"action":"logout","actor_id":"c2942a81-1563-4150-99f8-ab6435e7b47b","actor_username":"bishi2222@naver.com","actor_via_sso":false,"log_type":"account"}', '2025-07-29 07:14:10.320849+00', ''),
	('00000000-0000-0000-0000-000000000000', 'e3eb68dd-fed7-4701-9799-1a064dca6c04', '{"action":"login","actor_id":"c2942a81-1563-4150-99f8-ab6435e7b47b","actor_username":"bishi2222@naver.com","actor_via_sso":false,"log_type":"account","traits":{"provider":"email"}}', '2025-07-29 07:14:18.089675+00', ''),
	('00000000-0000-0000-0000-000000000000', '5d5f5818-1f6e-4291-bc84-9b4243e869fa', '{"action":"login","actor_id":"c2942a81-1563-4150-99f8-ab6435e7b47b","actor_username":"bishi2222@naver.com","actor_via_sso":false,"log_type":"account","traits":{"provider":"email"}}', '2025-07-29 07:25:48.775249+00', ''),
	('00000000-0000-0000-0000-000000000000', 'd6e2d436-2c97-4fac-bcfb-5eb3d24dc736', '{"action":"logout","actor_id":"c2942a81-1563-4150-99f8-ab6435e7b47b","actor_username":"bishi2222@naver.com","actor_via_sso":false,"log_type":"account"}', '2025-07-29 07:29:32.0372+00', ''),
	('00000000-0000-0000-0000-000000000000', '265585fc-d4d1-4dc6-81c2-78e5ba78bcbb', '{"action":"login","actor_id":"c2942a81-1563-4150-99f8-ab6435e7b47b","actor_username":"bishi2222@naver.com","actor_via_sso":false,"log_type":"account","traits":{"provider":"email"}}', '2025-07-29 07:30:46.457898+00', ''),
	('00000000-0000-0000-0000-000000000000', '67becdf0-7c2a-4c94-83b5-282092cf97c2', '{"action":"logout","actor_id":"c2942a81-1563-4150-99f8-ab6435e7b47b","actor_username":"bishi2222@naver.com","actor_via_sso":false,"log_type":"account"}', '2025-07-29 08:19:27.19015+00', ''),
	('00000000-0000-0000-0000-000000000000', '86ebc948-7f7b-407b-bfdc-727b5effd19b', '{"action":"login","actor_id":"c2942a81-1563-4150-99f8-ab6435e7b47b","actor_username":"bishi2222@naver.com","actor_via_sso":false,"log_type":"account","traits":{"provider":"email"}}', '2025-07-29 08:19:34.119688+00', ''),
	('00000000-0000-0000-0000-000000000000', 'b6256bf7-6971-48eb-86d7-a9aac16c76fc', '{"action":"login","actor_id":"c2942a81-1563-4150-99f8-ab6435e7b47b","actor_username":"bishi2222@naver.com","actor_via_sso":false,"log_type":"account","traits":{"provider":"email"}}', '2025-07-29 08:20:37.392806+00', ''),
	('00000000-0000-0000-0000-000000000000', '42a67298-28b7-4bff-be24-fd503f459341', '{"action":"logout","actor_id":"c2942a81-1563-4150-99f8-ab6435e7b47b","actor_username":"bishi2222@naver.com","actor_via_sso":false,"log_type":"account"}', '2025-07-29 08:32:52.082665+00', ''),
	('00000000-0000-0000-0000-000000000000', '1b09663f-13ea-47f6-818c-ea83f868e128', '{"action":"login","actor_id":"b25009df-279b-4a86-a655-992ed6f56a9f","actor_name":"-두호杜怙","actor_username":"5rnlrhdwk@gmail.com","actor_via_sso":false,"log_type":"account","traits":{"provider":"google"}}', '2025-07-29 08:32:59.25438+00', ''),
	('00000000-0000-0000-0000-000000000000', 'e27db130-f096-4167-8780-5b7cff9eca9d', '{"action":"login","actor_id":"b25009df-279b-4a86-a655-992ed6f56a9f","actor_name":"-두호杜怙","actor_username":"5rnlrhdwk@gmail.com","actor_via_sso":false,"log_type":"account","traits":{"provider_type":"google"}}', '2025-07-29 08:33:00.741842+00', ''),
	('00000000-0000-0000-0000-000000000000', '292d6715-3b1b-415a-868a-b9c9084aff83', '{"action":"logout","actor_id":"b25009df-279b-4a86-a655-992ed6f56a9f","actor_name":"-두호杜怙","actor_username":"5rnlrhdwk@gmail.com","actor_via_sso":false,"log_type":"account"}', '2025-07-29 08:51:15.629038+00', ''),
	('00000000-0000-0000-0000-000000000000', 'f173a11c-c226-4ec0-be33-bc77b3d2d8c6', '{"action":"login","actor_id":"c2942a81-1563-4150-99f8-ab6435e7b47b","actor_username":"bishi2222@naver.com","actor_via_sso":false,"log_type":"account","traits":{"provider":"email"}}', '2025-07-29 08:51:22.220512+00', ''),
	('00000000-0000-0000-0000-000000000000', '0c1ceffe-34a3-4ccc-96e2-8efe8179b3bb', '{"action":"logout","actor_id":"c2942a81-1563-4150-99f8-ab6435e7b47b","actor_username":"bishi2222@naver.com","actor_via_sso":false,"log_type":"account"}', '2025-07-29 09:09:14.540383+00', ''),
	('00000000-0000-0000-0000-000000000000', '87f4186f-d88d-4088-8b23-3aec539496a6', '{"action":"login","actor_id":"b25009df-279b-4a86-a655-992ed6f56a9f","actor_name":"-두호杜怙","actor_username":"5rnlrhdwk@gmail.com","actor_via_sso":false,"log_type":"account","traits":{"provider":"google"}}', '2025-07-29 09:09:19.514641+00', ''),
	('00000000-0000-0000-0000-000000000000', '94e662ac-239c-4b26-8c96-159bb1e85a4b', '{"action":"login","actor_id":"b25009df-279b-4a86-a655-992ed6f56a9f","actor_name":"-두호杜怙","actor_username":"5rnlrhdwk@gmail.com","actor_via_sso":false,"log_type":"account","traits":{"provider_type":"google"}}', '2025-07-29 09:09:20.807224+00', ''),
	('00000000-0000-0000-0000-000000000000', 'af27c6a4-3741-4625-bc82-dbd97bb7b06e', '{"action":"login","actor_id":"c2942a81-1563-4150-99f8-ab6435e7b47b","actor_username":"bishi2222@naver.com","actor_via_sso":false,"log_type":"account","traits":{"provider":"email"}}', '2025-07-30 03:07:39.544835+00', ''),
	('00000000-0000-0000-0000-000000000000', '54669183-ceb5-44a8-8919-3ee12c1cdecd', '{"action":"login","actor_id":"b25009df-279b-4a86-a655-992ed6f56a9f","actor_name":"-두호杜怙","actor_username":"5rnlrhdwk@gmail.com","actor_via_sso":false,"log_type":"account","traits":{"provider":"google"}}', '2025-07-29 09:09:27.398028+00', ''),
	('00000000-0000-0000-0000-000000000000', 'f524e156-41c1-4ed6-8ea8-c1eee4b2c971', '{"action":"login","actor_id":"b25009df-279b-4a86-a655-992ed6f56a9f","actor_name":"-두호杜怙","actor_username":"5rnlrhdwk@gmail.com","actor_via_sso":false,"log_type":"account","traits":{"provider_type":"google"}}', '2025-07-29 09:09:27.769101+00', ''),
	('00000000-0000-0000-0000-000000000000', '8b69d2fd-6138-4fcf-8453-f39f0dceaee2', '{"action":"login","actor_id":"b25009df-279b-4a86-a655-992ed6f56a9f","actor_name":"-두호杜怙","actor_username":"5rnlrhdwk@gmail.com","actor_via_sso":false,"log_type":"account","traits":{"provider":"google"}}', '2025-07-29 09:09:31.577821+00', ''),
	('00000000-0000-0000-0000-000000000000', '124d26fb-909a-4c41-a5cd-d51a4fcf7f3b', '{"action":"login","actor_id":"b25009df-279b-4a86-a655-992ed6f56a9f","actor_name":"-두호杜怙","actor_username":"5rnlrhdwk@gmail.com","actor_via_sso":false,"log_type":"account","traits":{"provider_type":"google"}}', '2025-07-29 09:09:31.943757+00', ''),
	('00000000-0000-0000-0000-000000000000', 'a090dc6e-b86b-41af-91e1-e7048c4963e8', '{"action":"login","actor_id":"b25009df-279b-4a86-a655-992ed6f56a9f","actor_name":"-두호杜怙","actor_username":"5rnlrhdwk@gmail.com","actor_via_sso":false,"log_type":"account","traits":{"provider":"google"}}', '2025-07-29 09:09:35.571586+00', ''),
	('00000000-0000-0000-0000-000000000000', '1e567467-1cc4-4cbd-8963-7e2cfacad440', '{"action":"login","actor_id":"b25009df-279b-4a86-a655-992ed6f56a9f","actor_name":"-두호杜怙","actor_username":"5rnlrhdwk@gmail.com","actor_via_sso":false,"log_type":"account","traits":{"provider_type":"google"}}', '2025-07-29 09:09:36.303247+00', ''),
	('00000000-0000-0000-0000-000000000000', 'f07ec55b-0d96-4be5-93e1-9a083398fe1d', '{"action":"logout","actor_id":"b25009df-279b-4a86-a655-992ed6f56a9f","actor_name":"-두호杜怙","actor_username":"5rnlrhdwk@gmail.com","actor_via_sso":false,"log_type":"account"}', '2025-07-29 09:09:46.346036+00', ''),
	('00000000-0000-0000-0000-000000000000', '7c8215de-487b-4cb2-b1e5-72400a0de4b9', '{"action":"login","actor_id":"b25009df-279b-4a86-a655-992ed6f56a9f","actor_name":"-두호杜怙","actor_username":"5rnlrhdwk@gmail.com","actor_via_sso":false,"log_type":"account","traits":{"provider":"google"}}', '2025-07-29 09:09:53.888109+00', ''),
	('00000000-0000-0000-0000-000000000000', '2141a3e6-89aa-4592-9568-03eeaf7923b1', '{"action":"login","actor_id":"b25009df-279b-4a86-a655-992ed6f56a9f","actor_name":"-두호杜怙","actor_username":"5rnlrhdwk@gmail.com","actor_via_sso":false,"log_type":"account","traits":{"provider_type":"google"}}', '2025-07-29 09:09:54.24495+00', ''),
	('00000000-0000-0000-0000-000000000000', '7921f03a-119d-4bfe-ae33-cc77dd8aa639', '{"action":"login","actor_id":"b25009df-279b-4a86-a655-992ed6f56a9f","actor_name":"-두호杜怙","actor_username":"5rnlrhdwk@gmail.com","actor_via_sso":false,"log_type":"account","traits":{"provider":"google"}}', '2025-07-29 09:09:59.270157+00', ''),
	('00000000-0000-0000-0000-000000000000', '11718fe3-fd60-492d-bc79-94bf740c8f1b', '{"action":"login","actor_id":"b25009df-279b-4a86-a655-992ed6f56a9f","actor_name":"-두호杜怙","actor_username":"5rnlrhdwk@gmail.com","actor_via_sso":false,"log_type":"account","traits":{"provider_type":"google"}}', '2025-07-29 09:09:59.603104+00', ''),
	('00000000-0000-0000-0000-000000000000', 'f708bcb0-a4c3-4640-8b0c-9c710c33d2a8', '{"action":"login","actor_id":"c2942a81-1563-4150-99f8-ab6435e7b47b","actor_username":"bishi2222@naver.com","actor_via_sso":false,"log_type":"account","traits":{"provider":"email"}}', '2025-07-29 09:33:18.716101+00', ''),
	('00000000-0000-0000-0000-000000000000', '18b71d62-9321-4ec6-aa61-c452c65c9eba', '{"action":"logout","actor_id":"c2942a81-1563-4150-99f8-ab6435e7b47b","actor_username":"bishi2222@naver.com","actor_via_sso":false,"log_type":"account"}', '2025-07-29 10:22:27.083077+00', ''),
	('00000000-0000-0000-0000-000000000000', '7685fc01-b898-4cc3-916a-3de5346c291f', '{"action":"token_refreshed","actor_id":"b25009df-279b-4a86-a655-992ed6f56a9f","actor_name":"-두호杜怙","actor_username":"5rnlrhdwk@gmail.com","actor_via_sso":false,"log_type":"token"}', '2025-07-29 10:27:58.766189+00', ''),
	('00000000-0000-0000-0000-000000000000', '655981e2-d3c3-41be-8c68-65cdca648382', '{"action":"token_revoked","actor_id":"b25009df-279b-4a86-a655-992ed6f56a9f","actor_name":"-두호杜怙","actor_username":"5rnlrhdwk@gmail.com","actor_via_sso":false,"log_type":"token"}', '2025-07-29 10:27:58.766978+00', ''),
	('00000000-0000-0000-0000-000000000000', 'b3252eb9-2248-45e5-98c2-2bd8bf7cadc7', '{"action":"token_refreshed","actor_id":"b25009df-279b-4a86-a655-992ed6f56a9f","actor_name":"-두호杜怙","actor_username":"5rnlrhdwk@gmail.com","actor_via_sso":false,"log_type":"token"}', '2025-07-29 11:45:23.909304+00', ''),
	('00000000-0000-0000-0000-000000000000', '280b1cd5-f59b-4296-a0a4-0f46ba923d22', '{"action":"token_revoked","actor_id":"b25009df-279b-4a86-a655-992ed6f56a9f","actor_name":"-두호杜怙","actor_username":"5rnlrhdwk@gmail.com","actor_via_sso":false,"log_type":"token"}', '2025-07-29 11:45:23.910207+00', ''),
	('00000000-0000-0000-0000-000000000000', 'c2e169a3-3826-4ba2-8b1e-4cc6bf63182b', '{"action":"login","actor_id":"c2942a81-1563-4150-99f8-ab6435e7b47b","actor_username":"bishi2222@naver.com","actor_via_sso":false,"log_type":"account","traits":{"provider":"email"}}', '2025-07-29 11:46:30.529093+00', ''),
	('00000000-0000-0000-0000-000000000000', '163f2340-7e8e-4340-b47d-40b6bcb2b0e5', '{"action":"logout","actor_id":"c2942a81-1563-4150-99f8-ab6435e7b47b","actor_username":"bishi2222@naver.com","actor_via_sso":false,"log_type":"account"}', '2025-07-29 11:57:13.66962+00', ''),
	('00000000-0000-0000-0000-000000000000', '36d84408-2874-4b12-9971-9695839ec295', '{"action":"login","actor_id":"12090a60-a97c-419d-898d-f0010838e0a2","actor_name":"김두호","actor_username":"dooho@duly.co.kr","actor_via_sso":false,"log_type":"account","traits":{"provider":"google"}}', '2025-07-30 01:43:58.287+00', ''),
	('00000000-0000-0000-0000-000000000000', '27d3626e-a3bb-4f55-9035-add49b1d9c01', '{"action":"login","actor_id":"c2942a81-1563-4150-99f8-ab6435e7b47b","actor_username":"bishi2222@naver.com","actor_via_sso":false,"log_type":"account","traits":{"provider":"email"}}', '2025-07-30 01:44:41.178881+00', ''),
	('00000000-0000-0000-0000-000000000000', 'fe808539-316b-4017-9dbb-0376c2abdf4c', '{"action":"logout","actor_id":"c2942a81-1563-4150-99f8-ab6435e7b47b","actor_username":"bishi2222@naver.com","actor_via_sso":false,"log_type":"account"}', '2025-07-30 01:45:15.287628+00', ''),
	('00000000-0000-0000-0000-000000000000', '78a0f2b2-a025-4e2a-8830-7fc820595907', '{"action":"login","actor_id":"c2942a81-1563-4150-99f8-ab6435e7b47b","actor_username":"bishi2222@naver.com","actor_via_sso":false,"log_type":"account","traits":{"provider":"email"}}', '2025-07-30 01:45:40.356187+00', ''),
	('00000000-0000-0000-0000-000000000000', '039cf7d0-bf62-4d30-89e8-cd0a3f7e0951', '{"action":"logout","actor_id":"c2942a81-1563-4150-99f8-ab6435e7b47b","actor_username":"bishi2222@naver.com","actor_via_sso":false,"log_type":"account"}', '2025-07-30 01:47:35.584442+00', ''),
	('00000000-0000-0000-0000-000000000000', '37b95d55-0f40-459c-9e45-94648973c040', '{"action":"login","actor_id":"b25009df-279b-4a86-a655-992ed6f56a9f","actor_name":"-두호杜怙","actor_username":"5rnlrhdwk@gmail.com","actor_via_sso":false,"log_type":"account","traits":{"provider":"google"}}', '2025-07-30 02:51:59.10088+00', ''),
	('00000000-0000-0000-0000-000000000000', 'd265bd8c-85b9-43ca-9cc4-197f3ee070dd', '{"action":"token_refreshed","actor_id":"b25009df-279b-4a86-a655-992ed6f56a9f","actor_name":"-두호杜怙","actor_username":"5rnlrhdwk@gmail.com","actor_via_sso":false,"log_type":"token"}', '2025-07-30 02:52:00.339751+00', ''),
	('00000000-0000-0000-0000-000000000000', 'a925810b-5ce9-4080-a759-9925d84ec570', '{"action":"token_revoked","actor_id":"b25009df-279b-4a86-a655-992ed6f56a9f","actor_name":"-두호杜怙","actor_username":"5rnlrhdwk@gmail.com","actor_via_sso":false,"log_type":"token"}', '2025-07-30 02:52:00.340356+00', ''),
	('00000000-0000-0000-0000-000000000000', '20e4cbd3-97ba-4d73-ad2f-f11502485b94', '{"action":"login","actor_id":"c2942a81-1563-4150-99f8-ab6435e7b47b","actor_username":"bishi2222@naver.com","actor_via_sso":false,"log_type":"account","traits":{"provider":"email"}}', '2025-07-30 03:06:36.478957+00', ''),
	('00000000-0000-0000-0000-000000000000', '9e15d766-2709-4f4d-af25-7c43598869a6', '{"action":"logout","actor_id":"c2942a81-1563-4150-99f8-ab6435e7b47b","actor_username":"bishi2222@naver.com","actor_via_sso":false,"log_type":"account"}', '2025-07-30 03:06:45.322126+00', ''),
	('00000000-0000-0000-0000-000000000000', 'b8a566b9-46be-450e-bc0a-a93474beee32', '{"action":"login","actor_id":"c2942a81-1563-4150-99f8-ab6435e7b47b","actor_username":"bishi2222@naver.com","actor_via_sso":false,"log_type":"account","traits":{"provider":"email"}}', '2025-07-30 03:06:52.846488+00', ''),
	('00000000-0000-0000-0000-000000000000', 'cb249dba-969d-4bbe-a0ae-daaaa9789998', '{"action":"logout","actor_id":"c2942a81-1563-4150-99f8-ab6435e7b47b","actor_username":"bishi2222@naver.com","actor_via_sso":false,"log_type":"account"}', '2025-07-30 03:07:51.481574+00', ''),
	('00000000-0000-0000-0000-000000000000', 'dce5cdfc-1c32-4734-b39c-708ef4421ccd', '{"action":"login","actor_id":"c2942a81-1563-4150-99f8-ab6435e7b47b","actor_username":"bishi2222@naver.com","actor_via_sso":false,"log_type":"account","traits":{"provider":"email"}}', '2025-07-30 03:07:59.975051+00', ''),
	('00000000-0000-0000-0000-000000000000', '41609ff8-66cb-4364-b60d-559b468a6f9b', '{"action":"logout","actor_id":"c2942a81-1563-4150-99f8-ab6435e7b47b","actor_username":"bishi2222@naver.com","actor_via_sso":false,"log_type":"account"}', '2025-07-30 03:11:18.678175+00', ''),
	('00000000-0000-0000-0000-000000000000', '503323de-1357-47c2-a6b1-10d45a146ce7', '{"action":"login","actor_id":"c2942a81-1563-4150-99f8-ab6435e7b47b","actor_username":"bishi2222@naver.com","actor_via_sso":false,"log_type":"account","traits":{"provider":"email"}}', '2025-07-30 03:11:27.817355+00', ''),
	('00000000-0000-0000-0000-000000000000', 'f17b853c-95f1-4f30-8d1d-aa1d4f2b1c14', '{"action":"logout","actor_id":"c2942a81-1563-4150-99f8-ab6435e7b47b","actor_username":"bishi2222@naver.com","actor_via_sso":false,"log_type":"account"}', '2025-07-30 03:11:53.924611+00', ''),
	('00000000-0000-0000-0000-000000000000', 'f3d5df73-9f0b-4d86-a73b-ba69a3a1c9ad', '{"action":"login","actor_id":"c2942a81-1563-4150-99f8-ab6435e7b47b","actor_username":"bishi2222@naver.com","actor_via_sso":false,"log_type":"account","traits":{"provider":"email"}}', '2025-07-30 03:12:01.613034+00', ''),
	('00000000-0000-0000-0000-000000000000', 'e5546cc8-b8ac-40eb-ac3c-f8666f8b139f', '{"action":"logout","actor_id":"c2942a81-1563-4150-99f8-ab6435e7b47b","actor_username":"bishi2222@naver.com","actor_via_sso":false,"log_type":"account"}', '2025-07-30 03:12:06.501343+00', ''),
	('00000000-0000-0000-0000-000000000000', '51508909-53e6-449a-8bfe-43eff5ae33cd', '{"action":"login","actor_id":"c2942a81-1563-4150-99f8-ab6435e7b47b","actor_username":"bishi2222@naver.com","actor_via_sso":false,"log_type":"account","traits":{"provider":"email"}}', '2025-07-30 03:13:05.280956+00', ''),
	('00000000-0000-0000-0000-000000000000', 'afec2e32-8e49-4d2b-a112-31ad281ed180', '{"action":"logout","actor_id":"c2942a81-1563-4150-99f8-ab6435e7b47b","actor_username":"bishi2222@naver.com","actor_via_sso":false,"log_type":"account"}', '2025-07-30 03:16:18.396753+00', ''),
	('00000000-0000-0000-0000-000000000000', '843d952d-7441-45ca-ac3b-3a37f4800bc0', '{"action":"login","actor_id":"c2942a81-1563-4150-99f8-ab6435e7b47b","actor_username":"bishi2222@naver.com","actor_via_sso":false,"log_type":"account","traits":{"provider":"email"}}', '2025-07-30 03:16:27.584303+00', ''),
	('00000000-0000-0000-0000-000000000000', 'ce66fc8b-a6fd-4194-b417-104560c0bcc2', '{"action":"logout","actor_id":"c2942a81-1563-4150-99f8-ab6435e7b47b","actor_username":"bishi2222@naver.com","actor_via_sso":false,"log_type":"account"}', '2025-07-30 03:25:53.849174+00', ''),
	('00000000-0000-0000-0000-000000000000', '33ef8791-303b-47ba-87ec-cc9273160fab', '{"action":"login","actor_id":"c2942a81-1563-4150-99f8-ab6435e7b47b","actor_username":"bishi2222@naver.com","actor_via_sso":false,"log_type":"account","traits":{"provider":"email"}}', '2025-07-30 03:27:17.926384+00', ''),
	('00000000-0000-0000-0000-000000000000', '67bb16d4-313a-46a8-9510-08106a3cb507', '{"action":"logout","actor_id":"c2942a81-1563-4150-99f8-ab6435e7b47b","actor_username":"bishi2222@naver.com","actor_via_sso":false,"log_type":"account"}', '2025-07-30 03:27:26.919408+00', ''),
	('00000000-0000-0000-0000-000000000000', '0458cf41-c6d5-4c25-9c91-bbdb2b45be4e', '{"action":"login","actor_id":"c2942a81-1563-4150-99f8-ab6435e7b47b","actor_username":"bishi2222@naver.com","actor_via_sso":false,"log_type":"account","traits":{"provider":"email"}}', '2025-07-30 03:27:36.601339+00', ''),
	('00000000-0000-0000-0000-000000000000', 'c6c501d9-e93b-42e8-9637-a4f29923ff53', '{"action":"logout","actor_id":"c2942a81-1563-4150-99f8-ab6435e7b47b","actor_username":"bishi2222@naver.com","actor_via_sso":false,"log_type":"account"}', '2025-07-30 03:33:18.761465+00', ''),
	('00000000-0000-0000-0000-000000000000', 'b8171236-2764-4d66-9cc1-024bfb6dd535', '{"action":"login","actor_id":"c2942a81-1563-4150-99f8-ab6435e7b47b","actor_username":"bishi2222@naver.com","actor_via_sso":false,"log_type":"account","traits":{"provider":"email"}}', '2025-07-30 03:33:31.956459+00', ''),
	('00000000-0000-0000-0000-000000000000', '7f02cabe-7300-4df1-9be7-efabae554bc0', '{"action":"logout","actor_id":"c2942a81-1563-4150-99f8-ab6435e7b47b","actor_username":"bishi2222@naver.com","actor_via_sso":false,"log_type":"account"}', '2025-07-30 03:34:02.629486+00', ''),
	('00000000-0000-0000-0000-000000000000', '7b624868-95c6-4b8b-b764-24ceb2f04407', '{"action":"login","actor_id":"c2942a81-1563-4150-99f8-ab6435e7b47b","actor_username":"bishi2222@naver.com","actor_via_sso":false,"log_type":"account","traits":{"provider":"email"}}', '2025-07-30 03:34:10.803841+00', ''),
	('00000000-0000-0000-0000-000000000000', '27b077b3-0180-40e7-a4f8-e0eaefba600d', '{"action":"logout","actor_id":"c2942a81-1563-4150-99f8-ab6435e7b47b","actor_username":"bishi2222@naver.com","actor_via_sso":false,"log_type":"account"}', '2025-07-30 03:34:33.752637+00', ''),
	('00000000-0000-0000-0000-000000000000', '8f643ea0-511e-4e0b-89b6-ae9f96fadaa0', '{"action":"login","actor_id":"c2942a81-1563-4150-99f8-ab6435e7b47b","actor_username":"bishi2222@naver.com","actor_via_sso":false,"log_type":"account","traits":{"provider":"email"}}', '2025-07-30 03:34:39.678153+00', ''),
	('00000000-0000-0000-0000-000000000000', 'bae0e925-aa0d-409a-bc26-60f6a3d082c2', '{"action":"logout","actor_id":"c2942a81-1563-4150-99f8-ab6435e7b47b","actor_username":"bishi2222@naver.com","actor_via_sso":false,"log_type":"account"}', '2025-07-30 03:39:08.122034+00', ''),
	('00000000-0000-0000-0000-000000000000', '4be260f3-e996-4e61-ad8e-00f20c8c2229', '{"action":"login","actor_id":"c2942a81-1563-4150-99f8-ab6435e7b47b","actor_username":"bishi2222@naver.com","actor_via_sso":false,"log_type":"account","traits":{"provider":"email"}}', '2025-07-30 03:39:15.84922+00', ''),
	('00000000-0000-0000-0000-000000000000', '3b1a1125-28cf-4708-ae10-8bb77c2d5648', '{"action":"logout","actor_id":"c2942a81-1563-4150-99f8-ab6435e7b47b","actor_username":"bishi2222@naver.com","actor_via_sso":false,"log_type":"account"}', '2025-07-30 03:39:29.121495+00', ''),
	('00000000-0000-0000-0000-000000000000', '81e1dd07-1f1a-49e2-8bac-654e46291c8c', '{"action":"login","actor_id":"c2942a81-1563-4150-99f8-ab6435e7b47b","actor_username":"bishi2222@naver.com","actor_via_sso":false,"log_type":"account","traits":{"provider":"email"}}', '2025-07-30 03:41:02.281793+00', ''),
	('00000000-0000-0000-0000-000000000000', 'd3390491-7043-49f6-96af-340de87db0ec', '{"action":"logout","actor_id":"c2942a81-1563-4150-99f8-ab6435e7b47b","actor_username":"bishi2222@naver.com","actor_via_sso":false,"log_type":"account"}', '2025-07-30 03:45:04.92072+00', ''),
	('00000000-0000-0000-0000-000000000000', '0cf87bbb-7b27-450a-94b7-387c3702a86e', '{"action":"login","actor_id":"c2942a81-1563-4150-99f8-ab6435e7b47b","actor_username":"bishi2222@naver.com","actor_via_sso":false,"log_type":"account","traits":{"provider":"email"}}', '2025-07-30 03:47:14.459785+00', ''),
	('00000000-0000-0000-0000-000000000000', '1c5b5be3-8f7d-4db1-b53b-819cf61204aa', '{"action":"login","actor_id":"c2942a81-1563-4150-99f8-ab6435e7b47b","actor_username":"bishi2222@naver.com","actor_via_sso":false,"log_type":"account","traits":{"provider":"email"}}', '2025-07-30 03:47:53.666039+00', ''),
	('00000000-0000-0000-0000-000000000000', '0ed8b849-94e3-4d26-873d-48a9f8d60877', '{"action":"login","actor_id":"c2942a81-1563-4150-99f8-ab6435e7b47b","actor_username":"bishi2222@naver.com","actor_via_sso":false,"log_type":"account","traits":{"provider":"email"}}', '2025-07-30 03:48:29.279682+00', ''),
	('00000000-0000-0000-0000-000000000000', 'ed0fd8ef-f6c3-4ac2-ad75-ca896e876f09', '{"action":"login","actor_id":"c2942a81-1563-4150-99f8-ab6435e7b47b","actor_username":"bishi2222@naver.com","actor_via_sso":false,"log_type":"account","traits":{"provider":"email"}}', '2025-07-30 03:48:53.771638+00', ''),
	('00000000-0000-0000-0000-000000000000', '77cac093-7562-4d28-b55c-5fd9cd5ead22', '{"action":"login","actor_id":"c2942a81-1563-4150-99f8-ab6435e7b47b","actor_username":"bishi2222@naver.com","actor_via_sso":false,"log_type":"account","traits":{"provider":"email"}}', '2025-07-30 03:50:04.378218+00', ''),
	('00000000-0000-0000-0000-000000000000', 'ccd9548b-7129-4cd1-916f-2bcd36da3eaa', '{"action":"login","actor_id":"c2942a81-1563-4150-99f8-ab6435e7b47b","actor_username":"bishi2222@naver.com","actor_via_sso":false,"log_type":"account","traits":{"provider":"email"}}', '2025-07-30 04:01:29.668507+00', ''),
	('00000000-0000-0000-0000-000000000000', '67158abd-620d-47ae-ad51-20c6eb080370', '{"action":"logout","actor_id":"c2942a81-1563-4150-99f8-ab6435e7b47b","actor_username":"bishi2222@naver.com","actor_via_sso":false,"log_type":"account"}', '2025-07-30 04:01:39.40772+00', ''),
	('00000000-0000-0000-0000-000000000000', '67ea034f-e614-4023-abde-33cf66eb90b7', '{"action":"login","actor_id":"c2942a81-1563-4150-99f8-ab6435e7b47b","actor_username":"bishi2222@naver.com","actor_via_sso":false,"log_type":"account","traits":{"provider":"email"}}', '2025-07-30 04:02:25.314365+00', ''),
	('00000000-0000-0000-0000-000000000000', 'fe0cf725-ec55-47aa-9f7c-d78c103fa3f5', '{"action":"login","actor_id":"c2942a81-1563-4150-99f8-ab6435e7b47b","actor_username":"bishi2222@naver.com","actor_via_sso":false,"log_type":"account","traits":{"provider":"email"}}', '2025-07-30 04:17:14.175326+00', ''),
	('00000000-0000-0000-0000-000000000000', '79511680-b24e-4262-aed3-3828d958f9c2', '{"action":"logout","actor_id":"c2942a81-1563-4150-99f8-ab6435e7b47b","actor_username":"bishi2222@naver.com","actor_via_sso":false,"log_type":"account"}', '2025-07-30 04:18:26.182082+00', ''),
	('00000000-0000-0000-0000-000000000000', 'bb85a100-fff1-44a9-a6b3-6784aec56b08', '{"action":"login","actor_id":"c2942a81-1563-4150-99f8-ab6435e7b47b","actor_username":"bishi2222@naver.com","actor_via_sso":false,"log_type":"account","traits":{"provider":"email"}}', '2025-07-30 04:49:55.121725+00', ''),
	('00000000-0000-0000-0000-000000000000', '935f9694-cedf-4cce-8f99-80c2eb99a35f', '{"action":"login","actor_id":"c2942a81-1563-4150-99f8-ab6435e7b47b","actor_username":"bishi2222@naver.com","actor_via_sso":false,"log_type":"account","traits":{"provider":"email"}}', '2025-07-30 04:58:15.43353+00', ''),
	('00000000-0000-0000-0000-000000000000', '7d71e9c5-145c-4ca6-84ba-54dc94054823', '{"action":"logout","actor_id":"c2942a81-1563-4150-99f8-ab6435e7b47b","actor_username":"bishi2222@naver.com","actor_via_sso":false,"log_type":"account"}', '2025-07-30 04:59:02.637225+00', ''),
	('00000000-0000-0000-0000-000000000000', 'ea122c64-b2b4-4ab5-aa48-c83cff8c8b11', '{"action":"login","actor_id":"c2942a81-1563-4150-99f8-ab6435e7b47b","actor_username":"bishi2222@naver.com","actor_via_sso":false,"log_type":"account","traits":{"provider":"email"}}', '2025-07-30 05:24:01.694002+00', ''),
	('00000000-0000-0000-0000-000000000000', 'af94950f-034c-4f61-9fa8-aff0ba9a1702', '{"action":"logout","actor_id":"c2942a81-1563-4150-99f8-ab6435e7b47b","actor_username":"bishi2222@naver.com","actor_via_sso":false,"log_type":"account"}', '2025-07-30 05:26:31.000773+00', ''),
	('00000000-0000-0000-0000-000000000000', 'f3952c9f-8baf-421a-a457-2218f242f700', '{"action":"login","actor_id":"b25009df-279b-4a86-a655-992ed6f56a9f","actor_name":"-두호杜怙","actor_username":"5rnlrhdwk@gmail.com","actor_via_sso":false,"log_type":"account","traits":{"provider":"google"}}', '2025-07-30 05:32:33.587216+00', ''),
	('00000000-0000-0000-0000-000000000000', '6fb61f1a-bc18-428e-a3e8-4a740830aac1', '{"action":"login","actor_id":"b25009df-279b-4a86-a655-992ed6f56a9f","actor_name":"-두호杜怙","actor_username":"5rnlrhdwk@gmail.com","actor_via_sso":false,"log_type":"account","traits":{"provider":"google"}}', '2025-07-30 05:33:54.637754+00', ''),
	('00000000-0000-0000-0000-000000000000', '07c7319c-47ef-461a-b634-fc4bc0dcf7cf', '{"action":"login","actor_id":"b25009df-279b-4a86-a655-992ed6f56a9f","actor_name":"-두호杜怙","actor_username":"5rnlrhdwk@gmail.com","actor_via_sso":false,"log_type":"account","traits":{"provider_type":"google"}}', '2025-07-30 05:33:56.553504+00', ''),
	('00000000-0000-0000-0000-000000000000', 'a3b68a44-f269-4a11-b3d9-5e9e05be9fc2', '{"action":"login","actor_id":"b25009df-279b-4a86-a655-992ed6f56a9f","actor_name":"-두호杜怙","actor_username":"5rnlrhdwk@gmail.com","actor_via_sso":false,"log_type":"account","traits":{"provider":"google"}}', '2025-07-30 05:34:17.790948+00', ''),
	('00000000-0000-0000-0000-000000000000', 'b0d803a6-43e4-4438-ab3e-0c4ceccf065b', '{"action":"login","actor_id":"b25009df-279b-4a86-a655-992ed6f56a9f","actor_name":"-두호杜怙","actor_username":"5rnlrhdwk@gmail.com","actor_via_sso":false,"log_type":"account","traits":{"provider_type":"google"}}', '2025-07-30 05:34:18.295771+00', ''),
	('00000000-0000-0000-0000-000000000000', '8022fbe8-a623-452f-ae5b-869592cca828', '{"action":"login","actor_id":"1b9a5015-5607-47b7-89d7-ac9a121ea228","actor_name":"김두호","actor_username":"bishi222@nate.com","actor_via_sso":false,"log_type":"account","traits":{"provider":"kakao"}}', '2025-07-30 05:34:50.577898+00', ''),
	('00000000-0000-0000-0000-000000000000', '270a7e7b-5eae-46eb-81ee-d5112c1594aa', '{"action":"login","actor_id":"1b9a5015-5607-47b7-89d7-ac9a121ea228","actor_name":"김두호","actor_username":"bishi222@nate.com","actor_via_sso":false,"log_type":"account","traits":{"provider_type":"kakao"}}', '2025-07-30 05:34:51.13026+00', ''),
	('00000000-0000-0000-0000-000000000000', 'c62fb0d5-5c3f-450d-8e8c-c3fe3874c055', '{"action":"logout","actor_id":"1b9a5015-5607-47b7-89d7-ac9a121ea228","actor_name":"김두호","actor_username":"bishi222@nate.com","actor_via_sso":false,"log_type":"account"}', '2025-07-30 05:39:37.438382+00', ''),
	('00000000-0000-0000-0000-000000000000', 'ae5e63a3-417f-4ae4-9204-76c318c0b4da', '{"action":"login","actor_id":"b25009df-279b-4a86-a655-992ed6f56a9f","actor_name":"-두호杜怙","actor_username":"5rnlrhdwk@gmail.com","actor_via_sso":false,"log_type":"account","traits":{"provider":"google"}}', '2025-07-30 05:41:47.178161+00', ''),
	('00000000-0000-0000-0000-000000000000', '07a95974-581c-4ee0-9baa-34598e4fca26', '{"action":"login","actor_id":"b25009df-279b-4a86-a655-992ed6f56a9f","actor_name":"-두호杜怙","actor_username":"5rnlrhdwk@gmail.com","actor_via_sso":false,"log_type":"account","traits":{"provider_type":"google"}}', '2025-07-30 05:41:47.706712+00', ''),
	('00000000-0000-0000-0000-000000000000', '70384b31-c5e3-4997-8c25-5245b5e7b358', '{"action":"logout","actor_id":"b25009df-279b-4a86-a655-992ed6f56a9f","actor_name":"-두호杜怙","actor_username":"5rnlrhdwk@gmail.com","actor_via_sso":false,"log_type":"account"}', '2025-07-30 05:42:23.008868+00', ''),
	('00000000-0000-0000-0000-000000000000', '89fd827d-1d7c-4990-95d7-919eeef35206', '{"action":"login","actor_id":"12090a60-a97c-419d-898d-f0010838e0a2","actor_name":"김두호","actor_username":"dooho@duly.co.kr","actor_via_sso":false,"log_type":"account","traits":{"provider":"google"}}', '2025-07-30 05:43:20.115095+00', ''),
	('00000000-0000-0000-0000-000000000000', '7154c6a3-1106-4a16-b4e9-e6b9a3f528c1', '{"action":"login","actor_id":"12090a60-a97c-419d-898d-f0010838e0a2","actor_name":"김두호","actor_username":"dooho@duly.co.kr","actor_via_sso":false,"log_type":"account","traits":{"provider_type":"google"}}', '2025-07-30 05:43:21.230299+00', ''),
	('00000000-0000-0000-0000-000000000000', 'e95d8428-9575-4403-a5c7-4ac2f3d7c3f0', '{"action":"login","actor_id":"b25009df-279b-4a86-a655-992ed6f56a9f","actor_name":"-두호杜怙","actor_username":"5rnlrhdwk@gmail.com","actor_via_sso":false,"log_type":"account","traits":{"provider":"google"}}', '2025-07-30 05:52:59.749694+00', ''),
	('00000000-0000-0000-0000-000000000000', '83ec4f5f-c604-4d45-bd09-20eaf3a77f30', '{"action":"login","actor_id":"b25009df-279b-4a86-a655-992ed6f56a9f","actor_name":"-두호杜怙","actor_username":"5rnlrhdwk@gmail.com","actor_via_sso":false,"log_type":"account","traits":{"provider_type":"google"}}', '2025-07-30 05:53:00.711111+00', ''),
	('00000000-0000-0000-0000-000000000000', '93c8b7a4-3719-41c4-b619-a9336869e5fe', '{"action":"logout","actor_id":"b25009df-279b-4a86-a655-992ed6f56a9f","actor_name":"-두호杜怙","actor_username":"5rnlrhdwk@gmail.com","actor_via_sso":false,"log_type":"account"}', '2025-07-30 05:56:43.330699+00', ''),
	('00000000-0000-0000-0000-000000000000', 'b50e5173-b7ce-4308-890d-b37d58acb076', '{"action":"login","actor_id":"b25009df-279b-4a86-a655-992ed6f56a9f","actor_name":"-두호杜怙","actor_username":"5rnlrhdwk@gmail.com","actor_via_sso":false,"log_type":"account","traits":{"provider":"google"}}', '2025-07-30 05:56:47.926224+00', ''),
	('00000000-0000-0000-0000-000000000000', '44cb4f8b-3c32-449e-a30d-63a604b94fc4', '{"action":"login","actor_id":"b25009df-279b-4a86-a655-992ed6f56a9f","actor_name":"-두호杜怙","actor_username":"5rnlrhdwk@gmail.com","actor_via_sso":false,"log_type":"account","traits":{"provider_type":"google"}}', '2025-07-30 05:56:48.407006+00', ''),
	('00000000-0000-0000-0000-000000000000', '7d14eaf4-8e25-49de-9fd2-efd59a1ba28a', '{"action":"login","actor_id":"b25009df-279b-4a86-a655-992ed6f56a9f","actor_name":"-두호杜怙","actor_username":"5rnlrhdwk@gmail.com","actor_via_sso":false,"log_type":"account","traits":{"provider":"google"}}', '2025-07-30 05:57:07.673805+00', ''),
	('00000000-0000-0000-0000-000000000000', '52103946-9b3d-4847-8225-2f2a7fe53793', '{"action":"login","actor_id":"b25009df-279b-4a86-a655-992ed6f56a9f","actor_name":"-두호杜怙","actor_username":"5rnlrhdwk@gmail.com","actor_via_sso":false,"log_type":"account","traits":{"provider_type":"google"}}', '2025-07-30 05:57:08.392769+00', ''),
	('00000000-0000-0000-0000-000000000000', '5b3a9a80-f869-4129-8405-f8317623e6bb', '{"action":"logout","actor_id":"b25009df-279b-4a86-a655-992ed6f56a9f","actor_name":"-두호杜怙","actor_username":"5rnlrhdwk@gmail.com","actor_via_sso":false,"log_type":"account"}', '2025-07-30 05:58:01.142268+00', ''),
	('00000000-0000-0000-0000-000000000000', '628bf3db-bc65-4aa1-8073-754589e4cec3', '{"action":"login","actor_id":"b25009df-279b-4a86-a655-992ed6f56a9f","actor_name":"-두호杜怙","actor_username":"5rnlrhdwk@gmail.com","actor_via_sso":false,"log_type":"account","traits":{"provider":"google"}}', '2025-07-30 05:58:05.823095+00', ''),
	('00000000-0000-0000-0000-000000000000', '67d11f0d-f7f7-4cb1-a597-2fc5894bcc5c', '{"action":"login","actor_id":"b25009df-279b-4a86-a655-992ed6f56a9f","actor_name":"-두호杜怙","actor_username":"5rnlrhdwk@gmail.com","actor_via_sso":false,"log_type":"account","traits":{"provider_type":"google"}}', '2025-07-30 05:58:06.298411+00', ''),
	('00000000-0000-0000-0000-000000000000', '94a4f26c-e4a8-4c2d-9744-6d6c9ec5201b', '{"action":"logout","actor_id":"b25009df-279b-4a86-a655-992ed6f56a9f","actor_name":"-두호杜怙","actor_username":"5rnlrhdwk@gmail.com","actor_via_sso":false,"log_type":"account"}', '2025-07-30 05:58:47.971574+00', ''),
	('00000000-0000-0000-0000-000000000000', '616d0657-af97-43cf-a985-f9062df9ea82', '{"action":"login","actor_id":"b25009df-279b-4a86-a655-992ed6f56a9f","actor_name":"-두호杜怙","actor_username":"5rnlrhdwk@gmail.com","actor_via_sso":false,"log_type":"account","traits":{"provider":"google"}}', '2025-07-30 05:58:55.675111+00', ''),
	('00000000-0000-0000-0000-000000000000', '9c54bafd-9018-49a3-9804-b7212551abd9', '{"action":"login","actor_id":"b25009df-279b-4a86-a655-992ed6f56a9f","actor_name":"-두호杜怙","actor_username":"5rnlrhdwk@gmail.com","actor_via_sso":false,"log_type":"account","traits":{"provider_type":"google"}}', '2025-07-30 05:58:56.169314+00', ''),
	('00000000-0000-0000-0000-000000000000', '650598e6-1144-4a84-9a32-ca561b59b6ac', '{"action":"login","actor_id":"b25009df-279b-4a86-a655-992ed6f56a9f","actor_name":"-두호杜怙","actor_username":"5rnlrhdwk@gmail.com","actor_via_sso":false,"log_type":"account","traits":{"provider":"google"}}', '2025-07-30 05:59:02.844159+00', ''),
	('00000000-0000-0000-0000-000000000000', '9b7ecff8-cdcb-484e-9678-aa562b55e096', '{"action":"login","actor_id":"b25009df-279b-4a86-a655-992ed6f56a9f","actor_name":"-두호杜怙","actor_username":"5rnlrhdwk@gmail.com","actor_via_sso":false,"log_type":"account","traits":{"provider_type":"google"}}', '2025-07-30 05:59:03.576727+00', ''),
	('00000000-0000-0000-0000-000000000000', '658ac042-5c80-479e-97fa-e7720b546cb7', '{"action":"logout","actor_id":"b25009df-279b-4a86-a655-992ed6f56a9f","actor_name":"-두호杜怙","actor_username":"5rnlrhdwk@gmail.com","actor_via_sso":false,"log_type":"account"}', '2025-07-30 06:04:07.676561+00', ''),
	('00000000-0000-0000-0000-000000000000', '7386fe07-51d9-4c04-aef8-7176f2f8ef07', '{"action":"login","actor_id":"b25009df-279b-4a86-a655-992ed6f56a9f","actor_name":"-두호杜怙","actor_username":"5rnlrhdwk@gmail.com","actor_via_sso":false,"log_type":"account","traits":{"provider":"google"}}', '2025-07-30 06:04:15.162249+00', ''),
	('00000000-0000-0000-0000-000000000000', '4167156e-8af4-4526-b0f1-9702cc318f58', '{"action":"login","actor_id":"b25009df-279b-4a86-a655-992ed6f56a9f","actor_name":"-두호杜怙","actor_username":"5rnlrhdwk@gmail.com","actor_via_sso":false,"log_type":"account","traits":{"provider_type":"google"}}', '2025-07-30 06:04:16.364885+00', ''),
	('00000000-0000-0000-0000-000000000000', '205145f3-b6dc-4459-b2ec-57944cb1f369', '{"action":"login","actor_id":"b25009df-279b-4a86-a655-992ed6f56a9f","actor_name":"-두호杜怙","actor_username":"5rnlrhdwk@gmail.com","actor_via_sso":false,"log_type":"account","traits":{"provider":"google"}}', '2025-07-30 06:04:20.818461+00', ''),
	('00000000-0000-0000-0000-000000000000', '8b93d86d-f9fb-4b42-bdf6-98e354060bbb', '{"action":"login","actor_id":"b25009df-279b-4a86-a655-992ed6f56a9f","actor_name":"-두호杜怙","actor_username":"5rnlrhdwk@gmail.com","actor_via_sso":false,"log_type":"account","traits":{"provider_type":"google"}}', '2025-07-30 06:04:21.378823+00', ''),
	('00000000-0000-0000-0000-000000000000', '5f69cc5b-28a1-445e-88ae-e2aab6e5c223', '{"action":"login","actor_id":"b25009df-279b-4a86-a655-992ed6f56a9f","actor_name":"-두호杜怙","actor_username":"5rnlrhdwk@gmail.com","actor_via_sso":false,"log_type":"account","traits":{"provider":"google"}}', '2025-07-30 06:04:26.615666+00', ''),
	('00000000-0000-0000-0000-000000000000', '5cd9205c-2eeb-4bf7-a7c6-ed7a234d3b0e', '{"action":"login","actor_id":"b25009df-279b-4a86-a655-992ed6f56a9f","actor_name":"-두호杜怙","actor_username":"5rnlrhdwk@gmail.com","actor_via_sso":false,"log_type":"account","traits":{"provider_type":"google"}}', '2025-07-30 06:04:27.183322+00', ''),
	('00000000-0000-0000-0000-000000000000', '29b93983-5897-42ce-81d5-acd9891e1249', '{"action":"login","actor_id":"1b9a5015-5607-47b7-89d7-ac9a121ea228","actor_name":"김두호","actor_username":"bishi222@nate.com","actor_via_sso":false,"log_type":"account","traits":{"provider":"kakao"}}', '2025-07-30 06:04:47.965144+00', ''),
	('00000000-0000-0000-0000-000000000000', '01d66632-ca59-4d07-bb0d-bdc8d538b840', '{"action":"login","actor_id":"1b9a5015-5607-47b7-89d7-ac9a121ea228","actor_name":"김두호","actor_username":"bishi222@nate.com","actor_via_sso":false,"log_type":"account","traits":{"provider_type":"kakao"}}', '2025-07-30 06:04:48.56194+00', ''),
	('00000000-0000-0000-0000-000000000000', '9ff7b13f-f817-4bfa-bb62-50f54fa4f31d', '{"action":"login","actor_id":"b25009df-279b-4a86-a655-992ed6f56a9f","actor_name":"-두호杜怙","actor_username":"5rnlrhdwk@gmail.com","actor_via_sso":false,"log_type":"account","traits":{"provider":"google"}}', '2025-07-30 06:05:49.977031+00', ''),
	('00000000-0000-0000-0000-000000000000', '0b65eb83-0cac-47ee-95f4-529b1107d139', '{"action":"login","actor_id":"b25009df-279b-4a86-a655-992ed6f56a9f","actor_name":"-두호杜怙","actor_username":"5rnlrhdwk@gmail.com","actor_via_sso":false,"log_type":"account","traits":{"provider_type":"google"}}', '2025-07-30 06:05:51.050406+00', ''),
	('00000000-0000-0000-0000-000000000000', '31544612-4679-404a-b7b1-53632ce70c83', '{"action":"login","actor_id":"b25009df-279b-4a86-a655-992ed6f56a9f","actor_name":"-두호杜怙","actor_username":"5rnlrhdwk@gmail.com","actor_via_sso":false,"log_type":"account","traits":{"provider":"google"}}', '2025-07-30 06:05:53.553756+00', ''),
	('00000000-0000-0000-0000-000000000000', '06c7cd48-11fb-4b10-b144-598473fd6d96', '{"action":"login","actor_id":"b25009df-279b-4a86-a655-992ed6f56a9f","actor_name":"-두호杜怙","actor_username":"5rnlrhdwk@gmail.com","actor_via_sso":false,"log_type":"account","traits":{"provider_type":"google"}}', '2025-07-30 06:05:53.755227+00', ''),
	('00000000-0000-0000-0000-000000000000', 'b3743eb6-3dfb-4dbd-9072-d120224e84c4', '{"action":"login","actor_id":"c2942a81-1563-4150-99f8-ab6435e7b47b","actor_username":"bishi2222@naver.com","actor_via_sso":false,"log_type":"account","traits":{"provider":"email"}}', '2025-07-30 06:26:41.489883+00', ''),
	('00000000-0000-0000-0000-000000000000', 'f281a3ab-eabf-40cd-9366-d9250ae0b31a', '{"action":"logout","actor_id":"c2942a81-1563-4150-99f8-ab6435e7b47b","actor_username":"bishi2222@naver.com","actor_via_sso":false,"log_type":"account"}', '2025-07-30 06:26:44.130681+00', ''),
	('00000000-0000-0000-0000-000000000000', '7c4699dd-8e0f-47c3-a952-aab73c5ce38d', '{"action":"login","actor_id":"b25009df-279b-4a86-a655-992ed6f56a9f","actor_name":"-두호杜怙","actor_username":"5rnlrhdwk@gmail.com","actor_via_sso":false,"log_type":"account","traits":{"provider":"google"}}', '2025-07-30 06:35:39.092942+00', ''),
	('00000000-0000-0000-0000-000000000000', '5bb5f2d9-bd23-4204-a3f7-5e009d963655', '{"action":"login","actor_id":"b25009df-279b-4a86-a655-992ed6f56a9f","actor_name":"-두호杜怙","actor_username":"5rnlrhdwk@gmail.com","actor_via_sso":false,"log_type":"account","traits":{"provider_type":"google"}}', '2025-07-30 06:35:40.263325+00', ''),
	('00000000-0000-0000-0000-000000000000', '56d2988e-bfb9-4e12-9b39-e591bb081163', '{"action":"logout","actor_id":"b25009df-279b-4a86-a655-992ed6f56a9f","actor_name":"-두호杜怙","actor_username":"5rnlrhdwk@gmail.com","actor_via_sso":false,"log_type":"account"}', '2025-07-30 06:41:31.535429+00', ''),
	('00000000-0000-0000-0000-000000000000', '6a88c222-5b64-4dc9-b6c7-f50be299399b', '{"action":"login","actor_id":"b25009df-279b-4a86-a655-992ed6f56a9f","actor_name":"-두호杜怙","actor_username":"5rnlrhdwk@gmail.com","actor_via_sso":false,"log_type":"account","traits":{"provider":"google"}}', '2025-07-30 06:48:03.6919+00', ''),
	('00000000-0000-0000-0000-000000000000', '8b55b922-c285-4373-b895-aad97109179a', '{"action":"login","actor_id":"b25009df-279b-4a86-a655-992ed6f56a9f","actor_name":"-두호杜怙","actor_username":"5rnlrhdwk@gmail.com","actor_via_sso":false,"log_type":"account","traits":{"provider_type":"google"}}', '2025-07-30 06:48:04.77967+00', ''),
	('00000000-0000-0000-0000-000000000000', 'e59c70b0-6146-456e-b6cb-b934439e8a51', '{"action":"login","actor_id":"b25009df-279b-4a86-a655-992ed6f56a9f","actor_name":"-두호杜怙","actor_username":"5rnlrhdwk@gmail.com","actor_via_sso":false,"log_type":"account","traits":{"provider":"google"}}', '2025-07-30 06:50:08.141996+00', ''),
	('00000000-0000-0000-0000-000000000000', '6fedf182-a42a-4e05-8bc7-704ad3d94292', '{"action":"login","actor_id":"b25009df-279b-4a86-a655-992ed6f56a9f","actor_name":"-두호杜怙","actor_username":"5rnlrhdwk@gmail.com","actor_via_sso":false,"log_type":"account","traits":{"provider_type":"google"}}', '2025-07-30 06:50:09.071027+00', ''),
	('00000000-0000-0000-0000-000000000000', 'b21d5f56-f57e-404f-a538-a810b34de693', '{"action":"login","actor_id":"b25009df-279b-4a86-a655-992ed6f56a9f","actor_name":"-두호杜怙","actor_username":"5rnlrhdwk@gmail.com","actor_via_sso":false,"log_type":"account","traits":{"provider":"google"}}', '2025-07-30 06:55:27.183212+00', ''),
	('00000000-0000-0000-0000-000000000000', '58e6e0c6-34ec-4c77-b397-6e657247a94e', '{"action":"login","actor_id":"b25009df-279b-4a86-a655-992ed6f56a9f","actor_name":"-두호杜怙","actor_username":"5rnlrhdwk@gmail.com","actor_via_sso":false,"log_type":"account","traits":{"provider_type":"google"}}', '2025-07-30 06:55:28.131382+00', ''),
	('00000000-0000-0000-0000-000000000000', '734ca99d-5554-430d-b339-1a76264a4d8e', '{"action":"login","actor_id":"b25009df-279b-4a86-a655-992ed6f56a9f","actor_name":"-두호杜怙","actor_username":"5rnlrhdwk@gmail.com","actor_via_sso":false,"log_type":"account","traits":{"provider":"google"}}', '2025-07-30 06:56:29.645174+00', ''),
	('00000000-0000-0000-0000-000000000000', '47579c4c-dad4-48ca-a340-e0d7afec835d', '{"action":"login","actor_id":"b25009df-279b-4a86-a655-992ed6f56a9f","actor_name":"-두호杜怙","actor_username":"5rnlrhdwk@gmail.com","actor_via_sso":false,"log_type":"account","traits":{"provider_type":"google"}}', '2025-07-30 06:56:30.288309+00', ''),
	('00000000-0000-0000-0000-000000000000', '72c7f0e6-b63e-434c-acf2-11b9060f2139', '{"action":"login","actor_id":"b25009df-279b-4a86-a655-992ed6f56a9f","actor_name":"-두호杜怙","actor_username":"5rnlrhdwk@gmail.com","actor_via_sso":false,"log_type":"account","traits":{"provider":"google"}}', '2025-07-30 07:03:03.936566+00', ''),
	('00000000-0000-0000-0000-000000000000', '904b5981-d239-4721-8f0f-16209e6a9c70', '{"action":"login","actor_id":"b25009df-279b-4a86-a655-992ed6f56a9f","actor_name":"-두호杜怙","actor_username":"5rnlrhdwk@gmail.com","actor_via_sso":false,"log_type":"account","traits":{"provider_type":"google"}}', '2025-07-30 07:03:04.852083+00', ''),
	('00000000-0000-0000-0000-000000000000', '0e9bb50a-cf2e-4161-a372-4f85a709c438', '{"action":"login","actor_id":"b25009df-279b-4a86-a655-992ed6f56a9f","actor_name":"-두호杜怙","actor_username":"5rnlrhdwk@gmail.com","actor_via_sso":false,"log_type":"account","traits":{"provider":"google"}}', '2025-07-30 07:31:30.394445+00', ''),
	('00000000-0000-0000-0000-000000000000', '3b89a1e2-91dc-4125-aa0c-ff79190082c9', '{"action":"login","actor_id":"b25009df-279b-4a86-a655-992ed6f56a9f","actor_name":"-두호杜怙","actor_username":"5rnlrhdwk@gmail.com","actor_via_sso":false,"log_type":"account","traits":{"provider_type":"google"}}', '2025-07-30 07:31:31.425478+00', ''),
	('00000000-0000-0000-0000-000000000000', 'c65917bb-1eaa-4d9c-b6ba-2cccd6535cc4', '{"action":"logout","actor_id":"b25009df-279b-4a86-a655-992ed6f56a9f","actor_name":"-두호杜怙","actor_username":"5rnlrhdwk@gmail.com","actor_via_sso":false,"log_type":"account"}', '2025-07-30 07:39:49.979034+00', ''),
	('00000000-0000-0000-0000-000000000000', '237662a8-ec14-4e71-802c-76b61ed1a966', '{"action":"login","actor_id":"c2942a81-1563-4150-99f8-ab6435e7b47b","actor_username":"bishi2222@naver.com","actor_via_sso":false,"log_type":"account","traits":{"provider":"email"}}', '2025-07-30 07:42:35.880061+00', ''),
	('00000000-0000-0000-0000-000000000000', 'aa90f25e-073e-47c5-bd53-2a0f5d409287', '{"action":"logout","actor_id":"c2942a81-1563-4150-99f8-ab6435e7b47b","actor_username":"bishi2222@naver.com","actor_via_sso":false,"log_type":"account"}', '2025-07-30 07:42:39.273244+00', ''),
	('00000000-0000-0000-0000-000000000000', 'c7ed6e6e-900c-446a-9c0a-930c3793c5fc', '{"action":"login","actor_id":"b25009df-279b-4a86-a655-992ed6f56a9f","actor_name":"-두호杜怙","actor_username":"5rnlrhdwk@gmail.com","actor_via_sso":false,"log_type":"account","traits":{"provider":"google"}}', '2025-07-30 07:42:45.140425+00', ''),
	('00000000-0000-0000-0000-000000000000', 'e498513b-3a07-4ab1-b15e-c8e7d2f4b3bd', '{"action":"login","actor_id":"b25009df-279b-4a86-a655-992ed6f56a9f","actor_name":"-두호杜怙","actor_username":"5rnlrhdwk@gmail.com","actor_via_sso":false,"log_type":"account","traits":{"provider_type":"google"}}', '2025-07-30 07:42:46.23274+00', ''),
	('00000000-0000-0000-0000-000000000000', 'd349124c-f93c-4124-bef6-c2a59b6a2a16', '{"action":"logout","actor_id":"b25009df-279b-4a86-a655-992ed6f56a9f","actor_name":"-두호杜怙","actor_username":"5rnlrhdwk@gmail.com","actor_via_sso":false,"log_type":"account"}', '2025-07-30 07:43:40.813895+00', ''),
	('00000000-0000-0000-0000-000000000000', 'aec47dd9-ebfd-48da-b946-43c63e09a9a3', '{"action":"login","actor_id":"b25009df-279b-4a86-a655-992ed6f56a9f","actor_name":"-두호杜怙","actor_username":"5rnlrhdwk@gmail.com","actor_via_sso":false,"log_type":"account","traits":{"provider":"google"}}', '2025-07-30 07:43:55.627748+00', ''),
	('00000000-0000-0000-0000-000000000000', '63fd4176-7166-4982-a12e-736d7044de41', '{"action":"login","actor_id":"b25009df-279b-4a86-a655-992ed6f56a9f","actor_name":"-두호杜怙","actor_username":"5rnlrhdwk@gmail.com","actor_via_sso":false,"log_type":"account","traits":{"provider_type":"google"}}', '2025-07-30 07:43:56.290895+00', ''),
	('00000000-0000-0000-0000-000000000000', '8408c470-e5c2-4630-9861-6bc9f2a96774', '{"action":"login","actor_id":"b25009df-279b-4a86-a655-992ed6f56a9f","actor_name":"-두호杜怙","actor_username":"5rnlrhdwk@gmail.com","actor_via_sso":false,"log_type":"account","traits":{"provider":"google"}}', '2025-07-30 07:44:22.524007+00', ''),
	('00000000-0000-0000-0000-000000000000', '3610b28a-2a74-47e7-bc70-6dddae04a138', '{"action":"login","actor_id":"b25009df-279b-4a86-a655-992ed6f56a9f","actor_name":"-두호杜怙","actor_username":"5rnlrhdwk@gmail.com","actor_via_sso":false,"log_type":"account","traits":{"provider_type":"google"}}', '2025-07-30 07:44:23.068921+00', ''),
	('00000000-0000-0000-0000-000000000000', 'd11aa5d8-083f-46c1-8b65-f7ce61a6fd87', '{"action":"login","actor_id":"b25009df-279b-4a86-a655-992ed6f56a9f","actor_name":"-두호杜怙","actor_username":"5rnlrhdwk@gmail.com","actor_via_sso":false,"log_type":"account","traits":{"provider":"google"}}', '2025-07-30 07:45:28.614555+00', ''),
	('00000000-0000-0000-0000-000000000000', '1c26f433-35f9-424f-a348-911578c667dc', '{"action":"login","actor_id":"b25009df-279b-4a86-a655-992ed6f56a9f","actor_name":"-두호杜怙","actor_username":"5rnlrhdwk@gmail.com","actor_via_sso":false,"log_type":"account","traits":{"provider_type":"google"}}', '2025-07-30 07:45:29.234319+00', ''),
	('00000000-0000-0000-0000-000000000000', 'a4b5e92e-b380-4f8e-9095-0c807c1e4c0f', '{"action":"logout","actor_id":"b25009df-279b-4a86-a655-992ed6f56a9f","actor_name":"-두호杜怙","actor_username":"5rnlrhdwk@gmail.com","actor_via_sso":false,"log_type":"account"}', '2025-07-30 07:46:49.058644+00', ''),
	('00000000-0000-0000-0000-000000000000', '65a966d7-476a-4e4a-80cf-a58fee0e5b50', '{"action":"login","actor_id":"b25009df-279b-4a86-a655-992ed6f56a9f","actor_name":"-두호杜怙","actor_username":"5rnlrhdwk@gmail.com","actor_via_sso":false,"log_type":"account","traits":{"provider":"google"}}', '2025-07-30 07:46:54.293895+00', ''),
	('00000000-0000-0000-0000-000000000000', 'c9195e4d-5be9-48a1-b9e6-4f2bf3091ddb', '{"action":"login","actor_id":"b25009df-279b-4a86-a655-992ed6f56a9f","actor_name":"-두호杜怙","actor_username":"5rnlrhdwk@gmail.com","actor_via_sso":false,"log_type":"account","traits":{"provider_type":"google"}}', '2025-07-30 07:46:55.012535+00', ''),
	('00000000-0000-0000-0000-000000000000', '9a6e93f6-353e-4e8d-a541-4f9c09e44d95', '{"action":"logout","actor_id":"b25009df-279b-4a86-a655-992ed6f56a9f","actor_name":"-두호杜怙","actor_username":"5rnlrhdwk@gmail.com","actor_via_sso":false,"log_type":"account"}', '2025-07-30 07:47:30.090216+00', ''),
	('00000000-0000-0000-0000-000000000000', '488c7db2-0969-4561-b247-afc8dea6a71f', '{"action":"login","actor_id":"b25009df-279b-4a86-a655-992ed6f56a9f","actor_name":"-두호杜怙","actor_username":"5rnlrhdwk@gmail.com","actor_via_sso":false,"log_type":"account","traits":{"provider":"google"}}', '2025-07-30 07:47:37.979635+00', ''),
	('00000000-0000-0000-0000-000000000000', '09dcfe23-9e73-4e66-8056-c2dc432f2e58', '{"action":"login","actor_id":"b25009df-279b-4a86-a655-992ed6f56a9f","actor_name":"-두호杜怙","actor_username":"5rnlrhdwk@gmail.com","actor_via_sso":false,"log_type":"account","traits":{"provider_type":"google"}}', '2025-07-30 07:47:38.525759+00', ''),
	('00000000-0000-0000-0000-000000000000', 'b94a182d-8296-47bf-bcdd-05ff9ad1d24c', '{"action":"logout","actor_id":"b25009df-279b-4a86-a655-992ed6f56a9f","actor_name":"-두호杜怙","actor_username":"5rnlrhdwk@gmail.com","actor_via_sso":false,"log_type":"account"}', '2025-07-30 07:49:23.865219+00', ''),
	('00000000-0000-0000-0000-000000000000', '9483b4cc-cf49-434c-bb9f-d090158060f9', '{"action":"login","actor_id":"b25009df-279b-4a86-a655-992ed6f56a9f","actor_name":"-두호杜怙","actor_username":"5rnlrhdwk@gmail.com","actor_via_sso":false,"log_type":"account","traits":{"provider":"google"}}', '2025-07-30 07:49:28.037895+00', ''),
	('00000000-0000-0000-0000-000000000000', 'a558d100-7abb-44e1-bf75-baa884d0fb2e', '{"action":"login","actor_id":"b25009df-279b-4a86-a655-992ed6f56a9f","actor_name":"-두호杜怙","actor_username":"5rnlrhdwk@gmail.com","actor_via_sso":false,"log_type":"account","traits":{"provider_type":"google"}}', '2025-07-30 07:49:29.097276+00', ''),
	('00000000-0000-0000-0000-000000000000', '601ec3c1-ca42-404a-b903-e4f339308678', '{"action":"logout","actor_id":"b25009df-279b-4a86-a655-992ed6f56a9f","actor_name":"-두호杜怙","actor_username":"5rnlrhdwk@gmail.com","actor_via_sso":false,"log_type":"account"}', '2025-07-30 07:49:43.488394+00', ''),
	('00000000-0000-0000-0000-000000000000', 'ca961c98-7162-4272-9004-44527f7572d0', '{"action":"login","actor_id":"b25009df-279b-4a86-a655-992ed6f56a9f","actor_name":"-두호杜怙","actor_username":"5rnlrhdwk@gmail.com","actor_via_sso":false,"log_type":"account","traits":{"provider":"google"}}', '2025-07-30 07:50:52.142593+00', ''),
	('00000000-0000-0000-0000-000000000000', 'a31132c1-d262-4033-a969-7b8a58c13318', '{"action":"login","actor_id":"b25009df-279b-4a86-a655-992ed6f56a9f","actor_name":"-두호杜怙","actor_username":"5rnlrhdwk@gmail.com","actor_via_sso":false,"log_type":"account","traits":{"provider_type":"google"}}', '2025-07-30 07:50:52.80735+00', ''),
	('00000000-0000-0000-0000-000000000000', '8792a8d9-63d3-4af7-be59-33b1a380af7f', '{"action":"logout","actor_id":"b25009df-279b-4a86-a655-992ed6f56a9f","actor_name":"-두호杜怙","actor_username":"5rnlrhdwk@gmail.com","actor_via_sso":false,"log_type":"account"}', '2025-07-30 07:51:52.981074+00', ''),
	('00000000-0000-0000-0000-000000000000', 'e83df67d-3b30-4cc7-af91-022d7d734910', '{"action":"login","actor_id":"b25009df-279b-4a86-a655-992ed6f56a9f","actor_name":"-두호杜怙","actor_username":"5rnlrhdwk@gmail.com","actor_via_sso":false,"log_type":"account","traits":{"provider":"google"}}', '2025-07-30 07:54:20.232238+00', ''),
	('00000000-0000-0000-0000-000000000000', '3ffa649e-2169-42eb-ae7c-c24a5ccc1b0a', '{"action":"login","actor_id":"b25009df-279b-4a86-a655-992ed6f56a9f","actor_name":"-두호杜怙","actor_username":"5rnlrhdwk@gmail.com","actor_via_sso":false,"log_type":"account","traits":{"provider_type":"google"}}', '2025-07-30 07:54:21.210583+00', ''),
	('00000000-0000-0000-0000-000000000000', 'f595be02-cbed-4885-895c-65661ee66328', '{"action":"logout","actor_id":"b25009df-279b-4a86-a655-992ed6f56a9f","actor_name":"-두호杜怙","actor_username":"5rnlrhdwk@gmail.com","actor_via_sso":false,"log_type":"account"}', '2025-07-30 07:54:57.19365+00', ''),
	('00000000-0000-0000-0000-000000000000', 'f5ae8429-cd8b-426f-8a83-3fc092bd4deb', '{"action":"login","actor_id":"b25009df-279b-4a86-a655-992ed6f56a9f","actor_name":"-두호杜怙","actor_username":"5rnlrhdwk@gmail.com","actor_via_sso":false,"log_type":"account","traits":{"provider":"google"}}', '2025-07-30 07:57:01.058454+00', ''),
	('00000000-0000-0000-0000-000000000000', '23e5e6f2-4fa9-4676-af5b-efa0952b3d52', '{"action":"login","actor_id":"b25009df-279b-4a86-a655-992ed6f56a9f","actor_name":"-두호杜怙","actor_username":"5rnlrhdwk@gmail.com","actor_via_sso":false,"log_type":"account","traits":{"provider_type":"google"}}', '2025-07-30 07:57:02.07288+00', ''),
	('00000000-0000-0000-0000-000000000000', '81ecc04c-c6f1-43a9-b083-b5ae5bf705eb', '{"action":"logout","actor_id":"b25009df-279b-4a86-a655-992ed6f56a9f","actor_name":"-두호杜怙","actor_username":"5rnlrhdwk@gmail.com","actor_via_sso":false,"log_type":"account"}', '2025-07-30 08:04:57.878667+00', ''),
	('00000000-0000-0000-0000-000000000000', '58f3c8aa-42c4-44e1-92cf-a164f2ca2eb3', '{"action":"login","actor_id":"b25009df-279b-4a86-a655-992ed6f56a9f","actor_name":"-두호杜怙","actor_username":"5rnlrhdwk@gmail.com","actor_via_sso":false,"log_type":"account","traits":{"provider":"google"}}', '2025-07-30 08:09:54.584964+00', ''),
	('00000000-0000-0000-0000-000000000000', '1a2f8ef5-e871-4724-9280-b98bc1f9d6cd', '{"action":"login","actor_id":"b25009df-279b-4a86-a655-992ed6f56a9f","actor_name":"-두호杜怙","actor_username":"5rnlrhdwk@gmail.com","actor_via_sso":false,"log_type":"account","traits":{"provider_type":"google"}}', '2025-07-30 08:09:55.59222+00', ''),
	('00000000-0000-0000-0000-000000000000', '79a49013-65e6-491e-bc1a-7dc549e29da5', '{"action":"logout","actor_id":"b25009df-279b-4a86-a655-992ed6f56a9f","actor_name":"-두호杜怙","actor_username":"5rnlrhdwk@gmail.com","actor_via_sso":false,"log_type":"account"}', '2025-07-30 08:11:57.618981+00', ''),
	('00000000-0000-0000-0000-000000000000', 'e0286577-8388-4b2d-ab54-e8799a65a3c5', '{"action":"login","actor_id":"b25009df-279b-4a86-a655-992ed6f56a9f","actor_name":"-두호杜怙","actor_username":"5rnlrhdwk@gmail.com","actor_via_sso":false,"log_type":"account","traits":{"provider":"google"}}', '2025-07-30 08:12:10.44893+00', ''),
	('00000000-0000-0000-0000-000000000000', '3893c8b5-4aa9-4d3c-8ff8-e63e1c0c2413', '{"action":"login","actor_id":"b25009df-279b-4a86-a655-992ed6f56a9f","actor_name":"-두호杜怙","actor_username":"5rnlrhdwk@gmail.com","actor_via_sso":false,"log_type":"account","traits":{"provider_type":"google"}}', '2025-07-30 08:12:11.250109+00', ''),
	('00000000-0000-0000-0000-000000000000', 'e1355beb-eb7c-408a-96b3-ed233299738c', '{"action":"logout","actor_id":"b25009df-279b-4a86-a655-992ed6f56a9f","actor_name":"-두호杜怙","actor_username":"5rnlrhdwk@gmail.com","actor_via_sso":false,"log_type":"account"}', '2025-07-30 08:13:17.867226+00', ''),
	('00000000-0000-0000-0000-000000000000', 'baffea50-7847-4a01-8de8-5ef2a58dbd9e', '{"action":"login","actor_id":"b25009df-279b-4a86-a655-992ed6f56a9f","actor_name":"-두호杜怙","actor_username":"5rnlrhdwk@gmail.com","actor_via_sso":false,"log_type":"account","traits":{"provider":"google"}}', '2025-07-30 08:13:30.304365+00', ''),
	('00000000-0000-0000-0000-000000000000', '6e8e2892-0f23-455d-aabf-78752501ac8d', '{"action":"login","actor_id":"b25009df-279b-4a86-a655-992ed6f56a9f","actor_name":"-두호杜怙","actor_username":"5rnlrhdwk@gmail.com","actor_via_sso":false,"log_type":"account","traits":{"provider_type":"google"}}', '2025-07-30 08:13:30.994143+00', ''),
	('00000000-0000-0000-0000-000000000000', 'fb18213e-7347-4070-a885-a9cddbfa25d7', '{"action":"logout","actor_id":"b25009df-279b-4a86-a655-992ed6f56a9f","actor_name":"-두호杜怙","actor_username":"5rnlrhdwk@gmail.com","actor_via_sso":false,"log_type":"account"}', '2025-07-30 08:15:54.564733+00', ''),
	('00000000-0000-0000-0000-000000000000', 'af6787c7-aca0-4bf8-8445-3dc5d8ac769b', '{"action":"login","actor_id":"b25009df-279b-4a86-a655-992ed6f56a9f","actor_name":"-두호杜怙","actor_username":"5rnlrhdwk@gmail.com","actor_via_sso":false,"log_type":"account","traits":{"provider":"google"}}', '2025-07-30 08:16:12.604048+00', ''),
	('00000000-0000-0000-0000-000000000000', '87327cda-5002-4445-8e8b-0463c8041a24', '{"action":"login","actor_id":"b25009df-279b-4a86-a655-992ed6f56a9f","actor_name":"-두호杜怙","actor_username":"5rnlrhdwk@gmail.com","actor_via_sso":false,"log_type":"account","traits":{"provider_type":"google"}}', '2025-07-30 08:16:13.612257+00', ''),
	('00000000-0000-0000-0000-000000000000', 'd1d570f2-9e89-4628-87c8-1e69f56be590', '{"action":"logout","actor_id":"b25009df-279b-4a86-a655-992ed6f56a9f","actor_name":"-두호杜怙","actor_username":"5rnlrhdwk@gmail.com","actor_via_sso":false,"log_type":"account"}', '2025-07-30 08:17:17.943581+00', ''),
	('00000000-0000-0000-0000-000000000000', '64cef1af-1458-4410-a30d-88e950b54411', '{"action":"login","actor_id":"b25009df-279b-4a86-a655-992ed6f56a9f","actor_name":"-두호杜怙","actor_username":"5rnlrhdwk@gmail.com","actor_via_sso":false,"log_type":"account","traits":{"provider":"google"}}', '2025-07-30 08:17:22.373007+00', ''),
	('00000000-0000-0000-0000-000000000000', 'a72e97d9-2b9e-4ba5-ae98-fdbcb5252a00', '{"action":"login","actor_id":"b25009df-279b-4a86-a655-992ed6f56a9f","actor_name":"-두호杜怙","actor_username":"5rnlrhdwk@gmail.com","actor_via_sso":false,"log_type":"account","traits":{"provider_type":"google"}}', '2025-07-30 08:17:24.045315+00', ''),
	('00000000-0000-0000-0000-000000000000', 'e52cd8a5-bdfb-4d76-b2f0-00d3dac355cc', '{"action":"logout","actor_id":"b25009df-279b-4a86-a655-992ed6f56a9f","actor_name":"-두호杜怙","actor_username":"5rnlrhdwk@gmail.com","actor_via_sso":false,"log_type":"account"}', '2025-07-30 08:20:37.943158+00', ''),
	('00000000-0000-0000-0000-000000000000', 'd1dec0d0-b4ee-4aed-a105-2785cadd2d76', '{"action":"login","actor_id":"b25009df-279b-4a86-a655-992ed6f56a9f","actor_name":"-두호杜怙","actor_username":"5rnlrhdwk@gmail.com","actor_via_sso":false,"log_type":"account","traits":{"provider":"google"}}', '2025-07-30 08:20:43.313188+00', ''),
	('00000000-0000-0000-0000-000000000000', '61d7a200-8d67-4b4f-917b-9c9bb75b56b5', '{"action":"login","actor_id":"b25009df-279b-4a86-a655-992ed6f56a9f","actor_name":"-두호杜怙","actor_username":"5rnlrhdwk@gmail.com","actor_via_sso":false,"log_type":"account","traits":{"provider_type":"google"}}', '2025-07-30 08:20:44.304548+00', ''),
	('00000000-0000-0000-0000-000000000000', 'f9825e03-bc2d-4097-a9f5-a48b1cdd8c56', '{"action":"login","actor_id":"b25009df-279b-4a86-a655-992ed6f56a9f","actor_name":"-두호杜怙","actor_username":"5rnlrhdwk@gmail.com","actor_via_sso":false,"log_type":"account","traits":{"provider":"google"}}', '2025-07-30 08:24:03.806531+00', ''),
	('00000000-0000-0000-0000-000000000000', '3cf06931-dc1d-4144-a6ab-cabb2b765c4f', '{"action":"login","actor_id":"b25009df-279b-4a86-a655-992ed6f56a9f","actor_name":"-두호杜怙","actor_username":"5rnlrhdwk@gmail.com","actor_via_sso":false,"log_type":"account","traits":{"provider_type":"google"}}', '2025-07-30 08:24:04.815625+00', ''),
	('00000000-0000-0000-0000-000000000000', '6bf0ddd3-9380-406f-abdc-c8a700105662', '{"action":"logout","actor_id":"b25009df-279b-4a86-a655-992ed6f56a9f","actor_name":"-두호杜怙","actor_username":"5rnlrhdwk@gmail.com","actor_via_sso":false,"log_type":"account"}', '2025-07-30 08:26:37.144515+00', ''),
	('00000000-0000-0000-0000-000000000000', '60714fad-2483-4507-a0cb-443bda062b8c', '{"action":"login","actor_id":"b25009df-279b-4a86-a655-992ed6f56a9f","actor_name":"-두호杜怙","actor_username":"5rnlrhdwk@gmail.com","actor_via_sso":false,"log_type":"account","traits":{"provider":"google"}}', '2025-07-30 08:26:43.140594+00', ''),
	('00000000-0000-0000-0000-000000000000', 'fb8a1cae-791c-4b51-963a-08caf5b82f8d', '{"action":"login","actor_id":"b25009df-279b-4a86-a655-992ed6f56a9f","actor_name":"-두호杜怙","actor_username":"5rnlrhdwk@gmail.com","actor_via_sso":false,"log_type":"account","traits":{"provider_type":"google"}}', '2025-07-30 08:26:44.174794+00', ''),
	('00000000-0000-0000-0000-000000000000', '19799c37-b347-4318-bf36-507975571ae3', '{"action":"logout","actor_id":"b25009df-279b-4a86-a655-992ed6f56a9f","actor_name":"-두호杜怙","actor_username":"5rnlrhdwk@gmail.com","actor_via_sso":false,"log_type":"account"}', '2025-07-30 08:29:33.988982+00', ''),
	('00000000-0000-0000-0000-000000000000', '84be70d8-57b2-440c-a8b2-64b5356a4f82', '{"action":"login","actor_id":"b25009df-279b-4a86-a655-992ed6f56a9f","actor_name":"-두호杜怙","actor_username":"5rnlrhdwk@gmail.com","actor_via_sso":false,"log_type":"account","traits":{"provider":"google"}}', '2025-07-30 08:29:42.052195+00', ''),
	('00000000-0000-0000-0000-000000000000', '166aa5ea-5b07-4e37-8a41-db17065e8a72', '{"action":"login","actor_id":"b25009df-279b-4a86-a655-992ed6f56a9f","actor_name":"-두호杜怙","actor_username":"5rnlrhdwk@gmail.com","actor_via_sso":false,"log_type":"account","traits":{"provider_type":"google"}}', '2025-07-30 08:29:43.125757+00', ''),
	('00000000-0000-0000-0000-000000000000', 'e7f6651f-282a-429e-b9ef-aabab1b61ebb', '{"action":"logout","actor_id":"b25009df-279b-4a86-a655-992ed6f56a9f","actor_name":"-두호杜怙","actor_username":"5rnlrhdwk@gmail.com","actor_via_sso":false,"log_type":"account"}', '2025-07-30 08:31:21.440464+00', ''),
	('00000000-0000-0000-0000-000000000000', '57dc0c19-b0ff-43be-9bdf-868835c3f6ae', '{"action":"login","actor_id":"b25009df-279b-4a86-a655-992ed6f56a9f","actor_name":"-두호杜怙","actor_username":"5rnlrhdwk@gmail.com","actor_via_sso":false,"log_type":"account","traits":{"provider":"google"}}', '2025-07-30 08:31:29.042162+00', ''),
	('00000000-0000-0000-0000-000000000000', 'db3d7841-38a5-45aa-9e27-3ee54c2cc084', '{"action":"login","actor_id":"b25009df-279b-4a86-a655-992ed6f56a9f","actor_name":"-두호杜怙","actor_username":"5rnlrhdwk@gmail.com","actor_via_sso":false,"log_type":"account","traits":{"provider_type":"google"}}', '2025-07-30 08:31:30.001847+00', ''),
	('00000000-0000-0000-0000-000000000000', 'b664cfb7-1dfb-42b8-b7f3-5f07b366838a', '{"action":"logout","actor_id":"b25009df-279b-4a86-a655-992ed6f56a9f","actor_name":"-두호杜怙","actor_username":"5rnlrhdwk@gmail.com","actor_via_sso":false,"log_type":"account"}', '2025-07-30 08:33:01.175056+00', ''),
	('00000000-0000-0000-0000-000000000000', '14ace819-ca34-4df1-b55c-92d3302833c7', '{"action":"login","actor_id":"b25009df-279b-4a86-a655-992ed6f56a9f","actor_name":"-두호杜怙","actor_username":"5rnlrhdwk@gmail.com","actor_via_sso":false,"log_type":"account","traits":{"provider":"google"}}', '2025-07-30 08:33:24.385376+00', ''),
	('00000000-0000-0000-0000-000000000000', 'd340f464-a487-43af-ba7e-8efe244ec593', '{"action":"login","actor_id":"b25009df-279b-4a86-a655-992ed6f56a9f","actor_name":"-두호杜怙","actor_username":"5rnlrhdwk@gmail.com","actor_via_sso":false,"log_type":"account","traits":{"provider_type":"google"}}', '2025-07-30 08:33:25.398502+00', ''),
	('00000000-0000-0000-0000-000000000000', 'c95bb257-a77f-451d-b4be-6aa1e9c009bb', '{"action":"login","actor_id":"b25009df-279b-4a86-a655-992ed6f56a9f","actor_name":"-두호杜怙","actor_username":"5rnlrhdwk@gmail.com","actor_via_sso":false,"log_type":"account","traits":{"provider":"google"}}', '2025-07-30 08:33:33.756372+00', ''),
	('00000000-0000-0000-0000-000000000000', '6ff57091-0ece-4dbe-ac5e-eea585976a7d', '{"action":"login","actor_id":"b25009df-279b-4a86-a655-992ed6f56a9f","actor_name":"-두호杜怙","actor_username":"5rnlrhdwk@gmail.com","actor_via_sso":false,"log_type":"account","traits":{"provider_type":"google"}}', '2025-07-30 08:33:34.328475+00', ''),
	('00000000-0000-0000-0000-000000000000', '6e67e344-6ee5-4fd4-b7a5-3eee656afe7c', '{"action":"login","actor_id":"b25009df-279b-4a86-a655-992ed6f56a9f","actor_name":"-두호杜怙","actor_username":"5rnlrhdwk@gmail.com","actor_via_sso":false,"log_type":"account","traits":{"provider":"google"}}', '2025-07-30 08:33:45.271648+00', ''),
	('00000000-0000-0000-0000-000000000000', '569ed4ff-7704-4626-817c-99d62f8ad676', '{"action":"login","actor_id":"b25009df-279b-4a86-a655-992ed6f56a9f","actor_name":"-두호杜怙","actor_username":"5rnlrhdwk@gmail.com","actor_via_sso":false,"log_type":"account","traits":{"provider_type":"google"}}', '2025-07-30 08:33:45.826519+00', ''),
	('00000000-0000-0000-0000-000000000000', '8e7ddbd1-9d07-4c5e-b225-2130fef06a1a', '{"action":"login","actor_id":"c2942a81-1563-4150-99f8-ab6435e7b47b","actor_username":"bishi2222@naver.com","actor_via_sso":false,"log_type":"account","traits":{"provider":"email"}}', '2025-07-30 08:34:04.419118+00', ''),
	('00000000-0000-0000-0000-000000000000', '74c195cb-37fb-466c-a723-978ec14de0d0', '{"action":"logout","actor_id":"c2942a81-1563-4150-99f8-ab6435e7b47b","actor_username":"bishi2222@naver.com","actor_via_sso":false,"log_type":"account"}', '2025-07-30 08:36:31.784283+00', ''),
	('00000000-0000-0000-0000-000000000000', 'f64b7b53-9613-42bd-9837-57c0a81ee4a3', '{"action":"login","actor_id":"c2942a81-1563-4150-99f8-ab6435e7b47b","actor_username":"bishi2222@naver.com","actor_via_sso":false,"log_type":"account","traits":{"provider":"email"}}', '2025-07-30 08:36:41.835315+00', ''),
	('00000000-0000-0000-0000-000000000000', 'b80dc1f8-7eb8-4ecd-986b-15f3ada2f442', '{"action":"logout","actor_id":"c2942a81-1563-4150-99f8-ab6435e7b47b","actor_username":"bishi2222@naver.com","actor_via_sso":false,"log_type":"account"}', '2025-07-30 08:36:44.482851+00', ''),
	('00000000-0000-0000-0000-000000000000', '7f5a2e5f-9fe6-472d-ab72-5718aebb6f11', '{"action":"login","actor_id":"b25009df-279b-4a86-a655-992ed6f56a9f","actor_name":"-두호杜怙","actor_username":"5rnlrhdwk@gmail.com","actor_via_sso":false,"log_type":"account","traits":{"provider":"google"}}', '2025-07-30 08:36:50.771597+00', ''),
	('00000000-0000-0000-0000-000000000000', '03e84e37-ecff-4856-a260-48877b0f7683', '{"action":"login","actor_id":"b25009df-279b-4a86-a655-992ed6f56a9f","actor_name":"-두호杜怙","actor_username":"5rnlrhdwk@gmail.com","actor_via_sso":false,"log_type":"account","traits":{"provider_type":"google"}}', '2025-07-30 08:36:51.409597+00', ''),
	('00000000-0000-0000-0000-000000000000', '0dedf60d-cb78-4dd6-a9ce-0a556c463bf6', '{"action":"logout","actor_id":"b25009df-279b-4a86-a655-992ed6f56a9f","actor_name":"-두호杜怙","actor_username":"5rnlrhdwk@gmail.com","actor_via_sso":false,"log_type":"account"}', '2025-07-30 08:38:27.231517+00', ''),
	('00000000-0000-0000-0000-000000000000', 'c180b15c-8a24-4a92-b583-7d8cdeb58516', '{"action":"login","actor_id":"b25009df-279b-4a86-a655-992ed6f56a9f","actor_name":"-두호杜怙","actor_username":"5rnlrhdwk@gmail.com","actor_via_sso":false,"log_type":"account","traits":{"provider":"google"}}', '2025-07-30 08:38:47.163315+00', ''),
	('00000000-0000-0000-0000-000000000000', 'f4f102a5-3fb0-4db2-89f1-f788504b4c25', '{"action":"login","actor_id":"b25009df-279b-4a86-a655-992ed6f56a9f","actor_name":"-두호杜怙","actor_username":"5rnlrhdwk@gmail.com","actor_via_sso":false,"log_type":"account","traits":{"provider_type":"google"}}', '2025-07-30 08:38:48.059023+00', ''),
	('00000000-0000-0000-0000-000000000000', '0d686d80-8343-4e75-9b00-4f6cc0763bb8', '{"action":"logout","actor_id":"b25009df-279b-4a86-a655-992ed6f56a9f","actor_name":"-두호杜怙","actor_username":"5rnlrhdwk@gmail.com","actor_via_sso":false,"log_type":"account"}', '2025-07-30 08:40:52.89053+00', ''),
	('00000000-0000-0000-0000-000000000000', '12e99eb7-7d14-4b8a-b926-466cee297a66', '{"action":"login","actor_id":"b25009df-279b-4a86-a655-992ed6f56a9f","actor_name":"-두호杜怙","actor_username":"5rnlrhdwk@gmail.com","actor_via_sso":false,"log_type":"account","traits":{"provider":"google"}}', '2025-07-30 08:41:03.509675+00', ''),
	('00000000-0000-0000-0000-000000000000', 'b6023161-fcc2-49ca-9240-73b84ef2874c', '{"action":"login","actor_id":"b25009df-279b-4a86-a655-992ed6f56a9f","actor_name":"-두호杜怙","actor_username":"5rnlrhdwk@gmail.com","actor_via_sso":false,"log_type":"account","traits":{"provider_type":"google"}}', '2025-07-30 08:41:04.502178+00', ''),
	('00000000-0000-0000-0000-000000000000', '420b1dee-8ac8-4e6e-8b22-fa7f53d48525', '{"action":"logout","actor_id":"b25009df-279b-4a86-a655-992ed6f56a9f","actor_name":"-두호杜怙","actor_username":"5rnlrhdwk@gmail.com","actor_via_sso":false,"log_type":"account"}', '2025-07-30 08:43:38.937098+00', ''),
	('00000000-0000-0000-0000-000000000000', '62965def-4ca0-4fad-b82a-753b14ee3667', '{"action":"login","actor_id":"b25009df-279b-4a86-a655-992ed6f56a9f","actor_name":"-두호杜怙","actor_username":"5rnlrhdwk@gmail.com","actor_via_sso":false,"log_type":"account","traits":{"provider":"google"}}', '2025-07-30 08:43:44.88331+00', ''),
	('00000000-0000-0000-0000-000000000000', '0ebce459-31d4-4051-bea9-eb6b663ca819', '{"action":"login","actor_id":"b25009df-279b-4a86-a655-992ed6f56a9f","actor_name":"-두호杜怙","actor_username":"5rnlrhdwk@gmail.com","actor_via_sso":false,"log_type":"account","traits":{"provider_type":"google"}}', '2025-07-30 08:43:45.973303+00', ''),
	('00000000-0000-0000-0000-000000000000', '1bb5d43b-a574-4956-a198-7a4b5d2d7c0f', '{"action":"logout","actor_id":"b25009df-279b-4a86-a655-992ed6f56a9f","actor_name":"-두호杜怙","actor_username":"5rnlrhdwk@gmail.com","actor_via_sso":false,"log_type":"account"}', '2025-07-30 08:44:38.641648+00', ''),
	('00000000-0000-0000-0000-000000000000', '1d6d1aa1-70f1-4e60-b1f7-299b58b70271', '{"action":"login","actor_id":"b25009df-279b-4a86-a655-992ed6f56a9f","actor_name":"-두호杜怙","actor_username":"5rnlrhdwk@gmail.com","actor_via_sso":false,"log_type":"account","traits":{"provider":"google"}}', '2025-07-30 08:47:41.666144+00', ''),
	('00000000-0000-0000-0000-000000000000', '2d8b51dd-a37e-4daf-bc15-87d43ddb8914', '{"action":"login","actor_id":"b25009df-279b-4a86-a655-992ed6f56a9f","actor_name":"-두호杜怙","actor_username":"5rnlrhdwk@gmail.com","actor_via_sso":false,"log_type":"account","traits":{"provider_type":"google"}}', '2025-07-30 08:47:42.710996+00', ''),
	('00000000-0000-0000-0000-000000000000', '5ffd00ae-a9f7-41d9-a96a-6bad86c2d6c9', '{"action":"logout","actor_id":"b25009df-279b-4a86-a655-992ed6f56a9f","actor_name":"-두호杜怙","actor_username":"5rnlrhdwk@gmail.com","actor_via_sso":false,"log_type":"account"}', '2025-07-30 08:47:49.818329+00', ''),
	('00000000-0000-0000-0000-000000000000', '74c2204f-8442-426d-848b-c715ff8825cb', '{"action":"login","actor_id":"b25009df-279b-4a86-a655-992ed6f56a9f","actor_name":"-두호杜怙","actor_username":"5rnlrhdwk@gmail.com","actor_via_sso":false,"log_type":"account","traits":{"provider":"google"}}', '2025-07-30 08:50:17.080233+00', ''),
	('00000000-0000-0000-0000-000000000000', 'fbc4ab1b-3568-463b-8399-e056fda1750e', '{"action":"login","actor_id":"b25009df-279b-4a86-a655-992ed6f56a9f","actor_name":"-두호杜怙","actor_username":"5rnlrhdwk@gmail.com","actor_via_sso":false,"log_type":"account","traits":{"provider_type":"google"}}', '2025-07-30 08:50:17.694076+00', ''),
	('00000000-0000-0000-0000-000000000000', 'a78e14de-8378-480b-b133-3408b7ee5e69', '{"action":"login","actor_id":"b25009df-279b-4a86-a655-992ed6f56a9f","actor_name":"-두호杜怙","actor_username":"5rnlrhdwk@gmail.com","actor_via_sso":false,"log_type":"account","traits":{"provider":"google"}}', '2025-07-30 08:55:53.245728+00', ''),
	('00000000-0000-0000-0000-000000000000', '42be95dc-e8c9-403b-975e-7cca99594677', '{"action":"login","actor_id":"b25009df-279b-4a86-a655-992ed6f56a9f","actor_name":"-두호杜怙","actor_username":"5rnlrhdwk@gmail.com","actor_via_sso":false,"log_type":"account","traits":{"provider_type":"google"}}', '2025-07-30 08:55:54.210595+00', ''),
	('00000000-0000-0000-0000-000000000000', 'dd8edd31-2a34-4bfb-9e5f-43926355c4fa', '{"action":"logout","actor_id":"b25009df-279b-4a86-a655-992ed6f56a9f","actor_name":"-두호杜怙","actor_username":"5rnlrhdwk@gmail.com","actor_via_sso":false,"log_type":"account"}', '2025-07-30 08:56:19.002467+00', ''),
	('00000000-0000-0000-0000-000000000000', 'c913ca3b-19a3-4065-b52b-f584cc51a56a', '{"action":"login","actor_id":"c2942a81-1563-4150-99f8-ab6435e7b47b","actor_username":"bishi2222@naver.com","actor_via_sso":false,"log_type":"account","traits":{"provider":"email"}}', '2025-07-30 09:14:05.934114+00', ''),
	('00000000-0000-0000-0000-000000000000', 'd04d602b-e439-46de-9b79-0546e295fae8', '{"action":"login","actor_id":"c2942a81-1563-4150-99f8-ab6435e7b47b","actor_username":"bishi2222@naver.com","actor_via_sso":false,"log_type":"account","traits":{"provider":"email"}}', '2025-07-30 09:19:50.133941+00', ''),
	('00000000-0000-0000-0000-000000000000', '4aa3a28c-20c3-4687-8b03-bc6b3636cf7d', '{"action":"login","actor_id":"c2942a81-1563-4150-99f8-ab6435e7b47b","actor_username":"bishi2222@naver.com","actor_via_sso":false,"log_type":"account","traits":{"provider":"email"}}', '2025-07-30 09:23:27.899526+00', ''),
	('00000000-0000-0000-0000-000000000000', '10344235-e5ea-4ef0-bd54-384a8d40c5ce', '{"action":"login","actor_id":"c2942a81-1563-4150-99f8-ab6435e7b47b","actor_username":"bishi2222@naver.com","actor_via_sso":false,"log_type":"account","traits":{"provider":"email"}}', '2025-07-30 09:33:13.64714+00', ''),
	('00000000-0000-0000-0000-000000000000', '97c69f98-88ba-4e85-918f-cafb3e875a97', '{"action":"login","actor_id":"b25009df-279b-4a86-a655-992ed6f56a9f","actor_name":"-두호杜怙","actor_username":"5rnlrhdwk@gmail.com","actor_via_sso":false,"log_type":"account","traits":{"provider":"google"}}', '2025-07-30 09:34:21.405512+00', ''),
	('00000000-0000-0000-0000-000000000000', 'abe28181-b06e-4e29-a05b-f1e734248cb2', '{"action":"login","actor_id":"b25009df-279b-4a86-a655-992ed6f56a9f","actor_name":"-두호杜怙","actor_username":"5rnlrhdwk@gmail.com","actor_via_sso":false,"log_type":"account","traits":{"provider_type":"google"}}', '2025-07-30 09:34:23.093391+00', ''),
	('00000000-0000-0000-0000-000000000000', '27dbb9dd-606f-489e-8292-33caa0d530c0', '{"action":"login","actor_id":"c2942a81-1563-4150-99f8-ab6435e7b47b","actor_username":"bishi2222@naver.com","actor_via_sso":false,"log_type":"account","traits":{"provider":"email"}}', '2025-07-30 09:34:51.095068+00', ''),
	('00000000-0000-0000-0000-000000000000', '1fec5a14-11ba-40f1-9f3d-8b9ed5021f4d', '{"action":"login","actor_id":"c2942a81-1563-4150-99f8-ab6435e7b47b","actor_username":"bishi2222@naver.com","actor_via_sso":false,"log_type":"account","traits":{"provider":"email"}}', '2025-07-30 09:36:31.859758+00', ''),
	('00000000-0000-0000-0000-000000000000', '9d2c4f0a-ae49-4658-9c5a-e3e9cc459fe2', '{"action":"logout","actor_id":"c2942a81-1563-4150-99f8-ab6435e7b47b","actor_username":"bishi2222@naver.com","actor_via_sso":false,"log_type":"account"}', '2025-07-30 09:37:53.232289+00', ''),
	('00000000-0000-0000-0000-000000000000', '3f916d0c-abed-4d61-a4e7-1e65db2775f2', '{"action":"login","actor_id":"c2942a81-1563-4150-99f8-ab6435e7b47b","actor_username":"bishi2222@naver.com","actor_via_sso":false,"log_type":"account","traits":{"provider":"email"}}', '2025-07-30 09:37:57.857295+00', ''),
	('00000000-0000-0000-0000-000000000000', '7c540f2d-a7d7-42f9-955b-211e75236e68', '{"action":"login","actor_id":"c2942a81-1563-4150-99f8-ab6435e7b47b","actor_username":"bishi2222@naver.com","actor_via_sso":false,"log_type":"account","traits":{"provider":"email"}}', '2025-07-30 09:52:34.302081+00', ''),
	('00000000-0000-0000-0000-000000000000', '8908ef0c-174c-45b8-8d1e-587f522e9fdf', '{"action":"login","actor_id":"c2942a81-1563-4150-99f8-ab6435e7b47b","actor_username":"bishi2222@naver.com","actor_via_sso":false,"log_type":"account","traits":{"provider":"email"}}', '2025-07-30 10:07:12.411321+00', ''),
	('00000000-0000-0000-0000-000000000000', '488089e1-2acd-457d-b419-2314311cc5b7', '{"action":"token_refreshed","actor_id":"c2942a81-1563-4150-99f8-ab6435e7b47b","actor_username":"bishi2222@naver.com","actor_via_sso":false,"log_type":"token"}', '2025-07-30 11:58:04.390568+00', ''),
	('00000000-0000-0000-0000-000000000000', '114d6d99-c38f-4f8a-acf1-376e9c44a0f7', '{"action":"token_revoked","actor_id":"c2942a81-1563-4150-99f8-ab6435e7b47b","actor_username":"bishi2222@naver.com","actor_via_sso":false,"log_type":"token"}', '2025-07-30 11:58:04.392525+00', ''),
	('00000000-0000-0000-0000-000000000000', '26403128-f176-4a3d-bae7-59139a759639', '{"action":"login","actor_id":"4596486f-dbe9-4f04-9e19-6b336c209094","actor_username":"bishi222@naver.com","actor_via_sso":false,"log_type":"account","traits":{"provider":"email"}}', '2025-08-01 03:34:18.558181+00', ''),
	('00000000-0000-0000-0000-000000000000', '4c555b8a-aa1f-4382-8180-33d7f6975e22', '{"action":"login","actor_id":"b25009df-279b-4a86-a655-992ed6f56a9f","actor_name":"-두호杜怙","actor_username":"5rnlrhdwk@gmail.com","actor_via_sso":false,"log_type":"account","traits":{"provider":"google"}}', '2025-07-30 11:58:30.503211+00', ''),
	('00000000-0000-0000-0000-000000000000', '5a5a4516-05d2-43dc-95e3-4fbd30b29049', '{"action":"login","actor_id":"b25009df-279b-4a86-a655-992ed6f56a9f","actor_name":"-두호杜怙","actor_username":"5rnlrhdwk@gmail.com","actor_via_sso":false,"log_type":"account","traits":{"provider_type":"google"}}', '2025-07-30 11:58:32.054128+00', ''),
	('00000000-0000-0000-0000-000000000000', '205ad60c-08a5-4624-8664-8c18745d7b57', '{"action":"token_refreshed","actor_id":"b25009df-279b-4a86-a655-992ed6f56a9f","actor_name":"-두호杜怙","actor_username":"5rnlrhdwk@gmail.com","actor_via_sso":false,"log_type":"token"}', '2025-07-30 13:39:03.241507+00', ''),
	('00000000-0000-0000-0000-000000000000', '804dcdf2-fdde-40a3-833d-1cdd56947fa7', '{"action":"token_revoked","actor_id":"b25009df-279b-4a86-a655-992ed6f56a9f","actor_name":"-두호杜怙","actor_username":"5rnlrhdwk@gmail.com","actor_via_sso":false,"log_type":"token"}', '2025-07-30 13:39:03.242445+00', ''),
	('00000000-0000-0000-0000-000000000000', '9a2000c0-e0c8-4da3-b9bf-0bcd5baae769', '{"action":"token_refreshed","actor_id":"c2942a81-1563-4150-99f8-ab6435e7b47b","actor_username":"bishi2222@naver.com","actor_via_sso":false,"log_type":"token"}', '2025-07-30 14:44:57.364946+00', ''),
	('00000000-0000-0000-0000-000000000000', 'ae04ce8e-0354-416f-979e-efcd4899ac67', '{"action":"token_revoked","actor_id":"c2942a81-1563-4150-99f8-ab6435e7b47b","actor_username":"bishi2222@naver.com","actor_via_sso":false,"log_type":"token"}', '2025-07-30 14:44:57.365893+00', ''),
	('00000000-0000-0000-0000-000000000000', 'e274fd5e-410e-475d-b114-e9054023f08d', '{"action":"token_refreshed","actor_id":"b25009df-279b-4a86-a655-992ed6f56a9f","actor_name":"-두호杜怙","actor_username":"5rnlrhdwk@gmail.com","actor_via_sso":false,"log_type":"token"}', '2025-07-30 14:45:30.036926+00', ''),
	('00000000-0000-0000-0000-000000000000', '4209083f-9703-4bf5-b129-4cc7d9c981b3', '{"action":"token_revoked","actor_id":"b25009df-279b-4a86-a655-992ed6f56a9f","actor_name":"-두호杜怙","actor_username":"5rnlrhdwk@gmail.com","actor_via_sso":false,"log_type":"token"}', '2025-07-30 14:45:30.037828+00', ''),
	('00000000-0000-0000-0000-000000000000', '58c63b6f-83ec-426e-b4c9-9e264466a4c6', '{"action":"token_refreshed","actor_id":"c2942a81-1563-4150-99f8-ab6435e7b47b","actor_username":"bishi2222@naver.com","actor_via_sso":false,"log_type":"token"}', '2025-07-30 15:43:34.775998+00', ''),
	('00000000-0000-0000-0000-000000000000', '8903992f-6517-4037-9da1-96225acfecbc', '{"action":"token_revoked","actor_id":"c2942a81-1563-4150-99f8-ab6435e7b47b","actor_username":"bishi2222@naver.com","actor_via_sso":false,"log_type":"token"}', '2025-07-30 15:43:34.777715+00', ''),
	('00000000-0000-0000-0000-000000000000', '7ca6b005-103a-415b-96e9-bc1fb7c05c3e', '{"action":"logout","actor_id":"c2942a81-1563-4150-99f8-ab6435e7b47b","actor_username":"bishi2222@naver.com","actor_via_sso":false,"log_type":"account"}', '2025-07-30 15:43:37.699664+00', ''),
	('00000000-0000-0000-0000-000000000000', '98fbd83c-2b1b-4174-b563-5db93b84eb04', '{"action":"login","actor_id":"12090a60-a97c-419d-898d-f0010838e0a2","actor_name":"김두호","actor_username":"dooho@duly.co.kr","actor_via_sso":false,"log_type":"account","traits":{"provider":"google"}}', '2025-07-30 15:43:50.005546+00', ''),
	('00000000-0000-0000-0000-000000000000', '6f6f557a-632a-41f9-a3b1-8599dd1066c0', '{"action":"login","actor_id":"12090a60-a97c-419d-898d-f0010838e0a2","actor_name":"김두호","actor_username":"dooho@duly.co.kr","actor_via_sso":false,"log_type":"account","traits":{"provider_type":"google"}}', '2025-07-30 15:43:51.631949+00', ''),
	('00000000-0000-0000-0000-000000000000', '5a2c2ddf-98ba-44bc-aa27-9add0b9f8ea2', '{"action":"token_refreshed","actor_id":"b25009df-279b-4a86-a655-992ed6f56a9f","actor_name":"-두호杜怙","actor_username":"5rnlrhdwk@gmail.com","actor_via_sso":false,"log_type":"token"}', '2025-07-30 16:42:18.683136+00', ''),
	('00000000-0000-0000-0000-000000000000', 'bba7ad92-3397-4a12-83ea-9dcd4923df0e', '{"action":"token_revoked","actor_id":"b25009df-279b-4a86-a655-992ed6f56a9f","actor_name":"-두호杜怙","actor_username":"5rnlrhdwk@gmail.com","actor_via_sso":false,"log_type":"token"}', '2025-07-30 16:42:18.684022+00', ''),
	('00000000-0000-0000-0000-000000000000', '074cbd36-e8fd-4879-943a-7e61df5e8042', '{"action":"token_refreshed","actor_id":"12090a60-a97c-419d-898d-f0010838e0a2","actor_name":"김두호","actor_username":"dooho@duly.co.kr","actor_via_sso":false,"log_type":"token"}', '2025-07-30 23:17:18.177421+00', ''),
	('00000000-0000-0000-0000-000000000000', '620fca92-e217-4e1e-ac88-72e1284dd597', '{"action":"token_revoked","actor_id":"12090a60-a97c-419d-898d-f0010838e0a2","actor_name":"김두호","actor_username":"dooho@duly.co.kr","actor_via_sso":false,"log_type":"token"}', '2025-07-30 23:17:18.179306+00', ''),
	('00000000-0000-0000-0000-000000000000', '9808deea-7f7f-4126-9972-36ef39d2af17', '{"action":"token_refreshed","actor_id":"b25009df-279b-4a86-a655-992ed6f56a9f","actor_name":"-두호杜怙","actor_username":"5rnlrhdwk@gmail.com","actor_via_sso":false,"log_type":"token"}', '2025-07-30 23:58:50.602769+00', ''),
	('00000000-0000-0000-0000-000000000000', 'f04bfaa2-aec3-4ec2-8f64-e98321d2454b', '{"action":"token_revoked","actor_id":"b25009df-279b-4a86-a655-992ed6f56a9f","actor_name":"-두호杜怙","actor_username":"5rnlrhdwk@gmail.com","actor_via_sso":false,"log_type":"token"}', '2025-07-30 23:58:50.603694+00', ''),
	('00000000-0000-0000-0000-000000000000', 'ba92f3bf-9b90-49d9-aced-479d2cf44c6b', '{"action":"token_refreshed","actor_id":"b25009df-279b-4a86-a655-992ed6f56a9f","actor_name":"-두호杜怙","actor_username":"5rnlrhdwk@gmail.com","actor_via_sso":false,"log_type":"token"}', '2025-07-31 01:28:37.671012+00', ''),
	('00000000-0000-0000-0000-000000000000', '068591c9-7099-46cf-91cb-7ecae879505a', '{"action":"token_revoked","actor_id":"b25009df-279b-4a86-a655-992ed6f56a9f","actor_name":"-두호杜怙","actor_username":"5rnlrhdwk@gmail.com","actor_via_sso":false,"log_type":"token"}', '2025-07-31 01:28:37.67204+00', ''),
	('00000000-0000-0000-0000-000000000000', '36840c16-edaa-48df-8490-5ca946120009', '{"action":"token_refreshed","actor_id":"b25009df-279b-4a86-a655-992ed6f56a9f","actor_name":"-두호杜怙","actor_username":"5rnlrhdwk@gmail.com","actor_via_sso":false,"log_type":"token"}', '2025-07-31 02:36:52.36214+00', ''),
	('00000000-0000-0000-0000-000000000000', '38db7a56-6e93-4fc9-a63b-89d91ccb3b6d', '{"action":"token_revoked","actor_id":"b25009df-279b-4a86-a655-992ed6f56a9f","actor_name":"-두호杜怙","actor_username":"5rnlrhdwk@gmail.com","actor_via_sso":false,"log_type":"token"}', '2025-07-31 02:36:52.363119+00', ''),
	('00000000-0000-0000-0000-000000000000', '5af50407-57c5-4bbc-861b-aa22e57ad596', '{"action":"login","actor_id":"c2942a81-1563-4150-99f8-ab6435e7b47b","actor_username":"bishi2222@naver.com","actor_via_sso":false,"log_type":"account","traits":{"provider":"email"}}', '2025-07-31 02:37:30.220056+00', ''),
	('00000000-0000-0000-0000-000000000000', '6a0383eb-9b38-4f81-9ece-58a5e9534add', '{"action":"logout","actor_id":"c2942a81-1563-4150-99f8-ab6435e7b47b","actor_username":"bishi2222@naver.com","actor_via_sso":false,"log_type":"account"}', '2025-07-31 02:37:30.900147+00', ''),
	('00000000-0000-0000-0000-000000000000', '4c0630e9-096e-4282-b65f-9039a05e942a', '{"action":"login","actor_id":"c2942a81-1563-4150-99f8-ab6435e7b47b","actor_username":"bishi2222@naver.com","actor_via_sso":false,"log_type":"account","traits":{"provider":"email"}}', '2025-07-31 02:38:47.095031+00', ''),
	('00000000-0000-0000-0000-000000000000', '5d65842c-65e1-438b-aa87-624acf108846', '{"action":"logout","actor_id":"c2942a81-1563-4150-99f8-ab6435e7b47b","actor_username":"bishi2222@naver.com","actor_via_sso":false,"log_type":"account"}', '2025-07-31 02:38:47.445881+00', ''),
	('00000000-0000-0000-0000-000000000000', '4e75e48c-30c9-4492-83f6-d20d557130ba', '{"action":"login","actor_id":"c2942a81-1563-4150-99f8-ab6435e7b47b","actor_username":"bishi2222@naver.com","actor_via_sso":false,"log_type":"account","traits":{"provider":"email"}}', '2025-07-31 02:44:02.544156+00', ''),
	('00000000-0000-0000-0000-000000000000', 'b325aeea-53a3-4ef2-af62-2979a16a8979', '{"action":"login","actor_id":"c2942a81-1563-4150-99f8-ab6435e7b47b","actor_username":"bishi2222@naver.com","actor_via_sso":false,"log_type":"account","traits":{"provider":"email"}}', '2025-07-31 02:44:26.816572+00', ''),
	('00000000-0000-0000-0000-000000000000', '45df7c30-0aea-4a2e-85f8-0d9e2a8452f9', '{"action":"login","actor_id":"b25009df-279b-4a86-a655-992ed6f56a9f","actor_name":"-두호杜怙","actor_username":"5rnlrhdwk@gmail.com","actor_via_sso":false,"log_type":"account","traits":{"provider":"google"}}', '2025-07-31 02:48:34.387783+00', ''),
	('00000000-0000-0000-0000-000000000000', '40540ff6-5b06-4718-b6c8-9147a5c38d73', '{"action":"logout","actor_id":"4596486f-dbe9-4f04-9e19-6b336c209094","actor_username":"bishi222@naver.com","actor_via_sso":false,"log_type":"account"}', '2025-08-01 03:34:19.170324+00', ''),
	('00000000-0000-0000-0000-000000000000', 'fa8534ca-be31-4db2-90ce-00cf698b7010', '{"action":"login","actor_id":"b25009df-279b-4a86-a655-992ed6f56a9f","actor_name":"-두호杜怙","actor_username":"5rnlrhdwk@gmail.com","actor_via_sso":false,"log_type":"account","traits":{"provider_type":"google"}}', '2025-07-31 02:48:38.811399+00', ''),
	('00000000-0000-0000-0000-000000000000', '63bd6c92-0be0-4e3e-9041-656950abc65c', '{"action":"login","actor_id":"1b9a5015-5607-47b7-89d7-ac9a121ea228","actor_name":"김두호","actor_username":"bishi222@nate.com","actor_via_sso":false,"log_type":"account","traits":{"provider":"kakao"}}', '2025-07-31 02:49:27.6054+00', ''),
	('00000000-0000-0000-0000-000000000000', '2955ad77-7a5d-4767-b729-5605349a0324', '{"action":"login","actor_id":"1b9a5015-5607-47b7-89d7-ac9a121ea228","actor_name":"김두호","actor_username":"bishi222@nate.com","actor_via_sso":false,"log_type":"account","traits":{"provider_type":"kakao"}}', '2025-07-31 02:49:28.278071+00', ''),
	('00000000-0000-0000-0000-000000000000', '3a98267f-272d-4848-b67a-d0fcfe3cff8f', '{"action":"login","actor_id":"c2942a81-1563-4150-99f8-ab6435e7b47b","actor_username":"bishi2222@naver.com","actor_via_sso":false,"log_type":"account","traits":{"provider":"email"}}', '2025-07-31 02:50:44.80973+00', ''),
	('00000000-0000-0000-0000-000000000000', 'c3235d7a-1925-47a0-ba1f-bb66d6accbde', '{"action":"login","actor_id":"c2942a81-1563-4150-99f8-ab6435e7b47b","actor_username":"bishi2222@naver.com","actor_via_sso":false,"log_type":"account","traits":{"provider":"email"}}', '2025-07-31 02:51:45.93312+00', ''),
	('00000000-0000-0000-0000-000000000000', '610fe8c4-3850-45b0-a87e-a111f5615527', '{"action":"user_repeated_signup","actor_id":"c2942a81-1563-4150-99f8-ab6435e7b47b","actor_username":"bishi2222@naver.com","actor_via_sso":false,"log_type":"user","traits":{"provider":"email"}}', '2025-07-31 02:53:21.838126+00', ''),
	('00000000-0000-0000-0000-000000000000', '789fcb94-9bf7-4534-85a7-974ec79cf1b8', '{"action":"user_signedup","actor_id":"c9387b8c-812f-4050-8df4-46cab93853f3","actor_name":"김두호","actor_username":"bishi222@naver.com","actor_via_sso":false,"log_type":"team","traits":{"provider":"email"}}', '2025-07-31 02:53:47.765301+00', ''),
	('00000000-0000-0000-0000-000000000000', 'b0a31c45-4ab9-441f-9962-d1eac6423edb', '{"action":"login","actor_id":"c9387b8c-812f-4050-8df4-46cab93853f3","actor_name":"김두호","actor_username":"bishi222@naver.com","actor_via_sso":false,"log_type":"account","traits":{"provider":"email"}}', '2025-07-31 02:53:47.770748+00', ''),
	('00000000-0000-0000-0000-000000000000', '67d6fa5f-3f02-4c40-ac1c-c67c2fc1152a', '{"action":"login","actor_id":"c9387b8c-812f-4050-8df4-46cab93853f3","actor_name":"김두호","actor_username":"bishi222@naver.com","actor_via_sso":false,"log_type":"account","traits":{"provider":"email"}}', '2025-07-31 02:53:54.97796+00', ''),
	('00000000-0000-0000-0000-000000000000', '81ca2a9a-0427-412a-884c-855167118057', '{"action":"login","actor_id":"b25009df-279b-4a86-a655-992ed6f56a9f","actor_name":"-두호杜怙","actor_username":"5rnlrhdwk@gmail.com","actor_via_sso":false,"log_type":"account","traits":{"provider":"google"}}', '2025-07-31 02:54:35.773017+00', ''),
	('00000000-0000-0000-0000-000000000000', 'af132b99-eae3-458c-8861-e8077a421f28', '{"action":"login","actor_id":"b25009df-279b-4a86-a655-992ed6f56a9f","actor_name":"-두호杜怙","actor_username":"5rnlrhdwk@gmail.com","actor_via_sso":false,"log_type":"account","traits":{"provider_type":"google"}}', '2025-07-31 02:54:36.570989+00', ''),
	('00000000-0000-0000-0000-000000000000', 'defb0a72-c0dc-48b4-8014-9f30c5f397e9', '{"action":"user_signedup","actor_id":"d9879b0d-9916-4f86-b511-da2979380949","actor_name":"김두호","actor_username":"bishi2222@naver.com","actor_via_sso":false,"log_type":"team","traits":{"provider":"email"}}', '2025-07-31 03:02:23.664826+00', ''),
	('00000000-0000-0000-0000-000000000000', 'd2363f0f-5095-4438-83c8-1f3633f7053b', '{"action":"login","actor_id":"d9879b0d-9916-4f86-b511-da2979380949","actor_name":"김두호","actor_username":"bishi2222@naver.com","actor_via_sso":false,"log_type":"account","traits":{"provider":"email"}}', '2025-07-31 03:02:23.671079+00', ''),
	('00000000-0000-0000-0000-000000000000', '746305ea-ec7f-4884-a64c-b90c8f438a7e', '{"action":"login","actor_id":"d9879b0d-9916-4f86-b511-da2979380949","actor_name":"김두호","actor_username":"bishi2222@naver.com","actor_via_sso":false,"log_type":"account","traits":{"provider":"email"}}', '2025-07-31 03:02:29.624588+00', ''),
	('00000000-0000-0000-0000-000000000000', '407d34a0-631a-441a-943c-cdea6bbda68c', '{"action":"user_signedup","actor_id":"5d51f532-6e05-4c09-8901-33d0419e5191","actor_name":"-두호杜怙","actor_username":"5rnlrhdwk@gmail.com","actor_via_sso":false,"log_type":"team","traits":{"provider":"google"}}', '2025-07-31 03:03:44.182017+00', ''),
	('00000000-0000-0000-0000-000000000000', 'bcb53613-5b88-4924-a5d9-518569141a1f', '{"action":"login","actor_id":"5d51f532-6e05-4c09-8901-33d0419e5191","actor_name":"-두호杜怙","actor_username":"5rnlrhdwk@gmail.com","actor_via_sso":false,"log_type":"account","traits":{"provider_type":"google"}}', '2025-07-31 03:03:47.898212+00', ''),
	('00000000-0000-0000-0000-000000000000', '2b569d9c-2510-4092-a8b2-73468acaa89e', '{"action":"user_signedup","actor_id":"a3b7ecef-f7cc-4349-8181-d41ff70c0412","actor_name":"김두호","actor_username":"bishi222@nate.com","actor_via_sso":false,"log_type":"team","traits":{"provider":"kakao"}}', '2025-07-31 03:04:18.875015+00', ''),
	('00000000-0000-0000-0000-000000000000', 'eab5279d-53ba-48ce-8282-8a30adfb89e8', '{"action":"login","actor_id":"a3b7ecef-f7cc-4349-8181-d41ff70c0412","actor_name":"김두호","actor_username":"bishi222@nate.com","actor_via_sso":false,"log_type":"account","traits":{"provider_type":"kakao"}}', '2025-07-31 03:04:19.536537+00', ''),
	('00000000-0000-0000-0000-000000000000', 'ee5a76ca-e18d-4c00-ac6a-673906b62b2d', '{"action":"login","actor_id":"5d51f532-6e05-4c09-8901-33d0419e5191","actor_name":"-두호杜怙","actor_username":"5rnlrhdwk@gmail.com","actor_via_sso":false,"log_type":"account","traits":{"provider":"google"}}', '2025-07-31 03:12:17.993887+00', ''),
	('00000000-0000-0000-0000-000000000000', '707a08dc-3abb-4498-bbc3-ccf5fbd62842', '{"action":"login","actor_id":"5d51f532-6e05-4c09-8901-33d0419e5191","actor_name":"-두호杜怙","actor_username":"5rnlrhdwk@gmail.com","actor_via_sso":false,"log_type":"account","traits":{"provider_type":"google"}}', '2025-07-31 03:12:22.536612+00', ''),
	('00000000-0000-0000-0000-000000000000', '11602b8c-8caa-4260-ae2a-59637566de42', '{"action":"logout","actor_id":"5d51f532-6e05-4c09-8901-33d0419e5191","actor_name":"-두호杜怙","actor_username":"5rnlrhdwk@gmail.com","actor_via_sso":false,"log_type":"account"}', '2025-07-31 03:12:51.679204+00', ''),
	('00000000-0000-0000-0000-000000000000', '832c0dac-728a-40c0-88e6-ff62166e78ee', '{"action":"user_signedup","actor_id":"9fb06a4a-fb3a-467c-958f-9f22634d145f","actor_name":"김두호","actor_username":"bishi221@naver.com","actor_via_sso":false,"log_type":"team","traits":{"provider":"email"}}', '2025-07-31 03:13:57.136382+00', ''),
	('00000000-0000-0000-0000-000000000000', 'd1383082-ed9f-4db3-9168-5b605a66c75a', '{"action":"login","actor_id":"9fb06a4a-fb3a-467c-958f-9f22634d145f","actor_name":"김두호","actor_username":"bishi221@naver.com","actor_via_sso":false,"log_type":"account","traits":{"provider":"email"}}', '2025-07-31 03:13:57.141342+00', ''),
	('00000000-0000-0000-0000-000000000000', 'a18a5d25-ec57-4487-aa15-8223cc9444a8', '{"action":"login","actor_id":"9fb06a4a-fb3a-467c-958f-9f22634d145f","actor_name":"김두호","actor_username":"bishi221@naver.com","actor_via_sso":false,"log_type":"account","traits":{"provider":"email"}}', '2025-07-31 03:14:04.343883+00', ''),
	('00000000-0000-0000-0000-000000000000', 'ba148373-f468-4600-a0ab-2f9ccde9cc3e', '{"action":"logout","actor_id":"9fb06a4a-fb3a-467c-958f-9f22634d145f","actor_name":"김두호","actor_username":"bishi221@naver.com","actor_via_sso":false,"log_type":"account"}', '2025-07-31 03:14:22.637346+00', ''),
	('00000000-0000-0000-0000-000000000000', '56964a19-940d-4603-abeb-a8486800e120', '{"action":"login","actor_id":"5d51f532-6e05-4c09-8901-33d0419e5191","actor_name":"-두호杜怙","actor_username":"5rnlrhdwk@gmail.com","actor_via_sso":false,"log_type":"account","traits":{"provider":"google"}}', '2025-07-31 03:14:31.750708+00', ''),
	('00000000-0000-0000-0000-000000000000', '259bc66e-1cc0-4b1c-ae7b-cf6b615b3997', '{"action":"login","actor_id":"5d51f532-6e05-4c09-8901-33d0419e5191","actor_name":"-두호杜怙","actor_username":"5rnlrhdwk@gmail.com","actor_via_sso":false,"log_type":"account","traits":{"provider_type":"google"}}', '2025-07-31 03:14:33.388275+00', ''),
	('00000000-0000-0000-0000-000000000000', '7003ec05-c70c-4b33-91c0-5aa8a8c9aaf9', '{"action":"logout","actor_id":"5d51f532-6e05-4c09-8901-33d0419e5191","actor_name":"-두호杜怙","actor_username":"5rnlrhdwk@gmail.com","actor_via_sso":false,"log_type":"account"}', '2025-07-31 03:15:04.143735+00', ''),
	('00000000-0000-0000-0000-000000000000', '8e7b6101-5c41-4478-abc2-b93644692fc7', '{"action":"login","actor_id":"5d51f532-6e05-4c09-8901-33d0419e5191","actor_name":"-두호杜怙","actor_username":"5rnlrhdwk@gmail.com","actor_via_sso":false,"log_type":"account","traits":{"provider":"google"}}', '2025-07-31 03:15:09.907149+00', ''),
	('00000000-0000-0000-0000-000000000000', '325f7527-7cf8-4d56-85a0-18c176a0233f', '{"action":"login","actor_id":"5d51f532-6e05-4c09-8901-33d0419e5191","actor_name":"-두호杜怙","actor_username":"5rnlrhdwk@gmail.com","actor_via_sso":false,"log_type":"account","traits":{"provider_type":"google"}}', '2025-07-31 03:15:10.633681+00', ''),
	('00000000-0000-0000-0000-000000000000', '1ba90279-2a09-47bf-94c0-9cac809841b0', '{"action":"logout","actor_id":"5d51f532-6e05-4c09-8901-33d0419e5191","actor_name":"-두호杜怙","actor_username":"5rnlrhdwk@gmail.com","actor_via_sso":false,"log_type":"account"}', '2025-07-31 03:24:30.610869+00', ''),
	('00000000-0000-0000-0000-000000000000', '8e0a568c-91c2-45d4-850f-5961fe019b20', '{"action":"login","actor_id":"d9879b0d-9916-4f86-b511-da2979380949","actor_name":"김두호","actor_username":"bishi2222@naver.com","actor_via_sso":false,"log_type":"account","traits":{"provider":"email"}}', '2025-07-31 03:24:47.819211+00', ''),
	('00000000-0000-0000-0000-000000000000', '0c4524e1-c896-465c-b441-18a00dac845b', '{"action":"login","actor_id":"d9879b0d-9916-4f86-b511-da2979380949","actor_name":"김두호","actor_username":"bishi2222@naver.com","actor_via_sso":false,"log_type":"account","traits":{"provider":"email"}}', '2025-07-31 03:24:50.320202+00', ''),
	('00000000-0000-0000-0000-000000000000', '57e9dd83-6a19-4e1e-b539-97d15bbc5195', '{"action":"logout","actor_id":"d9879b0d-9916-4f86-b511-da2979380949","actor_name":"김두호","actor_username":"bishi2222@naver.com","actor_via_sso":false,"log_type":"account"}', '2025-07-31 03:24:56.910144+00', ''),
	('00000000-0000-0000-0000-000000000000', 'b7197483-b453-4947-a975-7f5c5a912a25', '{"action":"user_signedup","actor_id":"3d09bc63-934b-4b05-a94c-39d1c03a4a7a","actor_name":"김두호","actor_username":"bishi22@naver.com","actor_via_sso":false,"log_type":"team","traits":{"provider":"email"}}', '2025-07-31 03:25:47.373491+00', ''),
	('00000000-0000-0000-0000-000000000000', '572d4399-c7c9-4b07-a413-23cac162875b', '{"action":"login","actor_id":"3d09bc63-934b-4b05-a94c-39d1c03a4a7a","actor_name":"김두호","actor_username":"bishi22@naver.com","actor_via_sso":false,"log_type":"account","traits":{"provider":"email"}}', '2025-07-31 03:25:47.377509+00', ''),
	('00000000-0000-0000-0000-000000000000', 'f50b2209-2780-404f-9f49-fe62ffcbed32', '{"action":"login","actor_id":"3d09bc63-934b-4b05-a94c-39d1c03a4a7a","actor_name":"김두호","actor_username":"bishi22@naver.com","actor_via_sso":false,"log_type":"account","traits":{"provider":"email"}}', '2025-07-31 03:25:51.706902+00', ''),
	('00000000-0000-0000-0000-000000000000', '6ff81a77-13a7-41ce-85ed-c80a7086102a', '{"action":"logout","actor_id":"3d09bc63-934b-4b05-a94c-39d1c03a4a7a","actor_name":"김두호","actor_username":"bishi22@naver.com","actor_via_sso":false,"log_type":"account"}', '2025-07-31 03:25:55.291938+00', ''),
	('00000000-0000-0000-0000-000000000000', 'e3495dfa-e31c-413b-b2d2-a008d52e4fc2', '{"action":"login","actor_id":"5d51f532-6e05-4c09-8901-33d0419e5191","actor_name":"-두호杜怙","actor_username":"5rnlrhdwk@gmail.com","actor_via_sso":false,"log_type":"account","traits":{"provider":"google"}}', '2025-07-31 03:26:03.061766+00', ''),
	('00000000-0000-0000-0000-000000000000', '2c93ffad-13f9-4bf1-8d97-2b652c586f94', '{"action":"login","actor_id":"5d51f532-6e05-4c09-8901-33d0419e5191","actor_name":"-두호杜怙","actor_username":"5rnlrhdwk@gmail.com","actor_via_sso":false,"log_type":"account","traits":{"provider_type":"google"}}', '2025-07-31 03:26:08.509659+00', ''),
	('00000000-0000-0000-0000-000000000000', '61668068-411c-4891-ac68-112dc56eae03', '{"action":"logout","actor_id":"5d51f532-6e05-4c09-8901-33d0419e5191","actor_name":"-두호杜怙","actor_username":"5rnlrhdwk@gmail.com","actor_via_sso":false,"log_type":"account"}', '2025-07-31 03:29:29.174026+00', ''),
	('00000000-0000-0000-0000-000000000000', 'f65006b9-9498-4532-916f-c122dbc2df17', '{"action":"user_signedup","actor_id":"862b0a3b-7745-47cc-a272-baf1064b53ea","actor_name":"김두호","actor_username":"bis@naver.com","actor_via_sso":false,"log_type":"team","traits":{"provider":"email"}}', '2025-07-31 03:30:10.33696+00', ''),
	('00000000-0000-0000-0000-000000000000', '8eab92a7-245e-4b02-99b1-de494f3d3ca1', '{"action":"login","actor_id":"862b0a3b-7745-47cc-a272-baf1064b53ea","actor_name":"김두호","actor_username":"bis@naver.com","actor_via_sso":false,"log_type":"account","traits":{"provider":"email"}}', '2025-07-31 03:30:10.341053+00', ''),
	('00000000-0000-0000-0000-000000000000', '1f7b38ef-259e-42b2-ac60-04386a8c0c67', '{"action":"login","actor_id":"862b0a3b-7745-47cc-a272-baf1064b53ea","actor_name":"김두호","actor_username":"bis@naver.com","actor_via_sso":false,"log_type":"account","traits":{"provider":"email"}}', '2025-07-31 03:30:15.288332+00', ''),
	('00000000-0000-0000-0000-000000000000', '804b8592-fd3e-4c9a-a92a-ed7afa1725e5', '{"action":"logout","actor_id":"862b0a3b-7745-47cc-a272-baf1064b53ea","actor_name":"김두호","actor_username":"bis@naver.com","actor_via_sso":false,"log_type":"account"}', '2025-07-31 03:30:19.2413+00', ''),
	('00000000-0000-0000-0000-000000000000', '74c6e992-b2d9-4a27-8f79-379df61eb74f', '{"action":"login","actor_id":"5d51f532-6e05-4c09-8901-33d0419e5191","actor_name":"-두호杜怙","actor_username":"5rnlrhdwk@gmail.com","actor_via_sso":false,"log_type":"account","traits":{"provider":"google"}}', '2025-07-31 03:30:58.600155+00', ''),
	('00000000-0000-0000-0000-000000000000', 'e58f24fa-7dbb-4742-9127-51c25f14f743', '{"action":"login","actor_id":"5d51f532-6e05-4c09-8901-33d0419e5191","actor_name":"-두호杜怙","actor_username":"5rnlrhdwk@gmail.com","actor_via_sso":false,"log_type":"account","traits":{"provider_type":"google"}}', '2025-07-31 03:31:04.36092+00', ''),
	('00000000-0000-0000-0000-000000000000', '4b77a90f-31f4-4636-996d-372ed77e0812', '{"action":"user_signedup","actor_id":"9cc68599-01d3-410b-82d1-06eef7117950","actor_name":"김두호","actor_username":"dooho@duly.co.kr","actor_via_sso":false,"log_type":"team","traits":{"provider":"google"}}', '2025-07-31 03:36:55.792765+00', ''),
	('00000000-0000-0000-0000-000000000000', '9c9f159c-6987-47a8-82f9-c94e0ed61211', '{"action":"login","actor_id":"9cc68599-01d3-410b-82d1-06eef7117950","actor_name":"김두호","actor_username":"dooho@duly.co.kr","actor_via_sso":false,"log_type":"account","traits":{"provider_type":"google"}}', '2025-07-31 03:37:00.065392+00', ''),
	('00000000-0000-0000-0000-000000000000', 'ba12c4d8-6208-41ad-9d32-47b0d514a396', '{"action":"user_signedup","actor_id":"a8624c40-dd11-4606-a308-e6e62b46ca47","actor_name":"-두호杜怙","actor_username":"5rnlrhdwk@gmail.com","actor_via_sso":false,"log_type":"team","traits":{"provider":"google"}}', '2025-07-31 03:39:45.328662+00', ''),
	('00000000-0000-0000-0000-000000000000', '4a6c7523-85e0-422d-a51c-42e477aeb3dd', '{"action":"login","actor_id":"a8624c40-dd11-4606-a308-e6e62b46ca47","actor_name":"-두호杜怙","actor_username":"5rnlrhdwk@gmail.com","actor_via_sso":false,"log_type":"account","traits":{"provider_type":"google"}}', '2025-07-31 03:39:47.070544+00', ''),
	('00000000-0000-0000-0000-000000000000', '7e9b5880-ee63-44e6-bfa9-bf9752ce576f', '{"action":"logout","actor_id":"a8624c40-dd11-4606-a308-e6e62b46ca47","actor_name":"-두호杜怙","actor_username":"5rnlrhdwk@gmail.com","actor_via_sso":false,"log_type":"account"}', '2025-07-31 03:41:19.59714+00', ''),
	('00000000-0000-0000-0000-000000000000', 'f136c9cc-0288-4522-b760-db4d5ede2d9d', '{"action":"login","actor_id":"a8624c40-dd11-4606-a308-e6e62b46ca47","actor_name":"-두호杜怙","actor_username":"5rnlrhdwk@gmail.com","actor_via_sso":false,"log_type":"account","traits":{"provider":"google"}}', '2025-07-31 03:41:24.591163+00', ''),
	('00000000-0000-0000-0000-000000000000', '333a0ad5-f7ba-440f-b706-105a1030dd8c', '{"action":"login","actor_id":"a8624c40-dd11-4606-a308-e6e62b46ca47","actor_name":"-두호杜怙","actor_username":"5rnlrhdwk@gmail.com","actor_via_sso":false,"log_type":"account","traits":{"provider_type":"google"}}', '2025-07-31 03:41:26.201973+00', ''),
	('00000000-0000-0000-0000-000000000000', 'd118df06-bd99-46e7-8d78-3b8af9a752d4', '{"action":"logout","actor_id":"a8624c40-dd11-4606-a308-e6e62b46ca47","actor_name":"-두호杜怙","actor_username":"5rnlrhdwk@gmail.com","actor_via_sso":false,"log_type":"account"}', '2025-07-31 03:41:30.090517+00', ''),
	('00000000-0000-0000-0000-000000000000', '713440b0-d7bd-4e63-9a62-129766d78747', '{"action":"user_signedup","actor_id":"2b1bc8e0-6f5f-457a-83e1-0ab745eed980","actor_name":"김두호","actor_username":"dooho@duly.co.kr","actor_via_sso":false,"log_type":"team","traits":{"provider":"google"}}', '2025-07-31 03:42:11.825523+00', ''),
	('00000000-0000-0000-0000-000000000000', 'bf249630-75f9-4dcf-bccb-3541d01fedc0', '{"action":"login","actor_id":"2b1bc8e0-6f5f-457a-83e1-0ab745eed980","actor_name":"김두호","actor_username":"dooho@duly.co.kr","actor_via_sso":false,"log_type":"account","traits":{"provider_type":"google"}}', '2025-07-31 03:42:13.857231+00', ''),
	('00000000-0000-0000-0000-000000000000', '022e9fbf-fe3a-4fbe-a101-48fa17e67c81', '{"action":"logout","actor_id":"2b1bc8e0-6f5f-457a-83e1-0ab745eed980","actor_name":"김두호","actor_username":"dooho@duly.co.kr","actor_via_sso":false,"log_type":"account"}', '2025-07-31 03:42:24.964089+00', ''),
	('00000000-0000-0000-0000-000000000000', 'a3afb1e3-1333-48fc-b181-6b551bd51c6e', '{"action":"login","actor_id":"2b1bc8e0-6f5f-457a-83e1-0ab745eed980","actor_name":"김두호","actor_username":"dooho@duly.co.kr","actor_via_sso":false,"log_type":"account","traits":{"provider":"google"}}', '2025-07-31 03:42:32.803609+00', ''),
	('00000000-0000-0000-0000-000000000000', '2c3bb850-b867-43e2-b9c8-e746461b8015', '{"action":"login","actor_id":"2b1bc8e0-6f5f-457a-83e1-0ab745eed980","actor_name":"김두호","actor_username":"dooho@duly.co.kr","actor_via_sso":false,"log_type":"account","traits":{"provider_type":"google"}}', '2025-07-31 03:42:33.45912+00', ''),
	('00000000-0000-0000-0000-000000000000', '5e981ef5-1305-4dc2-89c9-640caddf6a0c', '{"action":"logout","actor_id":"2b1bc8e0-6f5f-457a-83e1-0ab745eed980","actor_name":"김두호","actor_username":"dooho@duly.co.kr","actor_via_sso":false,"log_type":"account"}', '2025-07-31 03:42:42.134071+00', ''),
	('00000000-0000-0000-0000-000000000000', '02dfbec1-ca81-4aca-9462-2d920aec81ee', '{"action":"login","actor_id":"d9879b0d-9916-4f86-b511-da2979380949","actor_name":"김두호","actor_username":"bishi2222@naver.com","actor_via_sso":false,"log_type":"account","traits":{"provider":"email"}}', '2025-07-31 03:42:50.328406+00', ''),
	('00000000-0000-0000-0000-000000000000', '9cafe183-62c7-4548-af5c-3c77a671c765', '{"action":"logout","actor_id":"d9879b0d-9916-4f86-b511-da2979380949","actor_name":"김두호","actor_username":"bishi2222@naver.com","actor_via_sso":false,"log_type":"account"}', '2025-07-31 03:42:54.40022+00', ''),
	('00000000-0000-0000-0000-000000000000', '1f9d40f5-5fc9-4d51-b69a-38dcf4b2ad46', '{"action":"login","actor_id":"d9879b0d-9916-4f86-b511-da2979380949","actor_name":"김두호","actor_username":"bishi2222@naver.com","actor_via_sso":false,"log_type":"account","traits":{"provider":"email"}}', '2025-07-31 04:52:10.02846+00', ''),
	('00000000-0000-0000-0000-000000000000', '486a7a5b-ecef-4a5c-bf31-fecba2b1958c', '{"action":"login","actor_id":"d9879b0d-9916-4f86-b511-da2979380949","actor_name":"김두호","actor_username":"bishi2222@naver.com","actor_via_sso":false,"log_type":"account","traits":{"provider":"email"}}', '2025-07-31 06:20:01.167415+00', ''),
	('00000000-0000-0000-0000-000000000000', '6ee33801-bec2-4213-9bb7-be172e0b1130', '{"action":"token_refreshed","actor_id":"d9879b0d-9916-4f86-b511-da2979380949","actor_name":"김두호","actor_username":"bishi2222@naver.com","actor_via_sso":false,"log_type":"token"}', '2025-07-31 06:57:55.292759+00', ''),
	('00000000-0000-0000-0000-000000000000', '7ef46ed0-551c-4ce3-9a4b-19c333bc1af4', '{"action":"token_revoked","actor_id":"d9879b0d-9916-4f86-b511-da2979380949","actor_name":"김두호","actor_username":"bishi2222@naver.com","actor_via_sso":false,"log_type":"token"}', '2025-07-31 06:57:55.293743+00', ''),
	('00000000-0000-0000-0000-000000000000', '7193044d-de5c-4342-adcc-8bfe662959d7', '{"action":"token_refreshed","actor_id":"d9879b0d-9916-4f86-b511-da2979380949","actor_name":"김두호","actor_username":"bishi2222@naver.com","actor_via_sso":false,"log_type":"token"}', '2025-07-31 07:18:51.092928+00', ''),
	('00000000-0000-0000-0000-000000000000', '3a217a60-6610-4698-b763-1f79e2e50ce1', '{"action":"token_revoked","actor_id":"d9879b0d-9916-4f86-b511-da2979380949","actor_name":"김두호","actor_username":"bishi2222@naver.com","actor_via_sso":false,"log_type":"token"}', '2025-07-31 07:18:51.096143+00', ''),
	('00000000-0000-0000-0000-000000000000', '1ba01884-8ffa-456a-b5ef-d6739a30f6c3', '{"action":"token_refreshed","actor_id":"d9879b0d-9916-4f86-b511-da2979380949","actor_name":"김두호","actor_username":"bishi2222@naver.com","actor_via_sso":false,"log_type":"token"}', '2025-07-31 09:39:40.872213+00', ''),
	('00000000-0000-0000-0000-000000000000', 'da2fdf3b-e049-4322-b840-081f68376fea', '{"action":"token_revoked","actor_id":"d9879b0d-9916-4f86-b511-da2979380949","actor_name":"김두호","actor_username":"bishi2222@naver.com","actor_via_sso":false,"log_type":"token"}', '2025-07-31 09:39:40.874639+00', ''),
	('00000000-0000-0000-0000-000000000000', 'd0e2ac9f-96bc-469b-93d9-daad96297c0a', '{"action":"login","actor_id":"d9879b0d-9916-4f86-b511-da2979380949","actor_name":"김두호","actor_username":"bishi2222@naver.com","actor_via_sso":false,"log_type":"account","traits":{"provider":"email"}}', '2025-07-31 09:54:32.093468+00', ''),
	('00000000-0000-0000-0000-000000000000', 'da78baa6-dde1-4737-a3e0-4cdca4a23f5f', '{"action":"login","actor_id":"d9879b0d-9916-4f86-b511-da2979380949","actor_name":"김두호","actor_username":"bishi2222@naver.com","actor_via_sso":false,"log_type":"account","traits":{"provider":"email"}}', '2025-07-31 09:54:51.703413+00', ''),
	('00000000-0000-0000-0000-000000000000', 'cf74f44b-bcf3-4534-8371-0154799c3c8d', '{"action":"login","actor_id":"d9879b0d-9916-4f86-b511-da2979380949","actor_name":"김두호","actor_username":"bishi2222@naver.com","actor_via_sso":false,"log_type":"account","traits":{"provider":"email"}}', '2025-07-31 09:55:09.71284+00', ''),
	('00000000-0000-0000-0000-000000000000', '441fecb1-06af-4836-9743-37ff713de74b', '{"action":"login","actor_id":"a8624c40-dd11-4606-a308-e6e62b46ca47","actor_name":"-두호杜怙","actor_username":"5rnlrhdwk@gmail.com","actor_via_sso":false,"log_type":"account","traits":{"provider":"google"}}', '2025-07-31 09:55:30.525142+00', ''),
	('00000000-0000-0000-0000-000000000000', '90c446d8-8d3e-45cf-bea3-53e434d1455c', '{"action":"login","actor_id":"a8624c40-dd11-4606-a308-e6e62b46ca47","actor_name":"-두호杜怙","actor_username":"5rnlrhdwk@gmail.com","actor_via_sso":false,"log_type":"account","traits":{"provider_type":"google"}}', '2025-07-31 09:55:34.898002+00', ''),
	('00000000-0000-0000-0000-000000000000', '46c4b9d3-11b5-4e0f-888e-1b041b547d12', '{"action":"login","actor_id":"d9879b0d-9916-4f86-b511-da2979380949","actor_name":"김두호","actor_username":"bishi2222@naver.com","actor_via_sso":false,"log_type":"account","traits":{"provider":"email"}}', '2025-07-31 09:58:33.645173+00', ''),
	('00000000-0000-0000-0000-000000000000', '3d68c4d9-ebf4-4e3e-b0e0-a262b9231419', '{"action":"login","actor_id":"d9879b0d-9916-4f86-b511-da2979380949","actor_name":"김두호","actor_username":"bishi2222@naver.com","actor_via_sso":false,"log_type":"account","traits":{"provider":"email"}}', '2025-07-31 10:00:20.146311+00', ''),
	('00000000-0000-0000-0000-000000000000', '7db3b5a4-6626-4803-9790-bb72362097c6', '{"action":"login","actor_id":"d9879b0d-9916-4f86-b511-da2979380949","actor_name":"김두호","actor_username":"bishi2222@naver.com","actor_via_sso":false,"log_type":"account","traits":{"provider":"email"}}', '2025-07-31 10:00:46.571202+00', ''),
	('00000000-0000-0000-0000-000000000000', 'bfaaefe2-38d8-4842-8353-9a6ac6e5b8d8', '{"action":"login","actor_id":"a8624c40-dd11-4606-a308-e6e62b46ca47","actor_name":"-두호杜怙","actor_username":"5rnlrhdwk@gmail.com","actor_via_sso":false,"log_type":"account","traits":{"provider":"google"}}', '2025-07-31 10:01:20.709886+00', ''),
	('00000000-0000-0000-0000-000000000000', '5db72f89-dd8d-4858-a8fb-426ddda5e7c0', '{"action":"login","actor_id":"a8624c40-dd11-4606-a308-e6e62b46ca47","actor_name":"-두호杜怙","actor_username":"5rnlrhdwk@gmail.com","actor_via_sso":false,"log_type":"account","traits":{"provider_type":"google"}}', '2025-07-31 10:01:22.836359+00', ''),
	('00000000-0000-0000-0000-000000000000', '53f47734-2e85-47ca-98da-a8591dbf25a6', '{"action":"login","actor_id":"d9879b0d-9916-4f86-b511-da2979380949","actor_name":"김두호","actor_username":"bishi2222@naver.com","actor_via_sso":false,"log_type":"account","traits":{"provider":"email"}}', '2025-07-31 10:04:15.004314+00', ''),
	('00000000-0000-0000-0000-000000000000', 'ea6870fb-169a-4a61-901a-512ed0b0776b', '{"action":"login","actor_id":"d9879b0d-9916-4f86-b511-da2979380949","actor_name":"김두호","actor_username":"bishi2222@naver.com","actor_via_sso":false,"log_type":"account","traits":{"provider":"email"}}', '2025-07-31 10:06:23.939849+00', ''),
	('00000000-0000-0000-0000-000000000000', '4d713747-deb0-4181-ae9d-b1ed4cc59691', '{"action":"login","actor_id":"d9879b0d-9916-4f86-b511-da2979380949","actor_name":"김두호","actor_username":"bishi2222@naver.com","actor_via_sso":false,"log_type":"account","traits":{"provider":"email"}}', '2025-07-31 10:08:28.711915+00', ''),
	('00000000-0000-0000-0000-000000000000', '450ca5d8-a487-4710-b99c-23dd8c254fd8', '{"action":"login","actor_id":"d9879b0d-9916-4f86-b511-da2979380949","actor_name":"김두호","actor_username":"bishi2222@naver.com","actor_via_sso":false,"log_type":"account","traits":{"provider":"email"}}', '2025-07-31 10:13:58.035908+00', ''),
	('00000000-0000-0000-0000-000000000000', '1000383e-1d5d-4771-b406-c38723cfd571', '{"action":"login","actor_id":"d9879b0d-9916-4f86-b511-da2979380949","actor_name":"김두호","actor_username":"bishi2222@naver.com","actor_via_sso":false,"log_type":"account","traits":{"provider":"email"}}', '2025-07-31 10:14:30.200152+00', ''),
	('00000000-0000-0000-0000-000000000000', 'f56024f9-9441-45a7-9a99-21b4d6aca067', '{"action":"login","actor_id":"d9879b0d-9916-4f86-b511-da2979380949","actor_name":"김두호","actor_username":"bishi2222@naver.com","actor_via_sso":false,"log_type":"account","traits":{"provider":"email"}}', '2025-07-31 10:14:43.544286+00', ''),
	('00000000-0000-0000-0000-000000000000', 'bc1acc87-fbee-4203-85b6-bf69041875ab', '{"action":"login","actor_id":"d9879b0d-9916-4f86-b511-da2979380949","actor_name":"김두호","actor_username":"bishi2222@naver.com","actor_via_sso":false,"log_type":"account","traits":{"provider":"email"}}', '2025-07-31 10:15:52.747113+00', ''),
	('00000000-0000-0000-0000-000000000000', '35ef99a8-3f0c-44d8-b091-09f3595e1c15', '{"action":"login","actor_id":"d9879b0d-9916-4f86-b511-da2979380949","actor_name":"김두호","actor_username":"bishi2222@naver.com","actor_via_sso":false,"log_type":"account","traits":{"provider":"email"}}', '2025-07-31 10:27:05.386431+00', ''),
	('00000000-0000-0000-0000-000000000000', '5bc5bd81-6bbf-4aba-ba7d-c653e3c3ee40', '{"action":"user_signedup","actor_id":"488b92fb-06d7-47f1-863e-c30eff1a74e7","actor_name":"김두호","actor_username":"bishi123@naver.com","actor_via_sso":false,"log_type":"team","traits":{"provider":"email"}}', '2025-07-31 10:28:39.821318+00', ''),
	('00000000-0000-0000-0000-000000000000', '4b99ee9b-de0a-4cdb-89c8-3d276520d529', '{"action":"login","actor_id":"488b92fb-06d7-47f1-863e-c30eff1a74e7","actor_name":"김두호","actor_username":"bishi123@naver.com","actor_via_sso":false,"log_type":"account","traits":{"provider":"email"}}', '2025-07-31 10:28:39.825453+00', ''),
	('00000000-0000-0000-0000-000000000000', '48c84808-511a-4045-9f68-2a7005d3d473', '{"action":"login","actor_id":"488b92fb-06d7-47f1-863e-c30eff1a74e7","actor_name":"김두호","actor_username":"bishi123@naver.com","actor_via_sso":false,"log_type":"account","traits":{"provider":"email"}}', '2025-07-31 10:28:48.079755+00', ''),
	('00000000-0000-0000-0000-000000000000', '758a9c17-ec56-42d0-b5bd-c32d6102e55e', '{"action":"login","actor_id":"488b92fb-06d7-47f1-863e-c30eff1a74e7","actor_name":"김두호","actor_username":"bishi123@naver.com","actor_via_sso":false,"log_type":"account","traits":{"provider":"email"}}', '2025-07-31 10:30:04.45437+00', ''),
	('00000000-0000-0000-0000-000000000000', 'e3388d8f-c225-4d8d-a3b1-5d987478a255', '{"action":"login","actor_id":"d9879b0d-9916-4f86-b511-da2979380949","actor_name":"김두호","actor_username":"bishi2222@naver.com","actor_via_sso":false,"log_type":"account","traits":{"provider":"email"}}', '2025-07-31 10:31:18.741159+00', ''),
	('00000000-0000-0000-0000-000000000000', '2af8f4da-e0c9-4c83-b61a-ed6f973d542f', '{"action":"user_signedup","actor_id":"4e694ca4-4d09-4aab-9d3e-a64ea21a6ad0","actor_name":"김두호","actor_username":"bishi222@nate.com","actor_via_sso":false,"log_type":"team","traits":{"provider":"kakao"}}', '2025-07-31 10:41:48.114995+00', ''),
	('00000000-0000-0000-0000-000000000000', 'dcbf7cd3-633d-496d-8c2d-82060f6662bb', '{"action":"login","actor_id":"4e694ca4-4d09-4aab-9d3e-a64ea21a6ad0","actor_name":"김두호","actor_username":"bishi222@nate.com","actor_via_sso":false,"log_type":"account","traits":{"provider_type":"kakao"}}', '2025-07-31 10:41:50.590512+00', ''),
	('00000000-0000-0000-0000-000000000000', 'a41d0fa7-1a66-4db2-b809-fe5b7fccf616', '{"action":"login","actor_id":"d9879b0d-9916-4f86-b511-da2979380949","actor_name":"김두호","actor_username":"bishi2222@naver.com","actor_via_sso":false,"log_type":"account","traits":{"provider":"email"}}', '2025-07-31 10:42:59.914046+00', ''),
	('00000000-0000-0000-0000-000000000000', '0493e457-06e6-4316-b4c8-09aa0f32ecb3', '{"action":"login","actor_id":"d9879b0d-9916-4f86-b511-da2979380949","actor_name":"김두호","actor_username":"bishi2222@naver.com","actor_via_sso":false,"log_type":"account","traits":{"provider":"email"}}', '2025-07-31 10:43:27.281948+00', ''),
	('00000000-0000-0000-0000-000000000000', 'd60c6132-27a5-4d54-a366-9d5e7aa3fc55', '{"action":"logout","actor_id":"d9879b0d-9916-4f86-b511-da2979380949","actor_name":"김두호","actor_username":"bishi2222@naver.com","actor_via_sso":false,"log_type":"account"}', '2025-07-31 10:43:31.955703+00', ''),
	('00000000-0000-0000-0000-000000000000', 'a2adfb47-7b33-49a2-8323-6224f5770daf', '{"action":"login","actor_id":"a8624c40-dd11-4606-a308-e6e62b46ca47","actor_name":"-두호杜怙","actor_username":"5rnlrhdwk@gmail.com","actor_via_sso":false,"log_type":"account","traits":{"provider":"google"}}', '2025-07-31 10:43:52.834237+00', ''),
	('00000000-0000-0000-0000-000000000000', '239589c5-af72-4bec-9ba1-5843280b4d37', '{"action":"login","actor_id":"a8624c40-dd11-4606-a308-e6e62b46ca47","actor_name":"-두호杜怙","actor_username":"5rnlrhdwk@gmail.com","actor_via_sso":false,"log_type":"account","traits":{"provider_type":"google"}}', '2025-07-31 10:43:53.759015+00', ''),
	('00000000-0000-0000-0000-000000000000', '09f78264-1985-4840-8c47-a9b064a03338', '{"action":"login","actor_id":"a8624c40-dd11-4606-a308-e6e62b46ca47","actor_name":"-두호杜怙","actor_username":"5rnlrhdwk@gmail.com","actor_via_sso":false,"log_type":"account","traits":{"provider":"google"}}', '2025-07-31 10:44:52.375626+00', ''),
	('00000000-0000-0000-0000-000000000000', '2f3f3b48-1fc6-466d-b81b-606de7d5fdfd', '{"action":"login","actor_id":"a8624c40-dd11-4606-a308-e6e62b46ca47","actor_name":"-두호杜怙","actor_username":"5rnlrhdwk@gmail.com","actor_via_sso":false,"log_type":"account","traits":{"provider_type":"google"}}', '2025-07-31 10:44:53.657194+00', ''),
	('00000000-0000-0000-0000-000000000000', '8d571a7d-289e-4cf3-9bcb-d77dbb9c766e', '{"action":"login","actor_id":"2b1bc8e0-6f5f-457a-83e1-0ab745eed980","actor_name":"김두호","actor_username":"dooho@duly.co.kr","actor_via_sso":false,"log_type":"account","traits":{"provider":"google"}}', '2025-07-31 10:48:22.025648+00', ''),
	('00000000-0000-0000-0000-000000000000', '77c03973-3c3f-4529-aece-ea0b109bc028', '{"action":"login","actor_id":"2b1bc8e0-6f5f-457a-83e1-0ab745eed980","actor_name":"김두호","actor_username":"dooho@duly.co.kr","actor_via_sso":false,"log_type":"account","traits":{"provider_type":"google"}}', '2025-07-31 10:48:23.582144+00', ''),
	('00000000-0000-0000-0000-000000000000', 'dba7c08d-cb90-455d-bef5-5ef30c14236c', '{"action":"login","actor_id":"a8624c40-dd11-4606-a308-e6e62b46ca47","actor_name":"-두호杜怙","actor_username":"5rnlrhdwk@gmail.com","actor_via_sso":false,"log_type":"account","traits":{"provider":"google"}}', '2025-07-31 11:19:31.410499+00', ''),
	('00000000-0000-0000-0000-000000000000', 'cd096f04-1a96-4051-a1e0-c032dd200501', '{"action":"login","actor_id":"a8624c40-dd11-4606-a308-e6e62b46ca47","actor_name":"-두호杜怙","actor_username":"5rnlrhdwk@gmail.com","actor_via_sso":false,"log_type":"account","traits":{"provider_type":"google"}}', '2025-07-31 11:19:34.611034+00', ''),
	('00000000-0000-0000-0000-000000000000', '1e5e6692-c5b0-4349-b878-02953a251989', '{"action":"login","actor_id":"d9879b0d-9916-4f86-b511-da2979380949","actor_name":"김두호","actor_username":"bishi2222@naver.com","actor_via_sso":false,"log_type":"account","traits":{"provider":"email"}}', '2025-07-31 11:20:53.754438+00', ''),
	('00000000-0000-0000-0000-000000000000', 'b67ecd58-2eea-44f2-b90a-2b7b6269dc7c', '{"action":"login","actor_id":"d9879b0d-9916-4f86-b511-da2979380949","actor_name":"김두호","actor_username":"bishi2222@naver.com","actor_via_sso":false,"log_type":"account","traits":{"provider":"email"}}', '2025-07-31 11:21:22.972017+00', ''),
	('00000000-0000-0000-0000-000000000000', '94dfa3dd-84b7-444a-9592-e600b054c1d4', '{"action":"user_signedup","actor_id":"7044da14-e374-4bbf-b7ea-148a2cfb9311","actor_name":"테스트 담당자","actor_username":"test@example.com","actor_via_sso":false,"log_type":"team","traits":{"provider":"email"}}', '2025-07-31 11:28:15.020117+00', ''),
	('00000000-0000-0000-0000-000000000000', 'ec375929-85fa-4816-8de5-67f956ee7480', '{"action":"login","actor_id":"7044da14-e374-4bbf-b7ea-148a2cfb9311","actor_name":"테스트 담당자","actor_username":"test@example.com","actor_via_sso":false,"log_type":"account","traits":{"provider":"email"}}', '2025-07-31 11:28:15.028493+00', ''),
	('00000000-0000-0000-0000-000000000000', '1b5061eb-87f0-4995-abdd-e267a8a8bf57', '{"action":"login","actor_id":"7044da14-e374-4bbf-b7ea-148a2cfb9311","actor_name":"테스트 담당자","actor_username":"test@example.com","actor_via_sso":false,"log_type":"account","traits":{"provider":"email"}}', '2025-07-31 11:30:55.835748+00', ''),
	('00000000-0000-0000-0000-000000000000', '470f79e1-0992-45e8-a70d-5965773c0125', '{"action":"login","actor_id":"a8624c40-dd11-4606-a308-e6e62b46ca47","actor_name":"-두호杜怙","actor_username":"5rnlrhdwk@gmail.com","actor_via_sso":false,"log_type":"account","traits":{"provider":"google"}}', '2025-07-31 11:33:34.159362+00', ''),
	('00000000-0000-0000-0000-000000000000', '1ac1f8de-ae0e-4657-9adb-08f032eab12f', '{"action":"login","actor_id":"a8624c40-dd11-4606-a308-e6e62b46ca47","actor_name":"-두호杜怙","actor_username":"5rnlrhdwk@gmail.com","actor_via_sso":false,"log_type":"account","traits":{"provider_type":"google"}}', '2025-07-31 11:33:37.505708+00', ''),
	('00000000-0000-0000-0000-000000000000', 'b149f544-45f9-44fe-a44f-7bfd916d21bd', '{"action":"login","actor_id":"a8624c40-dd11-4606-a308-e6e62b46ca47","actor_name":"-두호杜怙","actor_username":"5rnlrhdwk@gmail.com","actor_via_sso":false,"log_type":"account","traits":{"provider":"google"}}', '2025-07-31 11:33:50.192732+00', ''),
	('00000000-0000-0000-0000-000000000000', 'c0c2b5b5-93f3-478d-9a72-95aa6eb6359c', '{"action":"login","actor_id":"a8624c40-dd11-4606-a308-e6e62b46ca47","actor_name":"-두호杜怙","actor_username":"5rnlrhdwk@gmail.com","actor_via_sso":false,"log_type":"account","traits":{"provider_type":"google"}}', '2025-07-31 11:33:50.855008+00', ''),
	('00000000-0000-0000-0000-000000000000', '02f10622-82ed-4f68-a200-211a07643c81', '{"action":"login","actor_id":"a8624c40-dd11-4606-a308-e6e62b46ca47","actor_name":"-두호杜怙","actor_username":"5rnlrhdwk@gmail.com","actor_via_sso":false,"log_type":"account","traits":{"provider":"google"}}', '2025-07-31 11:34:10.232812+00', ''),
	('00000000-0000-0000-0000-000000000000', '00636bb0-ecce-43fb-975a-2882b3302aac', '{"action":"login","actor_id":"a8624c40-dd11-4606-a308-e6e62b46ca47","actor_name":"-두호杜怙","actor_username":"5rnlrhdwk@gmail.com","actor_via_sso":false,"log_type":"account","traits":{"provider_type":"google"}}', '2025-07-31 11:34:11.634334+00', ''),
	('00000000-0000-0000-0000-000000000000', '599549bc-c982-4d73-ad76-e7c77d1539c3', '{"action":"login","actor_id":"2b1bc8e0-6f5f-457a-83e1-0ab745eed980","actor_name":"김두호","actor_username":"dooho@duly.co.kr","actor_via_sso":false,"log_type":"account","traits":{"provider":"google"}}', '2025-07-31 11:36:21.79895+00', ''),
	('00000000-0000-0000-0000-000000000000', '471d67be-c259-44aa-b537-3d3d30cfa599', '{"action":"login","actor_id":"2b1bc8e0-6f5f-457a-83e1-0ab745eed980","actor_name":"김두호","actor_username":"dooho@duly.co.kr","actor_via_sso":false,"log_type":"account","traits":{"provider_type":"google"}}', '2025-07-31 11:36:24.151889+00', ''),
	('00000000-0000-0000-0000-000000000000', '4d3dfcb6-526c-4cc1-a804-7ef19b235738', '{"action":"user_signedup","actor_id":"f4f4cb25-2308-4476-8e47-a7a71ecb0896","actor_name":"于楠","actor_username":"yunan7837@gmail.com","actor_via_sso":false,"log_type":"team","traits":{"provider":"google"}}', '2025-07-31 11:41:04.828886+00', ''),
	('00000000-0000-0000-0000-000000000000', '75dd201f-fa4a-4913-a4c4-7cd74089b121', '{"action":"login","actor_id":"f4f4cb25-2308-4476-8e47-a7a71ecb0896","actor_name":"于楠","actor_username":"yunan7837@gmail.com","actor_via_sso":false,"log_type":"account","traits":{"provider_type":"google"}}', '2025-07-31 11:41:06.20561+00', ''),
	('00000000-0000-0000-0000-000000000000', '80ddb3cf-3f7b-4d65-98f0-f9eebb3ff157', '{"action":"login","actor_id":"2b1bc8e0-6f5f-457a-83e1-0ab745eed980","actor_name":"김두호","actor_username":"dooho@duly.co.kr","actor_via_sso":false,"log_type":"account","traits":{"provider":"google"}}', '2025-07-31 11:59:16.231818+00', ''),
	('00000000-0000-0000-0000-000000000000', '2a57cd17-d847-4165-8866-94448fd05cc4', '{"action":"login","actor_id":"2b1bc8e0-6f5f-457a-83e1-0ab745eed980","actor_name":"김두호","actor_username":"dooho@duly.co.kr","actor_via_sso":false,"log_type":"account","traits":{"provider_type":"google"}}', '2025-07-31 11:59:17.91848+00', ''),
	('00000000-0000-0000-0000-000000000000', 'fd32f08a-7e97-4557-ad0a-0f2b186267b3', '{"action":"login","actor_id":"2b1bc8e0-6f5f-457a-83e1-0ab745eed980","actor_name":"김두호","actor_username":"dooho@duly.co.kr","actor_via_sso":false,"log_type":"account","traits":{"provider":"google"}}', '2025-07-31 12:24:47.830127+00', ''),
	('00000000-0000-0000-0000-000000000000', '9fc8c41d-4428-49e9-a53a-685daa5aa71c', '{"action":"login","actor_id":"2b1bc8e0-6f5f-457a-83e1-0ab745eed980","actor_name":"김두호","actor_username":"dooho@duly.co.kr","actor_via_sso":false,"log_type":"account","traits":{"provider_type":"google"}}', '2025-07-31 12:24:49.213617+00', ''),
	('00000000-0000-0000-0000-000000000000', '32891d0f-b9bc-4145-afab-7bb1ab397b59', '{"action":"login","actor_id":"2b1bc8e0-6f5f-457a-83e1-0ab745eed980","actor_name":"김두호","actor_username":"dooho@duly.co.kr","actor_via_sso":false,"log_type":"account","traits":{"provider":"google"}}', '2025-07-31 12:26:43.83648+00', ''),
	('00000000-0000-0000-0000-000000000000', 'db170649-b0fb-4ed2-9791-531c811d11f2', '{"action":"login","actor_id":"2b1bc8e0-6f5f-457a-83e1-0ab745eed980","actor_name":"김두호","actor_username":"dooho@duly.co.kr","actor_via_sso":false,"log_type":"account","traits":{"provider_type":"google"}}', '2025-07-31 12:26:45.528048+00', ''),
	('00000000-0000-0000-0000-000000000000', '250bedb4-7a30-4bf6-8a0c-17abccfe99c7', '{"action":"login","actor_id":"2b1bc8e0-6f5f-457a-83e1-0ab745eed980","actor_name":"김두호","actor_username":"dooho@duly.co.kr","actor_via_sso":false,"log_type":"account","traits":{"provider":"google"}}', '2025-07-31 12:29:51.198455+00', ''),
	('00000000-0000-0000-0000-000000000000', '76617a08-0829-49b4-aa3e-96553acb4d67', '{"action":"login","actor_id":"2b1bc8e0-6f5f-457a-83e1-0ab745eed980","actor_name":"김두호","actor_username":"dooho@duly.co.kr","actor_via_sso":false,"log_type":"account","traits":{"provider_type":"google"}}', '2025-07-31 12:29:54.472619+00', ''),
	('00000000-0000-0000-0000-000000000000', '71650ae0-6162-4463-ba3b-b72cf3386ebf', '{"action":"user_signedup","actor_id":"abea2f2b-ef8a-4ae8-a8b2-69492b1eee33","actor_name":"홍길동","actor_username":"test2@example.com","actor_via_sso":false,"log_type":"team","traits":{"provider":"email"}}', '2025-07-31 12:32:20.504683+00', ''),
	('00000000-0000-0000-0000-000000000000', '0ffc79e9-b6a7-433b-9fde-338979b78847', '{"action":"login","actor_id":"abea2f2b-ef8a-4ae8-a8b2-69492b1eee33","actor_name":"홍길동","actor_username":"test2@example.com","actor_via_sso":false,"log_type":"account","traits":{"provider":"email"}}', '2025-07-31 12:32:20.509174+00', ''),
	('00000000-0000-0000-0000-000000000000', '10b78f66-b642-425a-aef0-631676f28e0a', '{"action":"token_refreshed","actor_id":"a8624c40-dd11-4606-a308-e6e62b46ca47","actor_name":"-두호杜怙","actor_username":"5rnlrhdwk@gmail.com","actor_via_sso":false,"log_type":"token"}', '2025-07-31 22:45:53.774107+00', ''),
	('00000000-0000-0000-0000-000000000000', '579a116e-d2d0-4e52-82d4-17ac52c7581a', '{"action":"token_revoked","actor_id":"a8624c40-dd11-4606-a308-e6e62b46ca47","actor_name":"-두호杜怙","actor_username":"5rnlrhdwk@gmail.com","actor_via_sso":false,"log_type":"token"}', '2025-07-31 22:45:53.776978+00', ''),
	('00000000-0000-0000-0000-000000000000', '3afba162-ed38-4a32-a551-6a26f2811159', '{"action":"logout","actor_id":"a8624c40-dd11-4606-a308-e6e62b46ca47","actor_name":"-두호杜怙","actor_username":"5rnlrhdwk@gmail.com","actor_via_sso":false,"log_type":"account"}', '2025-07-31 22:53:47.610005+00', ''),
	('00000000-0000-0000-0000-000000000000', 'ee34ed24-e969-474b-88bb-68fb07b6c7db', '{"action":"login","actor_id":"a8624c40-dd11-4606-a308-e6e62b46ca47","actor_name":"-두호杜怙","actor_username":"5rnlrhdwk@gmail.com","actor_via_sso":false,"log_type":"account","traits":{"provider":"google"}}', '2025-07-31 22:57:24.114372+00', ''),
	('00000000-0000-0000-0000-000000000000', 'febdcd5c-d26c-4de6-96b1-df2257b285e0', '{"action":"login","actor_id":"a8624c40-dd11-4606-a308-e6e62b46ca47","actor_name":"-두호杜怙","actor_username":"5rnlrhdwk@gmail.com","actor_via_sso":false,"log_type":"account","traits":{"provider_type":"google"}}', '2025-07-31 22:57:26.699187+00', ''),
	('00000000-0000-0000-0000-000000000000', '8ae5be15-cf30-4c7c-b5d7-279e0d5f92e3', '{"action":"logout","actor_id":"a8624c40-dd11-4606-a308-e6e62b46ca47","actor_name":"-두호杜怙","actor_username":"5rnlrhdwk@gmail.com","actor_via_sso":false,"log_type":"account"}', '2025-07-31 22:57:35.83224+00', ''),
	('00000000-0000-0000-0000-000000000000', '5e0a5f5d-64d2-4ec1-9328-318e0bcfdfcb', '{"action":"login","actor_id":"4e694ca4-4d09-4aab-9d3e-a64ea21a6ad0","actor_name":"김두호","actor_username":"bishi222@nate.com","actor_via_sso":false,"log_type":"account","traits":{"provider":"kakao"}}', '2025-07-31 22:58:15.190295+00', ''),
	('00000000-0000-0000-0000-000000000000', '354ca9a4-babd-48d2-a60e-02a8356f15e9', '{"action":"login","actor_id":"4e694ca4-4d09-4aab-9d3e-a64ea21a6ad0","actor_name":"김두호","actor_username":"bishi222@nate.com","actor_via_sso":false,"log_type":"account","traits":{"provider_type":"kakao"}}', '2025-07-31 22:58:15.960629+00', ''),
	('00000000-0000-0000-0000-000000000000', 'b25a90d1-0c2d-4edc-8209-f56409d6976b', '{"action":"user_deleted","actor_id":"00000000-0000-0000-0000-000000000000","actor_username":"service_role","actor_via_sso":false,"log_type":"team","traits":{"user_email":"yunan7837@gmail.com","user_id":"f4f4cb25-2308-4476-8e47-a7a71ecb0896","user_phone":""}}', '2025-07-31 23:13:01.073155+00', ''),
	('00000000-0000-0000-0000-000000000000', 'cfbfecca-7364-4abe-959a-8f69d6623b2a', '{"action":"user_deleted","actor_id":"00000000-0000-0000-0000-000000000000","actor_username":"service_role","actor_via_sso":false,"log_type":"team","traits":{"user_email":"bishi2222@naver.com","user_id":"d9879b0d-9916-4f86-b511-da2979380949","user_phone":""}}', '2025-07-31 23:13:01.074661+00', ''),
	('00000000-0000-0000-0000-000000000000', '533aa921-a94a-405b-9d95-5dc26fdb0db6', '{"action":"user_deleted","actor_id":"00000000-0000-0000-0000-000000000000","actor_username":"service_role","actor_via_sso":false,"log_type":"team","traits":{"user_email":"bis@naver.com","user_id":"862b0a3b-7745-47cc-a272-baf1064b53ea","user_phone":""}}', '2025-07-31 23:13:01.102058+00', ''),
	('00000000-0000-0000-0000-000000000000', 'd26c5ae9-ac38-4826-b6c5-0509225906ea', '{"action":"user_deleted","actor_id":"00000000-0000-0000-0000-000000000000","actor_username":"service_role","actor_via_sso":false,"log_type":"team","traits":{"user_email":"bishi222@nate.com","user_id":"4e694ca4-4d09-4aab-9d3e-a64ea21a6ad0","user_phone":""}}', '2025-07-31 23:13:01.115648+00', ''),
	('00000000-0000-0000-0000-000000000000', 'fb900df9-a46b-40f9-9c52-96192cc7d567', '{"action":"user_deleted","actor_id":"00000000-0000-0000-0000-000000000000","actor_username":"service_role","actor_via_sso":false,"log_type":"team","traits":{"user_email":"dooho@duly.co.kr","user_id":"2b1bc8e0-6f5f-457a-83e1-0ab745eed980","user_phone":""}}', '2025-07-31 23:13:01.117912+00', ''),
	('00000000-0000-0000-0000-000000000000', '1c90f142-5133-4222-b497-7089962f8038', '{"action":"user_deleted","actor_id":"00000000-0000-0000-0000-000000000000","actor_username":"service_role","actor_via_sso":false,"log_type":"team","traits":{"user_email":"test@example.com","user_id":"7044da14-e374-4bbf-b7ea-148a2cfb9311","user_phone":""}}', '2025-07-31 23:13:01.11455+00', ''),
	('00000000-0000-0000-0000-000000000000', '927d06dd-9947-4165-9782-cd8a8b977151', '{"action":"user_deleted","actor_id":"00000000-0000-0000-0000-000000000000","actor_username":"service_role","actor_via_sso":false,"log_type":"team","traits":{"user_email":"bishi123@naver.com","user_id":"488b92fb-06d7-47f1-863e-c30eff1a74e7","user_phone":""}}', '2025-07-31 23:13:01.142786+00', ''),
	('00000000-0000-0000-0000-000000000000', 'faf959c0-3632-4d86-958b-4060d99b38cf', '{"action":"user_deleted","actor_id":"00000000-0000-0000-0000-000000000000","actor_username":"service_role","actor_via_sso":false,"log_type":"team","traits":{"user_email":"5rnlrhdwk@gmail.com","user_id":"a8624c40-dd11-4606-a308-e6e62b46ca47","user_phone":""}}', '2025-07-31 23:13:01.143521+00', ''),
	('00000000-0000-0000-0000-000000000000', 'a27d119d-fe44-4b49-9ae4-f663b9bd94d9', '{"action":"user_deleted","actor_id":"00000000-0000-0000-0000-000000000000","actor_username":"service_role","actor_via_sso":false,"log_type":"team","traits":{"user_email":"bishi221@naver.com","user_id":"9fb06a4a-fb3a-467c-958f-9f22634d145f","user_phone":""}}', '2025-07-31 23:13:01.152367+00', ''),
	('00000000-0000-0000-0000-000000000000', 'e68b5e9e-a869-4076-82de-2a6f464e2748', '{"action":"user_deleted","actor_id":"00000000-0000-0000-0000-000000000000","actor_username":"service_role","actor_via_sso":false,"log_type":"team","traits":{"user_email":"test2@example.com","user_id":"abea2f2b-ef8a-4ae8-a8b2-69492b1eee33","user_phone":""}}', '2025-07-31 23:13:01.160627+00', ''),
	('00000000-0000-0000-0000-000000000000', 'c9330ac4-c0ed-4b72-ac65-b06c929c8aab', '{"action":"user_deleted","actor_id":"00000000-0000-0000-0000-000000000000","actor_username":"service_role","actor_via_sso":false,"log_type":"team","traits":{"user_email":"bishi22@naver.com","user_id":"3d09bc63-934b-4b05-a94c-39d1c03a4a7a","user_phone":""}}', '2025-07-31 23:13:01.171147+00', ''),
	('00000000-0000-0000-0000-000000000000', '092d4da8-085c-4637-880e-af9b44bf14a3', '{"action":"user_invited","actor_id":"00000000-0000-0000-0000-000000000000","actor_username":"service_role","actor_via_sso":false,"log_type":"team","traits":{"user_email":"dooho@duly.co.kr","user_id":"56cb3c28-4fb9-4574-ad35-9a456f5741ef"}}', '2025-08-01 00:30:02.286874+00', ''),
	('00000000-0000-0000-0000-000000000000', '44e2a4a0-d91c-46a1-a824-bcad0734cd3b', '{"action":"user_signedup","actor_id":"1ddb0812-b67d-4e67-bf34-f702bd16c6cd","actor_username":"bishi2222@naver.com","actor_via_sso":false,"log_type":"team","traits":{"provider":"email"}}', '2025-08-01 01:05:17.91266+00', ''),
	('00000000-0000-0000-0000-000000000000', '8c4acdb9-b4c0-4b33-9ad3-9b0129760783', '{"action":"login","actor_id":"1ddb0812-b67d-4e67-bf34-f702bd16c6cd","actor_username":"bishi2222@naver.com","actor_via_sso":false,"log_type":"account","traits":{"provider":"email"}}', '2025-08-01 01:05:17.9182+00', ''),
	('00000000-0000-0000-0000-000000000000', 'e31526fd-909f-4209-a052-0236dff0dc45', '{"action":"user_recovery_requested","actor_id":"1ddb0812-b67d-4e67-bf34-f702bd16c6cd","actor_username":"bishi2222@naver.com","actor_via_sso":false,"log_type":"user"}', '2025-08-01 01:07:02.273614+00', ''),
	('00000000-0000-0000-0000-000000000000', '7ede20b3-1850-41c8-9b6d-7838b7a99fa9', '{"action":"login","actor_id":"1ddb0812-b67d-4e67-bf34-f702bd16c6cd","actor_username":"bishi2222@naver.com","actor_via_sso":false,"log_type":"account"}', '2025-08-01 01:08:27.293572+00', ''),
	('00000000-0000-0000-0000-000000000000', 'b0b753bc-27c3-412b-9852-ab646141bcc7', '{"action":"logout","actor_id":"1ddb0812-b67d-4e67-bf34-f702bd16c6cd","actor_username":"bishi2222@naver.com","actor_via_sso":false,"log_type":"account"}', '2025-08-01 01:09:04.961453+00', ''),
	('00000000-0000-0000-0000-000000000000', '5164e217-8967-4ad3-af5a-933de3c49c0e', '{"action":"user_signedup","actor_id":"001c9303-0dae-4cf7-acd2-45ae51e8374d","actor_username":"bishi222@naver.com","actor_via_sso":false,"log_type":"team","traits":{"provider":"email"}}', '2025-08-01 01:16:01.001807+00', ''),
	('00000000-0000-0000-0000-000000000000', 'd6028d0d-c40f-42d6-94c4-1be5aa7f62c2', '{"action":"login","actor_id":"001c9303-0dae-4cf7-acd2-45ae51e8374d","actor_username":"bishi222@naver.com","actor_via_sso":false,"log_type":"account","traits":{"provider":"email"}}', '2025-08-01 01:16:01.012322+00', ''),
	('00000000-0000-0000-0000-000000000000', 'def758ea-c06d-4a2b-aa09-5154ebc3d303', '{"action":"user_recovery_requested","actor_id":"001c9303-0dae-4cf7-acd2-45ae51e8374d","actor_username":"bishi222@naver.com","actor_via_sso":false,"log_type":"user"}', '2025-08-01 01:16:01.030411+00', ''),
	('00000000-0000-0000-0000-000000000000', '7efb7527-cc9e-4ad3-846b-2c0b2cf9f0d2', '{"action":"user_signedup","actor_id":"5f406461-7b8b-418f-b8b0-4b8f57411e2b","actor_name":"-두호杜怙","actor_username":"5rnlrhdwk@gmail.com","actor_via_sso":false,"log_type":"team","traits":{"provider":"google"}}', '2025-08-01 01:18:36.81848+00', ''),
	('00000000-0000-0000-0000-000000000000', 'd0a2341a-2c3b-464a-ac74-0221edaffa1f', '{"action":"login","actor_id":"5f406461-7b8b-418f-b8b0-4b8f57411e2b","actor_name":"-두호杜怙","actor_username":"5rnlrhdwk@gmail.com","actor_via_sso":false,"log_type":"account","traits":{"provider_type":"google"}}', '2025-08-01 01:18:40.032988+00', ''),
	('00000000-0000-0000-0000-000000000000', '82b6419c-b331-4633-9414-7d8a1c73beab', '{"action":"user_deleted","actor_id":"00000000-0000-0000-0000-000000000000","actor_username":"service_role","actor_via_sso":false,"log_type":"team","traits":{"user_email":"bishi2222@naver.com","user_id":"1ddb0812-b67d-4e67-bf34-f702bd16c6cd","user_phone":""}}', '2025-08-01 01:21:20.265173+00', ''),
	('00000000-0000-0000-0000-000000000000', '24d946f0-6bbd-4476-a936-5abcb2210dc8', '{"action":"user_deleted","actor_id":"00000000-0000-0000-0000-000000000000","actor_username":"service_role","actor_via_sso":false,"log_type":"team","traits":{"user_email":"dooho@duly.co.kr","user_id":"56cb3c28-4fb9-4574-ad35-9a456f5741ef","user_phone":""}}', '2025-08-01 01:21:20.406798+00', ''),
	('00000000-0000-0000-0000-000000000000', '8a122d7d-6113-415d-8029-d1b29b380246', '{"action":"user_deleted","actor_id":"00000000-0000-0000-0000-000000000000","actor_username":"service_role","actor_via_sso":false,"log_type":"team","traits":{"user_email":"bishi222@naver.com","user_id":"001c9303-0dae-4cf7-acd2-45ae51e8374d","user_phone":""}}', '2025-08-01 01:21:20.533205+00', ''),
	('00000000-0000-0000-0000-000000000000', '8adc2ace-96b2-4648-8176-dc72525cb32a', '{"action":"user_deleted","actor_id":"00000000-0000-0000-0000-000000000000","actor_username":"service_role","actor_via_sso":false,"log_type":"team","traits":{"user_email":"5rnlrhdwk@gmail.com","user_id":"5f406461-7b8b-418f-b8b0-4b8f57411e2b","user_phone":""}}', '2025-08-01 01:21:28.066106+00', ''),
	('00000000-0000-0000-0000-000000000000', '23b83d30-5022-4947-8dd2-06490bc0a637', '{"action":"user_signedup","actor_id":"f7d892a4-81ea-426c-83ec-9c45d080ce64","actor_username":"bishi222@naver.com","actor_via_sso":false,"log_type":"team","traits":{"provider":"email"}}', '2025-08-01 01:22:04.824029+00', ''),
	('00000000-0000-0000-0000-000000000000', '90a6b4f2-3991-4b50-b4cf-5a0d2b11e61e', '{"action":"login","actor_id":"f7d892a4-81ea-426c-83ec-9c45d080ce64","actor_username":"bishi222@naver.com","actor_via_sso":false,"log_type":"account","traits":{"provider":"email"}}', '2025-08-01 01:22:04.828339+00', ''),
	('00000000-0000-0000-0000-000000000000', '5a71938a-e489-40fb-8a56-4b9628565376', '{"action":"user_recovery_requested","actor_id":"f7d892a4-81ea-426c-83ec-9c45d080ce64","actor_username":"bishi222@naver.com","actor_via_sso":false,"log_type":"user"}', '2025-08-01 01:22:05.758491+00', ''),
	('00000000-0000-0000-0000-000000000000', 'b65a68e8-177d-4db9-b05f-6165050b4b12', '{"action":"login","actor_id":"f7d892a4-81ea-426c-83ec-9c45d080ce64","actor_username":"bishi222@naver.com","actor_via_sso":false,"log_type":"account"}', '2025-08-01 01:22:46.475343+00', ''),
	('00000000-0000-0000-0000-000000000000', '0bdb060d-9d62-4b22-897e-95eddd9bd35d', '{"action":"user_deleted","actor_id":"00000000-0000-0000-0000-000000000000","actor_username":"service_role","actor_via_sso":false,"log_type":"team","traits":{"user_email":"bishi222@naver.com","user_id":"f7d892a4-81ea-426c-83ec-9c45d080ce64","user_phone":""}}', '2025-08-01 01:28:49.661977+00', ''),
	('00000000-0000-0000-0000-000000000000', 'd91fa56c-dd5b-476f-a526-45ab217bf9e8', '{"action":"user_signedup","actor_id":"b25d13eb-4db9-4724-b6ec-dbe9cff8ad98","actor_username":"bishi2222@naver.com","actor_via_sso":false,"log_type":"team","traits":{"provider":"email"}}', '2025-08-01 01:30:16.089623+00', ''),
	('00000000-0000-0000-0000-000000000000', '1db34219-3553-4b70-9d99-1d5ea86ab254', '{"action":"login","actor_id":"b25d13eb-4db9-4724-b6ec-dbe9cff8ad98","actor_username":"bishi2222@naver.com","actor_via_sso":false,"log_type":"account","traits":{"provider":"email"}}', '2025-08-01 01:30:16.095927+00', ''),
	('00000000-0000-0000-0000-000000000000', '8c17daf7-77d3-4216-b338-62d0a1d52cd4', '{"action":"logout","actor_id":"b25d13eb-4db9-4724-b6ec-dbe9cff8ad98","actor_username":"bishi2222@naver.com","actor_via_sso":false,"log_type":"account"}', '2025-08-01 01:37:55.904911+00', ''),
	('00000000-0000-0000-0000-000000000000', '9de38885-14ab-4c0e-9447-2f500a7ca2d5', '{"action":"user_repeated_signup","actor_id":"b25d13eb-4db9-4724-b6ec-dbe9cff8ad98","actor_username":"bishi2222@naver.com","actor_via_sso":false,"log_type":"user","traits":{"provider":"email"}}', '2025-08-01 01:38:20.997064+00', ''),
	('00000000-0000-0000-0000-000000000000', '149a6eef-05c5-4abe-a385-43b724f7e803', '{"action":"user_signedup","actor_id":"937cb2fa-665c-4d1b-bde2-5c38e37f0519","actor_username":"bishi222@naver.com","actor_via_sso":false,"log_type":"team","traits":{"provider":"email"}}', '2025-08-01 01:38:27.55085+00', ''),
	('00000000-0000-0000-0000-000000000000', 'e998d450-2aa6-4a44-a785-18338c24638b', '{"action":"login","actor_id":"937cb2fa-665c-4d1b-bde2-5c38e37f0519","actor_username":"bishi222@naver.com","actor_via_sso":false,"log_type":"account","traits":{"provider":"email"}}', '2025-08-01 01:38:27.556257+00', ''),
	('00000000-0000-0000-0000-000000000000', '06f11063-31ef-4cdc-93d5-f66517ad814d', '{"action":"user_signedup","actor_id":"1ac3eaa3-2cee-4241-be53-3e64a5729086","actor_username":"5rnlrhdwk@gmail.com","actor_via_sso":false,"log_type":"team","traits":{"provider":"email"}}', '2025-08-01 01:38:51.444632+00', ''),
	('00000000-0000-0000-0000-000000000000', '1c710f52-9495-460f-b8f8-9b481298dafa', '{"action":"login","actor_id":"1ac3eaa3-2cee-4241-be53-3e64a5729086","actor_username":"5rnlrhdwk@gmail.com","actor_via_sso":false,"log_type":"account","traits":{"provider":"email"}}', '2025-08-01 01:38:51.448052+00', ''),
	('00000000-0000-0000-0000-000000000000', 'aca4acf1-37ba-4e58-9906-982c8ba5c5f8', '{"action":"logout","actor_id":"1ac3eaa3-2cee-4241-be53-3e64a5729086","actor_username":"5rnlrhdwk@gmail.com","actor_via_sso":false,"log_type":"account"}', '2025-08-01 01:39:07.665384+00', ''),
	('00000000-0000-0000-0000-000000000000', '973b73b2-6610-415f-b79f-631541c8502d', '{"action":"user_signedup","actor_id":"70cfa032-794d-4be6-bf34-881fe32a85b5","actor_username":"932200560@qq.com","actor_via_sso":false,"log_type":"team","traits":{"provider":"email"}}', '2025-08-01 01:39:22.751832+00', ''),
	('00000000-0000-0000-0000-000000000000', '80cb72c8-fbc4-4122-9122-1e20f7c6a280', '{"action":"login","actor_id":"70cfa032-794d-4be6-bf34-881fe32a85b5","actor_username":"932200560@qq.com","actor_via_sso":false,"log_type":"account","traits":{"provider":"email"}}', '2025-08-01 01:39:22.756417+00', ''),
	('00000000-0000-0000-0000-000000000000', '9eec9fdc-4cb0-4064-be14-eb50f563f7c0', '{"action":"user_deleted","actor_id":"00000000-0000-0000-0000-000000000000","actor_username":"service_role","actor_via_sso":false,"log_type":"team","traits":{"user_email":"932200560@qq.com","user_id":"70cfa032-794d-4be6-bf34-881fe32a85b5","user_phone":""}}', '2025-08-01 01:47:03.136632+00', ''),
	('00000000-0000-0000-0000-000000000000', '4dd89374-cb68-4fe8-9f01-694b3b4235ab', '{"action":"user_deleted","actor_id":"00000000-0000-0000-0000-000000000000","actor_username":"service_role","actor_via_sso":false,"log_type":"team","traits":{"user_email":"bishi2222@naver.com","user_id":"b25d13eb-4db9-4724-b6ec-dbe9cff8ad98","user_phone":""}}', '2025-08-01 01:47:03.270782+00', ''),
	('00000000-0000-0000-0000-000000000000', 'eadf29a9-8322-4c09-9fb9-0c0e4481beec', '{"action":"user_deleted","actor_id":"00000000-0000-0000-0000-000000000000","actor_username":"service_role","actor_via_sso":false,"log_type":"team","traits":{"user_email":"5rnlrhdwk@gmail.com","user_id":"1ac3eaa3-2cee-4241-be53-3e64a5729086","user_phone":""}}', '2025-08-01 01:47:03.379191+00', ''),
	('00000000-0000-0000-0000-000000000000', '7e293fb8-bdff-4c8e-a773-eddcc49f52cc', '{"action":"user_deleted","actor_id":"00000000-0000-0000-0000-000000000000","actor_username":"service_role","actor_via_sso":false,"log_type":"team","traits":{"user_email":"bishi222@naver.com","user_id":"937cb2fa-665c-4d1b-bde2-5c38e37f0519","user_phone":""}}', '2025-08-01 01:47:03.476048+00', ''),
	('00000000-0000-0000-0000-000000000000', 'b4986be6-04c6-4232-89eb-fe5250112f28', '{"action":"user_signedup","actor_id":"a3d4735c-5287-4852-82f6-9af0c271c16c","actor_username":"bishi2222@naver.com","actor_via_sso":false,"log_type":"team","traits":{"provider":"email"}}', '2025-08-01 01:48:34.006424+00', ''),
	('00000000-0000-0000-0000-000000000000', '4bdc7c16-991f-46bb-8a00-5d0f1003d22b', '{"action":"login","actor_id":"a3d4735c-5287-4852-82f6-9af0c271c16c","actor_username":"bishi2222@naver.com","actor_via_sso":false,"log_type":"account","traits":{"provider":"email"}}', '2025-08-01 01:48:34.010996+00', ''),
	('00000000-0000-0000-0000-000000000000', 'a96645cc-187d-4b6b-9499-8ad9b6ec6ae8', '{"action":"user_deleted","actor_id":"00000000-0000-0000-0000-000000000000","actor_username":"service_role","actor_via_sso":false,"log_type":"team","traits":{"user_email":"bishi2222@naver.com","user_id":"a3d4735c-5287-4852-82f6-9af0c271c16c","user_phone":""}}', '2025-08-01 01:58:20.10757+00', ''),
	('00000000-0000-0000-0000-000000000000', '793c998c-0e2e-419e-91e2-22ac413ac754', '{"action":"user_signedup","actor_id":"bcbc70b7-42a5-468f-8dd4-1c9b69522944","actor_username":"bishi2222@naver.com","actor_via_sso":false,"log_type":"team","traits":{"provider":"email"}}', '2025-08-01 01:59:54.060327+00', ''),
	('00000000-0000-0000-0000-000000000000', '0a98e348-9330-4bdd-932c-4a1c14b00450', '{"action":"login","actor_id":"bcbc70b7-42a5-468f-8dd4-1c9b69522944","actor_username":"bishi2222@naver.com","actor_via_sso":false,"log_type":"account","traits":{"provider":"email"}}', '2025-08-01 01:59:54.064179+00', ''),
	('00000000-0000-0000-0000-000000000000', 'c52c0cfa-56dc-4f49-ba62-d89e4c50dce6', '{"action":"logout","actor_id":"bcbc70b7-42a5-468f-8dd4-1c9b69522944","actor_username":"bishi2222@naver.com","actor_via_sso":false,"log_type":"account"}', '2025-08-01 02:11:23.203639+00', ''),
	('00000000-0000-0000-0000-000000000000', 'c91dcd4a-1aea-41fa-9cc6-0b92dff48e45', '{"action":"user_signedup","actor_id":"c6910d74-ac8b-4f74-98af-5d3265aef3d2","actor_username":"bishi222@naver.com","actor_via_sso":false,"log_type":"team","traits":{"provider":"email"}}', '2025-08-01 02:11:43.537891+00', ''),
	('00000000-0000-0000-0000-000000000000', '75ece9d1-7143-4517-9f7c-34e711fe0c2d', '{"action":"login","actor_id":"c6910d74-ac8b-4f74-98af-5d3265aef3d2","actor_username":"bishi222@naver.com","actor_via_sso":false,"log_type":"account","traits":{"provider":"email"}}', '2025-08-01 02:11:43.541937+00', ''),
	('00000000-0000-0000-0000-000000000000', '16768648-2801-4087-8d94-d142e954bdfe', '{"action":"user_deleted","actor_id":"00000000-0000-0000-0000-000000000000","actor_username":"service_role","actor_via_sso":false,"log_type":"team","traits":{"user_email":"bishi222@naver.com","user_id":"c6910d74-ac8b-4f74-98af-5d3265aef3d2","user_phone":""}}', '2025-08-01 02:19:44.860985+00', ''),
	('00000000-0000-0000-0000-000000000000', '2f90c46c-7fca-47cf-a5d7-54a7e7edecd2', '{"action":"user_deleted","actor_id":"00000000-0000-0000-0000-000000000000","actor_username":"service_role","actor_via_sso":false,"log_type":"team","traits":{"user_email":"bishi2222@naver.com","user_id":"bcbc70b7-42a5-468f-8dd4-1c9b69522944","user_phone":""}}', '2025-08-01 02:19:44.951552+00', ''),
	('00000000-0000-0000-0000-000000000000', '14ca4445-1aa4-4ca4-a53c-d2551d5f8e8a', '{"action":"user_signedup","actor_id":"faa4ed2c-7c24-4c1b-9ba5-ef03d4face03","actor_username":"bishi2222@naver.com","actor_via_sso":false,"log_type":"team","traits":{"provider":"email"}}', '2025-08-01 02:20:15.674451+00', ''),
	('00000000-0000-0000-0000-000000000000', '9d856c2f-c07a-44dd-941b-f219ac2c9b1b', '{"action":"login","actor_id":"faa4ed2c-7c24-4c1b-9ba5-ef03d4face03","actor_username":"bishi2222@naver.com","actor_via_sso":false,"log_type":"account","traits":{"provider":"email"}}', '2025-08-01 02:20:15.679463+00', ''),
	('00000000-0000-0000-0000-000000000000', '88830d1a-fe59-4007-ab5c-8df161bea95a', '{"action":"login","actor_id":"faa4ed2c-7c24-4c1b-9ba5-ef03d4face03","actor_username":"bishi2222@naver.com","actor_via_sso":false,"log_type":"account","traits":{"provider":"email"}}', '2025-08-01 02:21:45.976517+00', ''),
	('00000000-0000-0000-0000-000000000000', '2b055774-8064-4fad-a07f-d2ca39d27cca', '{"action":"logout","actor_id":"faa4ed2c-7c24-4c1b-9ba5-ef03d4face03","actor_username":"bishi2222@naver.com","actor_via_sso":false,"log_type":"account"}', '2025-08-01 02:23:58.871383+00', ''),
	('00000000-0000-0000-0000-000000000000', 'b1683b01-1173-42bf-ab65-a2e82af4fa5a', '{"action":"user_recovery_requested","actor_id":"faa4ed2c-7c24-4c1b-9ba5-ef03d4face03","actor_username":"bishi2222@naver.com","actor_via_sso":false,"log_type":"user"}', '2025-08-01 02:28:38.889122+00', ''),
	('00000000-0000-0000-0000-000000000000', 'af6700d4-2dd7-49ae-afcb-5d626de3dcfe', '{"action":"user_deleted","actor_id":"00000000-0000-0000-0000-000000000000","actor_username":"service_role","actor_via_sso":false,"log_type":"team","traits":{"user_email":"bishi2222@naver.com","user_id":"faa4ed2c-7c24-4c1b-9ba5-ef03d4face03","user_phone":""}}', '2025-08-01 02:29:19.377894+00', ''),
	('00000000-0000-0000-0000-000000000000', '92b2ff6f-c721-495c-b2c6-cb74001f1900', '{"action":"user_signedup","actor_id":"57c97417-93d6-4e02-9f55-e4883ebaf353","actor_username":"bishi2222@naver.com","actor_via_sso":false,"log_type":"team","traits":{"provider":"email"}}', '2025-08-01 02:29:36.858726+00', ''),
	('00000000-0000-0000-0000-000000000000', '91b2550f-5e72-4f3c-90f9-b11207d2ed54', '{"action":"login","actor_id":"57c97417-93d6-4e02-9f55-e4883ebaf353","actor_username":"bishi2222@naver.com","actor_via_sso":false,"log_type":"account","traits":{"provider":"email"}}', '2025-08-01 02:29:36.863354+00', ''),
	('00000000-0000-0000-0000-000000000000', '1c322e67-f7be-4503-8d31-6a0fab0bdf70', '{"action":"logout","actor_id":"57c97417-93d6-4e02-9f55-e4883ebaf353","actor_username":"bishi2222@naver.com","actor_via_sso":false,"log_type":"account"}', '2025-08-01 02:30:54.702858+00', ''),
	('00000000-0000-0000-0000-000000000000', '337790e8-cdde-4029-a05d-7874cd619d96', '{"action":"user_signedup","actor_id":"e72cc384-af2f-4736-a1c7-1b64e7972f2a","actor_name":"-두호杜怙","actor_username":"5rnlrhdwk@gmail.com","actor_via_sso":false,"log_type":"team","traits":{"provider":"google"}}', '2025-08-01 02:33:32.814192+00', ''),
	('00000000-0000-0000-0000-000000000000', '4410082e-b5b4-4498-a081-cc33afc0fca6', '{"action":"login","actor_id":"e72cc384-af2f-4736-a1c7-1b64e7972f2a","actor_name":"-두호杜怙","actor_username":"5rnlrhdwk@gmail.com","actor_via_sso":false,"log_type":"account","traits":{"provider_type":"google"}}', '2025-08-01 02:33:33.726897+00', ''),
	('00000000-0000-0000-0000-000000000000', '605f2266-cf65-4fb9-891c-84e2c8fa3826', '{"action":"user_deleted","actor_id":"00000000-0000-0000-0000-000000000000","actor_username":"service_role","actor_via_sso":false,"log_type":"team","traits":{"user_email":"bishi2222@naver.com","user_id":"57c97417-93d6-4e02-9f55-e4883ebaf353","user_phone":""}}', '2025-08-01 02:44:35.769552+00', ''),
	('00000000-0000-0000-0000-000000000000', '8d9f38dc-7d3d-410e-b65a-41a00f9ec32b', '{"action":"user_deleted","actor_id":"00000000-0000-0000-0000-000000000000","actor_username":"service_role","actor_via_sso":false,"log_type":"team","traits":{"user_email":"5rnlrhdwk@gmail.com","user_id":"e72cc384-af2f-4736-a1c7-1b64e7972f2a","user_phone":""}}', '2025-08-01 02:44:35.868881+00', ''),
	('00000000-0000-0000-0000-000000000000', 'eafa9f7f-ba7d-4ac9-8749-f93c18966cf8', '{"action":"user_signedup","actor_id":"6a4c8b96-49be-48f0-b0b8-52fb1072480a","actor_username":"bishi2222@naver.com","actor_via_sso":false,"log_type":"team","traits":{"provider":"email"}}', '2025-08-01 02:45:13.178026+00', ''),
	('00000000-0000-0000-0000-000000000000', '4ff9f6bc-4f32-4662-919e-d8982982e4e6', '{"action":"login","actor_id":"6a4c8b96-49be-48f0-b0b8-52fb1072480a","actor_username":"bishi2222@naver.com","actor_via_sso":false,"log_type":"account","traits":{"provider":"email"}}', '2025-08-01 02:45:13.183394+00', ''),
	('00000000-0000-0000-0000-000000000000', '77b9a402-69e2-4cf9-8129-07336dbfeec9', '{"action":"user_signedup","actor_id":"e219890f-30b5-461b-8577-8322ee618dc8","actor_username":"bishi2222@naver.com","actor_via_sso":false,"log_type":"team","traits":{"provider":"email"}}', '2025-08-01 03:07:40.156255+00', ''),
	('00000000-0000-0000-0000-000000000000', '2434bce2-5ac5-4c62-867c-2b734a1f2825', '{"action":"login","actor_id":"e219890f-30b5-461b-8577-8322ee618dc8","actor_username":"bishi2222@naver.com","actor_via_sso":false,"log_type":"account","traits":{"provider":"email"}}', '2025-08-01 03:07:40.160829+00', ''),
	('00000000-0000-0000-0000-000000000000', '8ced604a-85a6-4a60-9788-f0cdc2ff34a9', '{"action":"user_signedup","actor_id":"6a36410b-dd6f-409c-aeaf-1fac95e70f49","actor_username":"bishi222@naver.com","actor_via_sso":false,"log_type":"team","traits":{"provider":"email"}}', '2025-08-01 03:08:06.624076+00', ''),
	('00000000-0000-0000-0000-000000000000', '49512287-cdf3-4fab-8e5a-087ca0527ead', '{"action":"login","actor_id":"6a36410b-dd6f-409c-aeaf-1fac95e70f49","actor_username":"bishi222@naver.com","actor_via_sso":false,"log_type":"account","traits":{"provider":"email"}}', '2025-08-01 03:08:06.62733+00', ''),
	('00000000-0000-0000-0000-000000000000', 'f3b5b1fd-3730-4d1a-a870-8fe050997df1', '{"action":"user_deleted","actor_id":"00000000-0000-0000-0000-000000000000","actor_username":"service_role","actor_via_sso":false,"log_type":"team","traits":{"user_email":"bishi2222@naver.com","user_id":"e219890f-30b5-461b-8577-8322ee618dc8","user_phone":""}}', '2025-08-01 03:17:39.839177+00', ''),
	('00000000-0000-0000-0000-000000000000', 'a8a072ae-e86e-4524-830c-ded5abb4c6dd', '{"action":"user_deleted","actor_id":"00000000-0000-0000-0000-000000000000","actor_username":"service_role","actor_via_sso":false,"log_type":"team","traits":{"user_email":"bishi222@naver.com","user_id":"6a36410b-dd6f-409c-aeaf-1fac95e70f49","user_phone":""}}', '2025-08-01 03:17:39.92945+00', ''),
	('00000000-0000-0000-0000-000000000000', 'a663e173-a274-4a67-8bf5-3b3272ebd9f1', '{"action":"user_signedup","actor_id":"130499d0-c552-4b65-ad87-f3bb2657902a","actor_username":"bishi2222@naver.com","actor_via_sso":false,"log_type":"team","traits":{"provider":"email"}}', '2025-08-01 03:17:50.68624+00', ''),
	('00000000-0000-0000-0000-000000000000', 'cad8b27a-68c8-4d5f-904d-71b4e0a81c0f', '{"action":"login","actor_id":"130499d0-c552-4b65-ad87-f3bb2657902a","actor_username":"bishi2222@naver.com","actor_via_sso":false,"log_type":"account","traits":{"provider":"email"}}', '2025-08-01 03:17:50.690058+00', ''),
	('00000000-0000-0000-0000-000000000000', '8647bac8-1f01-4852-9a37-a21dcb40cdb8', '{"action":"user_repeated_signup","actor_id":"130499d0-c552-4b65-ad87-f3bb2657902a","actor_username":"bishi2222@naver.com","actor_via_sso":false,"log_type":"user","traits":{"provider":"email"}}', '2025-08-01 03:33:53.886287+00', ''),
	('00000000-0000-0000-0000-000000000000', '694e04ef-07d1-442c-8613-61f45802b05e', '{"action":"user_deleted","actor_id":"00000000-0000-0000-0000-000000000000","actor_username":"service_role","actor_via_sso":false,"log_type":"team","traits":{"user_email":"bishi2222@naver.com","user_id":"130499d0-c552-4b65-ad87-f3bb2657902a","user_phone":""}}', '2025-08-01 03:34:12.543646+00', ''),
	('00000000-0000-0000-0000-000000000000', 'e8424f70-3b6a-4159-b474-46c74bc64f31', '{"action":"user_signedup","actor_id":"4596486f-dbe9-4f04-9e19-6b336c209094","actor_username":"bishi222@naver.com","actor_via_sso":false,"log_type":"team","traits":{"provider":"email"}}', '2025-08-01 03:34:18.554527+00', ''),
	('00000000-0000-0000-0000-000000000000', '1f3bd486-1730-492a-b363-5a30e99e1cd2', '{"action":"login","actor_id":"4596486f-dbe9-4f04-9e19-6b336c209094","actor_username":"bishi222@naver.com","actor_via_sso":false,"log_type":"account","traits":{"provider":"email"}}', '2025-08-01 03:34:47.98099+00', ''),
	('00000000-0000-0000-0000-000000000000', '5dd380ba-8b9c-4de8-9d86-526d44e61d43', '{"action":"logout","actor_id":"4596486f-dbe9-4f04-9e19-6b336c209094","actor_username":"bishi222@naver.com","actor_via_sso":false,"log_type":"account"}', '2025-08-01 03:34:59.339064+00', ''),
	('00000000-0000-0000-0000-000000000000', 'a0ecb208-0082-41d5-82b3-fc69c8119ea3', '{"action":"user_deleted","actor_id":"00000000-0000-0000-0000-000000000000","actor_username":"service_role","actor_via_sso":false,"log_type":"team","traits":{"user_email":"bishi222@naver.com","user_id":"4596486f-dbe9-4f04-9e19-6b336c209094","user_phone":""}}', '2025-08-01 03:39:27.714542+00', ''),
	('00000000-0000-0000-0000-000000000000', 'a03f0633-f2b9-4fdc-9bc5-cf25cf8af055', '{"action":"user_confirmation_requested","actor_id":"c663812b-1191-43de-806a-a8379fba8afd","actor_username":"bishi2222@naver.com","actor_via_sso":false,"log_type":"user","traits":{"provider":"email"}}', '2025-08-01 03:42:52.028749+00', ''),
	('00000000-0000-0000-0000-000000000000', '2e0b94c3-86ec-47d3-9cf6-cd6a70905a3f', '{"action":"user_signedup","actor_id":"a0cebb6a-2d03-4c4f-bdaf-071013956246","actor_username":"bishi222@naver.com","actor_via_sso":false,"log_type":"team","traits":{"provider":"email"}}', '2025-08-01 03:45:19.062175+00', ''),
	('00000000-0000-0000-0000-000000000000', '0c92234c-aa2a-4d38-ba65-603730e99c99', '{"action":"login","actor_id":"a0cebb6a-2d03-4c4f-bdaf-071013956246","actor_username":"bishi222@naver.com","actor_via_sso":false,"log_type":"account","traits":{"provider":"email"}}', '2025-08-01 03:45:19.06903+00', ''),
	('00000000-0000-0000-0000-000000000000', '8d134dcb-a39d-4790-aec5-38c44ac526b0', '{"action":"logout","actor_id":"a0cebb6a-2d03-4c4f-bdaf-071013956246","actor_username":"bishi222@naver.com","actor_via_sso":false,"log_type":"account"}', '2025-08-01 03:45:19.555828+00', ''),
	('00000000-0000-0000-0000-000000000000', '4a60cda2-e200-4bcb-ab6c-d37c0c65d881', '{"action":"user_deleted","actor_id":"00000000-0000-0000-0000-000000000000","actor_username":"service_role","actor_via_sso":false,"log_type":"team","traits":{"user_email":"bishi222@naver.com","user_id":"a0cebb6a-2d03-4c4f-bdaf-071013956246","user_phone":""}}', '2025-08-01 03:45:58.817582+00', ''),
	('00000000-0000-0000-0000-000000000000', '58b50524-d44e-4b65-9b2c-3242015e8b95', '{"action":"user_deleted","actor_id":"00000000-0000-0000-0000-000000000000","actor_username":"service_role","actor_via_sso":false,"log_type":"team","traits":{"user_email":"bishi2222@naver.com","user_id":"c663812b-1191-43de-806a-a8379fba8afd","user_phone":""}}', '2025-08-01 03:45:58.83209+00', ''),
	('00000000-0000-0000-0000-000000000000', '4e9b094e-5a94-4713-898d-34fe3dc2d65e', '{"action":"user_confirmation_requested","actor_id":"590a1c4c-492a-4865-a8db-5a036d864245","actor_username":"bishi222@naver.com","actor_via_sso":false,"log_type":"user","traits":{"provider":"email"}}', '2025-08-01 03:46:41.938445+00', ''),
	('00000000-0000-0000-0000-000000000000', 'aa627302-c922-4fe9-a29e-760bd6b5cee6', '{"action":"user_signedup","actor_id":"590a1c4c-492a-4865-a8db-5a036d864245","actor_username":"bishi222@naver.com","actor_via_sso":false,"log_type":"team","traits":{"provider":"email"}}', '2025-08-01 03:47:10.611928+00', ''),
	('00000000-0000-0000-0000-000000000000', '68963625-e119-4982-9c5b-182b29f3f4b7', '{"action":"logout","actor_id":"590a1c4c-492a-4865-a8db-5a036d864245","actor_username":"bishi222@naver.com","actor_via_sso":false,"log_type":"account"}', '2025-08-01 03:47:37.146974+00', ''),
	('00000000-0000-0000-0000-000000000000', 'aff5a399-9fc7-4d3a-bc0f-f4c60a019828', '{"action":"user_confirmation_requested","actor_id":"93c87ed3-a25d-4838-acd5-6e082ed56478","actor_username":"bishi2222@naver.com","actor_via_sso":false,"log_type":"user","traits":{"provider":"email"}}', '2025-08-01 03:55:24.21641+00', ''),
	('00000000-0000-0000-0000-000000000000', '2d16095a-3d4c-44c8-9a16-661b24049c4b', '{"action":"user_signedup","actor_id":"93c87ed3-a25d-4838-acd5-6e082ed56478","actor_username":"bishi2222@naver.com","actor_via_sso":false,"log_type":"team","traits":{"provider":"email"}}', '2025-08-01 03:55:59.551634+00', ''),
	('00000000-0000-0000-0000-000000000000', 'dd43c055-7518-40fa-a5ae-fedc57f88920', '{"action":"logout","actor_id":"93c87ed3-a25d-4838-acd5-6e082ed56478","actor_username":"bishi2222@naver.com","actor_via_sso":false,"log_type":"account"}', '2025-08-01 03:56:10.442296+00', ''),
	('00000000-0000-0000-0000-000000000000', 'c85c04fe-571c-4963-8916-5f762e29f85a', '{"action":"login","actor_id":"93c87ed3-a25d-4838-acd5-6e082ed56478","actor_username":"bishi2222@naver.com","actor_via_sso":false,"log_type":"account","traits":{"provider":"email"}}', '2025-08-01 03:56:20.385058+00', ''),
	('00000000-0000-0000-0000-000000000000', '62c71dd6-90a1-4e2c-8068-bd2a2006f4a6', '{"action":"logout","actor_id":"93c87ed3-a25d-4838-acd5-6e082ed56478","actor_username":"bishi2222@naver.com","actor_via_sso":false,"log_type":"account"}', '2025-08-01 03:56:25.541444+00', ''),
	('00000000-0000-0000-0000-000000000000', '87d57d15-587c-46d1-a013-0ef191889d4a', '{"action":"login","actor_id":"93c87ed3-a25d-4838-acd5-6e082ed56478","actor_username":"bishi2222@naver.com","actor_via_sso":false,"log_type":"account","traits":{"provider":"email"}}', '2025-08-01 03:58:04.176662+00', ''),
	('00000000-0000-0000-0000-000000000000', '25c5e93f-a931-4209-ab14-32bb114ff20e', '{"action":"logout","actor_id":"93c87ed3-a25d-4838-acd5-6e082ed56478","actor_username":"bishi2222@naver.com","actor_via_sso":false,"log_type":"account"}', '2025-08-01 04:01:49.067322+00', ''),
	('00000000-0000-0000-0000-000000000000', 'cd0dca2e-a10b-4f80-a9a9-f89b5f61cdb5', '{"action":"user_signedup","actor_id":"24bf8094-6863-434e-b392-bb3d9b604b94","actor_name":"-두호杜怙","actor_username":"5rnlrhdwk@gmail.com","actor_via_sso":false,"log_type":"team","traits":{"provider":"google"}}', '2025-08-01 04:03:10.512588+00', ''),
	('00000000-0000-0000-0000-000000000000', '3f319c2c-ae51-4a58-b02a-56341a4baac2', '{"action":"login","actor_id":"24bf8094-6863-434e-b392-bb3d9b604b94","actor_name":"-두호杜怙","actor_username":"5rnlrhdwk@gmail.com","actor_via_sso":false,"log_type":"account","traits":{"provider_type":"google"}}', '2025-08-01 04:03:14.990801+00', ''),
	('00000000-0000-0000-0000-000000000000', '6b5d82d2-c90d-45eb-b5db-e9c58aa5e61d', '{"action":"user_deleted","actor_id":"00000000-0000-0000-0000-000000000000","actor_username":"service_role","actor_via_sso":false,"log_type":"team","traits":{"user_email":"5rnlrhdwk@gmail.com","user_id":"24bf8094-6863-434e-b392-bb3d9b604b94","user_phone":""}}', '2025-08-01 04:07:00.632924+00', ''),
	('00000000-0000-0000-0000-000000000000', 'ad596314-da47-4c1a-b1c6-6b426ab86cf7', '{"action":"user_signedup","actor_id":"24a57a66-3953-49e9-a01d-e9acd5067582","actor_name":"-두호杜怙","actor_username":"5rnlrhdwk@gmail.com","actor_via_sso":false,"log_type":"team","traits":{"provider":"google"}}', '2025-08-01 04:09:05.42379+00', ''),
	('00000000-0000-0000-0000-000000000000', '68c75932-6e9e-4361-be1f-f62969b1311e', '{"action":"login","actor_id":"24a57a66-3953-49e9-a01d-e9acd5067582","actor_name":"-두호杜怙","actor_username":"5rnlrhdwk@gmail.com","actor_via_sso":false,"log_type":"account","traits":{"provider_type":"google"}}', '2025-08-01 04:09:06.52536+00', ''),
	('00000000-0000-0000-0000-000000000000', '276e98cb-6f40-4d04-ba09-2b137bf36195', '{"action":"logout","actor_id":"24a57a66-3953-49e9-a01d-e9acd5067582","actor_name":"-두호杜怙","actor_username":"5rnlrhdwk@gmail.com","actor_via_sso":false,"log_type":"account"}', '2025-08-01 04:13:10.491681+00', ''),
	('00000000-0000-0000-0000-000000000000', '85055479-77fd-4ac7-bcf2-ee52c546597c', '{"action":"user_deleted","actor_id":"00000000-0000-0000-0000-000000000000","actor_username":"service_role","actor_via_sso":false,"log_type":"team","traits":{"user_email":"5rnlrhdwk@gmail.com","user_id":"24a57a66-3953-49e9-a01d-e9acd5067582","user_phone":""}}', '2025-08-01 04:13:45.40085+00', ''),
	('00000000-0000-0000-0000-000000000000', '22e54656-09da-4346-b4c1-4c0746df931b', '{"action":"user_signedup","actor_id":"31bd421f-94ca-47ed-b1cd-370435e427a8","actor_name":"-두호杜怙","actor_username":"5rnlrhdwk@gmail.com","actor_via_sso":false,"log_type":"team","traits":{"provider":"google"}}', '2025-08-01 04:13:56.40327+00', ''),
	('00000000-0000-0000-0000-000000000000', '865065be-1068-418d-a165-08bbc1e2e5b3', '{"action":"login","actor_id":"31bd421f-94ca-47ed-b1cd-370435e427a8","actor_name":"-두호杜怙","actor_username":"5rnlrhdwk@gmail.com","actor_via_sso":false,"log_type":"account","traits":{"provider_type":"google"}}', '2025-08-01 04:14:01.076057+00', ''),
	('00000000-0000-0000-0000-000000000000', 'adb7a132-8659-4014-9fbb-d2699d78eea8', '{"action":"user_deleted","actor_id":"00000000-0000-0000-0000-000000000000","actor_username":"service_role","actor_via_sso":false,"log_type":"team","traits":{"user_email":"5rnlrhdwk@gmail.com","user_id":"31bd421f-94ca-47ed-b1cd-370435e427a8","user_phone":""}}', '2025-08-01 04:15:18.855257+00', ''),
	('00000000-0000-0000-0000-000000000000', '3ea0ca9b-d910-4fd6-b864-23b14051bf45', '{"action":"user_signedup","actor_id":"f1cddbcb-c1c4-47ee-97e1-d9ef636416e2","actor_name":"-두호杜怙","actor_username":"5rnlrhdwk@gmail.com","actor_via_sso":false,"log_type":"team","traits":{"provider":"google"}}', '2025-08-01 04:17:04.279917+00', ''),
	('00000000-0000-0000-0000-000000000000', 'e1e9a29e-f4d3-4124-84b4-c7f4676318bd', '{"action":"login","actor_id":"f1cddbcb-c1c4-47ee-97e1-d9ef636416e2","actor_name":"-두호杜怙","actor_username":"5rnlrhdwk@gmail.com","actor_via_sso":false,"log_type":"account","traits":{"provider_type":"google"}}', '2025-08-01 04:17:05.644682+00', ''),
	('00000000-0000-0000-0000-000000000000', '13c8bd86-a91a-4bf4-b0a4-6685c8147849', '{"action":"logout","actor_id":"f1cddbcb-c1c4-47ee-97e1-d9ef636416e2","actor_name":"-두호杜怙","actor_username":"5rnlrhdwk@gmail.com","actor_via_sso":false,"log_type":"account"}', '2025-08-01 04:18:21.869335+00', ''),
	('00000000-0000-0000-0000-000000000000', '995f35e1-8c10-4404-80c3-4a51910c2952', '{"action":"user_deleted","actor_id":"00000000-0000-0000-0000-000000000000","actor_username":"service_role","actor_via_sso":false,"log_type":"team","traits":{"user_email":"5rnlrhdwk@gmail.com","user_id":"f1cddbcb-c1c4-47ee-97e1-d9ef636416e2","user_phone":""}}', '2025-08-01 04:20:37.323511+00', ''),
	('00000000-0000-0000-0000-000000000000', 'f0fe9b22-62c6-4891-af75-0fb9ae8590c0', '{"action":"user_signedup","actor_id":"6cac5a80-bfed-44a1-a747-f6cb94df5379","actor_name":"-두호杜怙","actor_username":"5rnlrhdwk@gmail.com","actor_via_sso":false,"log_type":"team","traits":{"provider":"google"}}', '2025-08-01 04:21:18.011687+00', ''),
	('00000000-0000-0000-0000-000000000000', 'a55b5fbd-3734-4e0d-b05c-2a071e0a87af', '{"action":"login","actor_id":"6cac5a80-bfed-44a1-a747-f6cb94df5379","actor_name":"-두호杜怙","actor_username":"5rnlrhdwk@gmail.com","actor_via_sso":false,"log_type":"account","traits":{"provider_type":"google"}}', '2025-08-01 04:21:21.621391+00', ''),
	('00000000-0000-0000-0000-000000000000', '257dbe2a-c213-45ef-bde4-692b4bf847f6', '{"action":"logout","actor_id":"6cac5a80-bfed-44a1-a747-f6cb94df5379","actor_name":"-두호杜怙","actor_username":"5rnlrhdwk@gmail.com","actor_via_sso":false,"log_type":"account"}', '2025-08-01 04:23:20.292049+00', ''),
	('00000000-0000-0000-0000-000000000000', 'c1c8c47c-c150-4880-ada0-b80cb0ba5bc4', '{"action":"user_deleted","actor_id":"00000000-0000-0000-0000-000000000000","actor_username":"service_role","actor_via_sso":false,"log_type":"team","traits":{"user_email":"5rnlrhdwk@gmail.com","user_id":"6cac5a80-bfed-44a1-a747-f6cb94df5379","user_phone":""}}', '2025-08-01 04:23:30.780534+00', ''),
	('00000000-0000-0000-0000-000000000000', '23703bcf-190e-407e-9f9e-69087089f87b', '{"action":"user_signedup","actor_id":"e0b00e54-64f5-41b0-b152-0dd2ab93044a","actor_name":"-두호杜怙","actor_username":"5rnlrhdwk@gmail.com","actor_via_sso":false,"log_type":"team","traits":{"provider":"google"}}', '2025-08-01 04:23:50.883207+00', ''),
	('00000000-0000-0000-0000-000000000000', '3eaa7c64-c411-4f02-9ca6-866d94876a38', '{"action":"login","actor_id":"e0b00e54-64f5-41b0-b152-0dd2ab93044a","actor_name":"-두호杜怙","actor_username":"5rnlrhdwk@gmail.com","actor_via_sso":false,"log_type":"account","traits":{"provider_type":"google"}}', '2025-08-01 04:23:52.226138+00', ''),
	('00000000-0000-0000-0000-000000000000', 'd847c923-72d0-4670-b833-47e38b4563b8', '{"action":"user_signedup","actor_id":"eafe1a77-0a7a-4c15-826f-e23b1c83eb49","actor_name":"김두호","actor_username":"bishi222@nate.com","actor_via_sso":false,"log_type":"team","traits":{"provider":"kakao"}}', '2025-08-01 04:24:59.300091+00', ''),
	('00000000-0000-0000-0000-000000000000', '9a41dcec-2c6d-49cc-a13e-105f84633786', '{"action":"login","actor_id":"eafe1a77-0a7a-4c15-826f-e23b1c83eb49","actor_name":"김두호","actor_username":"bishi222@nate.com","actor_via_sso":false,"log_type":"account","traits":{"provider_type":"kakao"}}', '2025-08-01 04:25:00.121999+00', ''),
	('00000000-0000-0000-0000-000000000000', 'f22cfd24-3644-4834-b59b-ee0cd388d038', '{"action":"logout","actor_id":"eafe1a77-0a7a-4c15-826f-e23b1c83eb49","actor_name":"김두호","actor_username":"bishi222@nate.com","actor_via_sso":false,"log_type":"account"}', '2025-08-01 04:27:54.617544+00', ''),
	('00000000-0000-0000-0000-000000000000', 'd309c04a-0dd2-405b-9f5f-945dd50121c7', '{"action":"user_deleted","actor_id":"00000000-0000-0000-0000-000000000000","actor_username":"service_role","actor_via_sso":false,"log_type":"team","traits":{"user_email":"5rnlrhdwk@gmail.com","user_id":"e0b00e54-64f5-41b0-b152-0dd2ab93044a","user_phone":""}}', '2025-08-01 04:27:59.329536+00', ''),
	('00000000-0000-0000-0000-000000000000', '405515de-2e80-40c5-9c77-c31e40e379f5', '{"action":"user_deleted","actor_id":"00000000-0000-0000-0000-000000000000","actor_username":"service_role","actor_via_sso":false,"log_type":"team","traits":{"user_email":"bishi222@nate.com","user_id":"eafe1a77-0a7a-4c15-826f-e23b1c83eb49","user_phone":""}}', '2025-08-01 04:27:59.358893+00', ''),
	('00000000-0000-0000-0000-000000000000', 'a0b74610-09c5-4443-840c-c210a8be981e', '{"action":"user_signedup","actor_id":"4ee116aa-35e4-451a-9942-9ab266fb0055","actor_name":"-두호杜怙","actor_username":"5rnlrhdwk@gmail.com","actor_via_sso":false,"log_type":"team","traits":{"provider":"google"}}', '2025-08-01 04:28:09.18316+00', ''),
	('00000000-0000-0000-0000-000000000000', '89c98291-b627-4d36-9623-ab7155d17efa', '{"action":"login","actor_id":"4ee116aa-35e4-451a-9942-9ab266fb0055","actor_name":"-두호杜怙","actor_username":"5rnlrhdwk@gmail.com","actor_via_sso":false,"log_type":"account","traits":{"provider_type":"google"}}', '2025-08-01 04:28:10.579194+00', ''),
	('00000000-0000-0000-0000-000000000000', 'd0002304-0576-43e6-a2fa-7ebb3acb8eeb', '{"action":"user_modified","actor_id":"4ee116aa-35e4-451a-9942-9ab266fb0055","actor_name":"-두호杜怙","actor_username":"5rnlrhdwk@gmail.com","actor_via_sso":false,"log_type":"user"}', '2025-08-01 04:28:40.647863+00', ''),
	('00000000-0000-0000-0000-000000000000', 'e4951a37-bfec-428e-80fa-9f2b58aac2f3', '{"action":"logout","actor_id":"4ee116aa-35e4-451a-9942-9ab266fb0055","actor_name":"-두호杜怙","actor_username":"5rnlrhdwk@gmail.com","actor_via_sso":false,"log_type":"account"}', '2025-08-01 04:28:50.419674+00', ''),
	('00000000-0000-0000-0000-000000000000', '8df9dec9-d264-44f2-a792-ca0edb6d5064', '{"action":"user_signedup","actor_id":"f4040064-71e7-4ea6-b475-de3d49cfe01d","actor_name":"김두호","actor_username":"bishi222@nate.com","actor_via_sso":false,"log_type":"team","traits":{"provider":"kakao"}}', '2025-08-01 04:29:15.363391+00', ''),
	('00000000-0000-0000-0000-000000000000', 'f0cbc6c7-cc2f-43f8-9a76-1f20ebb6ac86', '{"action":"login","actor_id":"f4040064-71e7-4ea6-b475-de3d49cfe01d","actor_name":"김두호","actor_username":"bishi222@nate.com","actor_via_sso":false,"log_type":"account","traits":{"provider_type":"kakao"}}', '2025-08-01 04:29:15.962698+00', ''),
	('00000000-0000-0000-0000-000000000000', '098231cf-629b-4848-86ea-06ea4f63922e', '{"action":"user_modified","actor_id":"f4040064-71e7-4ea6-b475-de3d49cfe01d","actor_name":"김두호","actor_username":"bishi222@nate.com","actor_via_sso":false,"log_type":"user"}', '2025-08-01 04:29:22.049957+00', ''),
	('00000000-0000-0000-0000-000000000000', '226a5ece-2137-4d14-b35c-f8fb026e7fbb', '{"action":"logout","actor_id":"f4040064-71e7-4ea6-b475-de3d49cfe01d","actor_name":"김두호","actor_username":"bishi222@nate.com","actor_via_sso":false,"log_type":"account"}', '2025-08-01 04:30:33.362146+00', ''),
	('00000000-0000-0000-0000-000000000000', '0e05800d-238f-4206-8fd6-899b82ec051e', '{"action":"user_deleted","actor_id":"00000000-0000-0000-0000-000000000000","actor_username":"service_role","actor_via_sso":false,"log_type":"team","traits":{"user_email":"bishi222@nate.com","user_id":"f4040064-71e7-4ea6-b475-de3d49cfe01d","user_phone":""}}', '2025-08-01 04:30:43.160457+00', ''),
	('00000000-0000-0000-0000-000000000000', '4dbccc32-7b12-4711-9dfe-d5e8417d7170', '{"action":"user_deleted","actor_id":"00000000-0000-0000-0000-000000000000","actor_username":"service_role","actor_via_sso":false,"log_type":"team","traits":{"user_email":"5rnlrhdwk@gmail.com","user_id":"4ee116aa-35e4-451a-9942-9ab266fb0055","user_phone":""}}', '2025-08-01 04:30:43.233022+00', ''),
	('00000000-0000-0000-0000-000000000000', '73b58a15-5867-4199-a1bb-b0cc92960e27', '{"action":"user_signedup","actor_id":"2be14761-0f5e-45ef-8b86-da221524aa56","actor_name":"-두호杜怙","actor_username":"5rnlrhdwk@gmail.com","actor_via_sso":false,"log_type":"team","traits":{"provider":"google"}}', '2025-08-01 04:31:04.419387+00', ''),
	('00000000-0000-0000-0000-000000000000', 'da720680-1821-4588-b886-5a1a0e389724', '{"action":"login","actor_id":"2be14761-0f5e-45ef-8b86-da221524aa56","actor_name":"-두호杜怙","actor_username":"5rnlrhdwk@gmail.com","actor_via_sso":false,"log_type":"account","traits":{"provider_type":"google"}}', '2025-08-01 04:31:05.071201+00', ''),
	('00000000-0000-0000-0000-000000000000', 'f3ca86b7-595a-4b90-bcb2-bbb0894600ea', '{"action":"user_modified","actor_id":"2be14761-0f5e-45ef-8b86-da221524aa56","actor_name":"-두호杜怙","actor_username":"5rnlrhdwk@gmail.com","actor_via_sso":false,"log_type":"user"}', '2025-08-01 04:31:13.831938+00', ''),
	('00000000-0000-0000-0000-000000000000', 'edf1473a-3584-4a43-9e13-971e95b7847e', '{"action":"logout","actor_id":"2be14761-0f5e-45ef-8b86-da221524aa56","actor_name":"-두호杜怙","actor_username":"5rnlrhdwk@gmail.com","actor_via_sso":false,"log_type":"account"}', '2025-08-01 04:33:27.536382+00', ''),
	('00000000-0000-0000-0000-000000000000', '112c8b28-8cae-45da-9f10-ff8f3f2d253e', '{"action":"user_deleted","actor_id":"00000000-0000-0000-0000-000000000000","actor_username":"service_role","actor_via_sso":false,"log_type":"team","traits":{"user_email":"5rnlrhdwk@gmail.com","user_id":"2be14761-0f5e-45ef-8b86-da221524aa56","user_phone":""}}', '2025-08-01 04:33:41.453055+00', ''),
	('00000000-0000-0000-0000-000000000000', '8162cc48-a4da-44db-9570-2e584347a07b', '{"action":"user_signedup","actor_id":"f75cf441-dcfa-42ba-92b9-d621fd0d9241","actor_name":"-두호杜怙","actor_username":"5rnlrhdwk@gmail.com","actor_via_sso":false,"log_type":"team","traits":{"provider":"google"}}', '2025-08-01 04:33:49.673935+00', ''),
	('00000000-0000-0000-0000-000000000000', '5f7f8f9c-063b-4dde-aaf7-d095408c6d55', '{"action":"login","actor_id":"f75cf441-dcfa-42ba-92b9-d621fd0d9241","actor_name":"-두호杜怙","actor_username":"5rnlrhdwk@gmail.com","actor_via_sso":false,"log_type":"account","traits":{"provider_type":"google"}}', '2025-08-01 04:33:51.00008+00', ''),
	('00000000-0000-0000-0000-000000000000', '5ce319b0-f936-4e31-93c5-ce53962b6d70', '{"action":"user_modified","actor_id":"f75cf441-dcfa-42ba-92b9-d621fd0d9241","actor_name":"-두호杜怙","actor_username":"5rnlrhdwk@gmail.com","actor_via_sso":false,"log_type":"user"}', '2025-08-01 04:33:57.558094+00', ''),
	('00000000-0000-0000-0000-000000000000', '57c4533c-495e-40af-9742-7ce20c25aa0d', '{"action":"logout","actor_id":"f75cf441-dcfa-42ba-92b9-d621fd0d9241","actor_name":"-두호杜怙","actor_username":"5rnlrhdwk@gmail.com","actor_via_sso":false,"log_type":"account"}', '2025-08-01 04:36:42.380181+00', ''),
	('00000000-0000-0000-0000-000000000000', '5e6bf9c5-de2e-4551-9b6d-9d50b6bedf70', '{"action":"login","actor_id":"f75cf441-dcfa-42ba-92b9-d621fd0d9241","actor_name":"-두호杜怙","actor_username":"5rnlrhdwk@gmail.com","actor_via_sso":false,"log_type":"account","traits":{"provider":"google"}}', '2025-08-01 04:36:51.475421+00', ''),
	('00000000-0000-0000-0000-000000000000', 'dffd0d5d-90ff-422c-9f82-3f2afd15bd55', '{"action":"login","actor_id":"f75cf441-dcfa-42ba-92b9-d621fd0d9241","actor_name":"-두호杜怙","actor_username":"5rnlrhdwk@gmail.com","actor_via_sso":false,"log_type":"account","traits":{"provider_type":"google"}}', '2025-08-01 04:36:52.975828+00', ''),
	('00000000-0000-0000-0000-000000000000', 'f4f28fb0-c343-4f79-979d-a19c205fd509', '{"action":"logout","actor_id":"f75cf441-dcfa-42ba-92b9-d621fd0d9241","actor_name":"-두호杜怙","actor_username":"5rnlrhdwk@gmail.com","actor_via_sso":false,"log_type":"account"}', '2025-08-01 04:41:45.43342+00', ''),
	('00000000-0000-0000-0000-000000000000', '6e81db7a-4f01-447d-93dc-5a64e4afe0ae', '{"action":"logout","actor_id":"f75cf441-dcfa-42ba-92b9-d621fd0d9241","actor_name":"-두호杜怙","actor_username":"5rnlrhdwk@gmail.com","actor_via_sso":false,"log_type":"account"}', '2025-08-01 04:41:45.438382+00', ''),
	('00000000-0000-0000-0000-000000000000', '304ae353-1f54-4614-83aa-be5f495bec66', '{"action":"login","actor_id":"f75cf441-dcfa-42ba-92b9-d621fd0d9241","actor_name":"-두호杜怙","actor_username":"5rnlrhdwk@gmail.com","actor_via_sso":false,"log_type":"account","traits":{"provider":"google"}}', '2025-08-01 04:42:06.614719+00', ''),
	('00000000-0000-0000-0000-000000000000', '53672759-0d7d-485b-a5f1-36a7a36e8176', '{"action":"login","actor_id":"f75cf441-dcfa-42ba-92b9-d621fd0d9241","actor_name":"-두호杜怙","actor_username":"5rnlrhdwk@gmail.com","actor_via_sso":false,"log_type":"account","traits":{"provider_type":"google"}}', '2025-08-01 04:42:08.099168+00', ''),
	('00000000-0000-0000-0000-000000000000', '8bd94840-e66d-494d-8025-c36ee73dde0a', '{"action":"login","actor_id":"f75cf441-dcfa-42ba-92b9-d621fd0d9241","actor_name":"-두호杜怙","actor_username":"5rnlrhdwk@gmail.com","actor_via_sso":false,"log_type":"account","traits":{"provider":"google"}}', '2025-08-01 04:58:04.131888+00', ''),
	('00000000-0000-0000-0000-000000000000', '481a74e9-9e82-451e-98bc-7642e891413f', '{"action":"login","actor_id":"f75cf441-dcfa-42ba-92b9-d621fd0d9241","actor_name":"-두호杜怙","actor_username":"5rnlrhdwk@gmail.com","actor_via_sso":false,"log_type":"account","traits":{"provider_type":"google"}}', '2025-08-01 04:58:09.97341+00', ''),
	('00000000-0000-0000-0000-000000000000', '8954bd2f-a3c1-4ad8-8e5c-cfd45335deb3', '{"action":"logout","actor_id":"f75cf441-dcfa-42ba-92b9-d621fd0d9241","actor_name":"-두호杜怙","actor_username":"5rnlrhdwk@gmail.com","actor_via_sso":false,"log_type":"account"}', '2025-08-01 05:41:16.40638+00', ''),
	('00000000-0000-0000-0000-000000000000', '75111610-e957-4566-be45-62646bddd314', '{"action":"login","actor_id":"f75cf441-dcfa-42ba-92b9-d621fd0d9241","actor_name":"-두호杜怙","actor_username":"5rnlrhdwk@gmail.com","actor_via_sso":false,"log_type":"account","traits":{"provider":"google"}}', '2025-08-01 05:41:43.435165+00', ''),
	('00000000-0000-0000-0000-000000000000', '625c0863-66ff-44dd-a55f-c6fbb99fed48', '{"action":"login","actor_id":"f75cf441-dcfa-42ba-92b9-d621fd0d9241","actor_name":"-두호杜怙","actor_username":"5rnlrhdwk@gmail.com","actor_via_sso":false,"log_type":"account","traits":{"provider_type":"google"}}', '2025-08-01 05:41:45.091516+00', ''),
	('00000000-0000-0000-0000-000000000000', '3c50fcd2-6ba9-43ef-8dd6-7483a1f9c085', '{"action":"token_refreshed","actor_id":"f75cf441-dcfa-42ba-92b9-d621fd0d9241","actor_name":"-두호杜怙","actor_username":"5rnlrhdwk@gmail.com","actor_via_sso":false,"log_type":"token"}', '2025-08-01 06:57:08.492519+00', ''),
	('00000000-0000-0000-0000-000000000000', 'd777e0a6-ddf2-4e20-96e2-fcf121ffd107', '{"action":"token_revoked","actor_id":"f75cf441-dcfa-42ba-92b9-d621fd0d9241","actor_name":"-두호杜怙","actor_username":"5rnlrhdwk@gmail.com","actor_via_sso":false,"log_type":"token"}', '2025-08-01 06:57:08.494315+00', ''),
	('00000000-0000-0000-0000-000000000000', 'eedf3d9a-7764-42e4-87ea-a948ea8e2118', '{"action":"token_refreshed","actor_id":"f75cf441-dcfa-42ba-92b9-d621fd0d9241","actor_name":"-두호杜怙","actor_username":"5rnlrhdwk@gmail.com","actor_via_sso":false,"log_type":"token"}', '2025-08-01 07:57:09.010104+00', ''),
	('00000000-0000-0000-0000-000000000000', '03383e18-4b2b-4d54-bcc6-26e87095fa6e', '{"action":"token_revoked","actor_id":"f75cf441-dcfa-42ba-92b9-d621fd0d9241","actor_name":"-두호杜怙","actor_username":"5rnlrhdwk@gmail.com","actor_via_sso":false,"log_type":"token"}', '2025-08-01 07:57:09.012981+00', ''),
	('00000000-0000-0000-0000-000000000000', 'f91ead6c-cb2f-4bf7-a5c8-b5b4dd7f0bc1', '{"action":"token_refreshed","actor_id":"f75cf441-dcfa-42ba-92b9-d621fd0d9241","actor_name":"-두호杜怙","actor_username":"5rnlrhdwk@gmail.com","actor_via_sso":false,"log_type":"token"}', '2025-08-01 09:34:50.067558+00', ''),
	('00000000-0000-0000-0000-000000000000', 'fe55f1e9-1a36-4888-84bb-d79ade40ce6f', '{"action":"token_revoked","actor_id":"f75cf441-dcfa-42ba-92b9-d621fd0d9241","actor_name":"-두호杜怙","actor_username":"5rnlrhdwk@gmail.com","actor_via_sso":false,"log_type":"token"}', '2025-08-01 09:34:50.069512+00', ''),
	('00000000-0000-0000-0000-000000000000', '7bd19172-d4d9-4574-860f-ad927011c7e5', '{"action":"login","actor_id":"f75cf441-dcfa-42ba-92b9-d621fd0d9241","actor_name":"-두호杜怙","actor_username":"5rnlrhdwk@gmail.com","actor_via_sso":false,"log_type":"account","traits":{"provider":"google"}}', '2025-08-01 10:11:10.228603+00', ''),
	('00000000-0000-0000-0000-000000000000', 'f7c02812-47ad-45cb-a56b-649cf60f6e0f', '{"action":"login","actor_id":"93c87ed3-a25d-4838-acd5-6e082ed56478","actor_username":"bishi2222@naver.com","actor_via_sso":false,"log_type":"account","traits":{"provider":"email"}}', '2025-08-01 10:11:44.376618+00', ''),
	('00000000-0000-0000-0000-000000000000', 'd859afc7-683f-4dc9-9857-4eecc98ee029', '{"action":"login","actor_id":"93c87ed3-a25d-4838-acd5-6e082ed56478","actor_username":"bishi2222@naver.com","actor_via_sso":false,"log_type":"account","traits":{"provider":"email"}}', '2025-08-01 10:22:59.026724+00', ''),
	('00000000-0000-0000-0000-000000000000', '0886a00f-aa73-48c7-97a8-0cf460f2af16', '{"action":"token_refreshed","actor_id":"93c87ed3-a25d-4838-acd5-6e082ed56478","actor_username":"bishi2222@naver.com","actor_via_sso":false,"log_type":"token"}', '2025-08-02 02:30:28.114191+00', ''),
	('00000000-0000-0000-0000-000000000000', 'f2e69765-49ec-4957-a882-1c9afa36a044', '{"action":"token_revoked","actor_id":"93c87ed3-a25d-4838-acd5-6e082ed56478","actor_username":"bishi2222@naver.com","actor_via_sso":false,"log_type":"token"}', '2025-08-02 02:30:28.116667+00', ''),
	('00000000-0000-0000-0000-000000000000', 'ac879eb4-b905-4c1b-a196-0e5a0e5780ba', '{"action":"token_refreshed","actor_id":"93c87ed3-a25d-4838-acd5-6e082ed56478","actor_username":"bishi2222@naver.com","actor_via_sso":false,"log_type":"token"}', '2025-08-02 03:33:00.091962+00', ''),
	('00000000-0000-0000-0000-000000000000', 'c2203868-f4f8-4a44-a911-5825bbc1972c', '{"action":"token_revoked","actor_id":"93c87ed3-a25d-4838-acd5-6e082ed56478","actor_username":"bishi2222@naver.com","actor_via_sso":false,"log_type":"token"}', '2025-08-02 03:33:00.130524+00', ''),
	('00000000-0000-0000-0000-000000000000', 'f0eb8d1d-bb89-48a7-866c-04d54547a14d', '{"action":"token_refreshed","actor_id":"93c87ed3-a25d-4838-acd5-6e082ed56478","actor_username":"bishi2222@naver.com","actor_via_sso":false,"log_type":"token"}', '2025-08-02 03:33:00.168384+00', ''),
	('00000000-0000-0000-0000-000000000000', '72696b2a-e2b3-49b8-8015-3c8c3773d494', '{"action":"token_refreshed","actor_id":"93c87ed3-a25d-4838-acd5-6e082ed56478","actor_username":"bishi2222@naver.com","actor_via_sso":false,"log_type":"token"}', '2025-08-02 04:47:24.955585+00', ''),
	('00000000-0000-0000-0000-000000000000', 'ea553a64-5b49-4686-9d30-764fef87fee6', '{"action":"token_revoked","actor_id":"93c87ed3-a25d-4838-acd5-6e082ed56478","actor_username":"bishi2222@naver.com","actor_via_sso":false,"log_type":"token"}', '2025-08-02 04:47:24.958146+00', ''),
	('00000000-0000-0000-0000-000000000000', '31894bfb-56b6-4b27-aa4c-7f9ac9170153', '{"action":"token_refreshed","actor_id":"93c87ed3-a25d-4838-acd5-6e082ed56478","actor_username":"bishi2222@naver.com","actor_via_sso":false,"log_type":"token"}', '2025-08-02 05:46:03.449463+00', ''),
	('00000000-0000-0000-0000-000000000000', '2ee1a18d-3d94-4f2c-ab05-d3a7ef1576f6', '{"action":"token_revoked","actor_id":"93c87ed3-a25d-4838-acd5-6e082ed56478","actor_username":"bishi2222@naver.com","actor_via_sso":false,"log_type":"token"}', '2025-08-02 05:46:03.452082+00', ''),
	('00000000-0000-0000-0000-000000000000', '461ac6ac-9607-496a-a12e-17fed5ae8ce8', '{"action":"token_refreshed","actor_id":"93c87ed3-a25d-4838-acd5-6e082ed56478","actor_username":"bishi2222@naver.com","actor_via_sso":false,"log_type":"token"}', '2025-08-02 06:44:50.199385+00', ''),
	('00000000-0000-0000-0000-000000000000', '11260906-9387-4de0-a550-57244db3eb5e', '{"action":"token_revoked","actor_id":"93c87ed3-a25d-4838-acd5-6e082ed56478","actor_username":"bishi2222@naver.com","actor_via_sso":false,"log_type":"token"}', '2025-08-02 06:44:50.200399+00', ''),
	('00000000-0000-0000-0000-000000000000', '4300cf59-3a5a-423d-a5b2-db488f7520e9', '{"action":"token_refreshed","actor_id":"93c87ed3-a25d-4838-acd5-6e082ed56478","actor_username":"bishi2222@naver.com","actor_via_sso":false,"log_type":"token"}', '2025-08-02 06:44:50.251418+00', ''),
	('00000000-0000-0000-0000-000000000000', '01ed69a2-5654-406a-9cc9-da21c6dee167', '{"action":"logout","actor_id":"93c87ed3-a25d-4838-acd5-6e082ed56478","actor_username":"bishi2222@naver.com","actor_via_sso":false,"log_type":"account"}', '2025-08-02 07:27:39.627151+00', ''),
	('00000000-0000-0000-0000-000000000000', 'adbf49f0-a414-40de-9868-257e9b15190d', '{"action":"login","actor_id":"f75cf441-dcfa-42ba-92b9-d621fd0d9241","actor_name":"-두호杜怙","actor_username":"5rnlrhdwk@gmail.com","actor_via_sso":false,"log_type":"account","traits":{"provider":"google"}}', '2025-08-02 07:28:45.933353+00', ''),
	('00000000-0000-0000-0000-000000000000', '13d9f5f7-50f9-4091-8bb6-bb414cc83bc0', '{"action":"login","actor_id":"f75cf441-dcfa-42ba-92b9-d621fd0d9241","actor_name":"-두호杜怙","actor_username":"5rnlrhdwk@gmail.com","actor_via_sso":false,"log_type":"account","traits":{"provider_type":"google"}}', '2025-08-02 07:28:48.29608+00', ''),
	('00000000-0000-0000-0000-000000000000', '9a4633fb-30d7-4903-abcc-8aa8d0bd20e7', '{"action":"logout","actor_id":"f75cf441-dcfa-42ba-92b9-d621fd0d9241","actor_name":"-두호杜怙","actor_username":"5rnlrhdwk@gmail.com","actor_via_sso":false,"log_type":"account"}', '2025-08-02 07:29:10.457081+00', ''),
	('00000000-0000-0000-0000-000000000000', '08d271aa-cf97-4381-b953-75f147e03f5a', '{"action":"user_signedup","actor_id":"679f6121-660a-44a7-a8c9-a76ca661c052","actor_name":"김두호","actor_username":"bishi222@nate.com","actor_via_sso":false,"log_type":"team","traits":{"provider":"kakao"}}', '2025-08-02 07:29:39.868487+00', ''),
	('00000000-0000-0000-0000-000000000000', '6e7d132b-c949-423c-9e6b-a22d28ff17d1', '{"action":"login","actor_id":"679f6121-660a-44a7-a8c9-a76ca661c052","actor_name":"김두호","actor_username":"bishi222@nate.com","actor_via_sso":false,"log_type":"account","traits":{"provider_type":"kakao"}}', '2025-08-02 07:29:40.521691+00', ''),
	('00000000-0000-0000-0000-000000000000', '353fdcd1-66a9-4645-ad8e-6af1d6e02f48', '{"action":"user_modified","actor_id":"679f6121-660a-44a7-a8c9-a76ca661c052","actor_name":"김두호","actor_username":"bishi222@nate.com","actor_via_sso":false,"log_type":"user"}', '2025-08-02 07:29:47.642973+00', ''),
	('00000000-0000-0000-0000-000000000000', '8d283862-c0d8-4952-8df1-571661c9678f', '{"action":"token_refreshed","actor_id":"679f6121-660a-44a7-a8c9-a76ca661c052","actor_name":"김두호","actor_username":"bishi222@nate.com","actor_via_sso":false,"log_type":"token"}', '2025-08-02 08:29:08.389021+00', ''),
	('00000000-0000-0000-0000-000000000000', '04636610-a706-4773-b47f-2d2209fdb8de', '{"action":"token_revoked","actor_id":"679f6121-660a-44a7-a8c9-a76ca661c052","actor_name":"김두호","actor_username":"bishi222@nate.com","actor_via_sso":false,"log_type":"token"}', '2025-08-02 08:29:08.390913+00', ''),
	('00000000-0000-0000-0000-000000000000', '2bb5029b-d1ca-450c-8776-c5d06e164330', '{"action":"token_refreshed","actor_id":"679f6121-660a-44a7-a8c9-a76ca661c052","actor_name":"김두호","actor_username":"bishi222@nate.com","actor_via_sso":false,"log_type":"token"}', '2025-08-02 09:27:44.960401+00', ''),
	('00000000-0000-0000-0000-000000000000', '1ed850a6-d4b8-4b5f-81ba-9b9f562de71b', '{"action":"token_revoked","actor_id":"679f6121-660a-44a7-a8c9-a76ca661c052","actor_name":"김두호","actor_username":"bishi222@nate.com","actor_via_sso":false,"log_type":"token"}', '2025-08-02 09:27:44.965705+00', ''),
	('00000000-0000-0000-0000-000000000000', 'ede9492c-0858-483f-acdf-08107f06b63c', '{"action":"token_refreshed","actor_id":"679f6121-660a-44a7-a8c9-a76ca661c052","actor_name":"김두호","actor_username":"bishi222@nate.com","actor_via_sso":false,"log_type":"token"}', '2025-08-02 09:27:45.152027+00', ''),
	('00000000-0000-0000-0000-000000000000', '7d2ac900-13b2-458c-aff1-4665dcb6b0eb', '{"action":"token_refreshed","actor_id":"679f6121-660a-44a7-a8c9-a76ca661c052","actor_name":"김두호","actor_username":"bishi222@nate.com","actor_via_sso":false,"log_type":"token"}', '2025-08-02 10:26:42.776407+00', ''),
	('00000000-0000-0000-0000-000000000000', 'd5b33bf7-6736-4684-8e47-e13dd117b1b5', '{"action":"token_revoked","actor_id":"679f6121-660a-44a7-a8c9-a76ca661c052","actor_name":"김두호","actor_username":"bishi222@nate.com","actor_via_sso":false,"log_type":"token"}', '2025-08-02 10:26:42.778629+00', ''),
	('00000000-0000-0000-0000-000000000000', '7bbee375-22ed-4e36-8785-51e2afea8b55', '{"action":"token_refreshed","actor_id":"679f6121-660a-44a7-a8c9-a76ca661c052","actor_name":"김두호","actor_username":"bishi222@nate.com","actor_via_sso":false,"log_type":"token"}', '2025-08-02 11:30:06.633416+00', ''),
	('00000000-0000-0000-0000-000000000000', '86d4f18b-f4e1-412d-b710-7416d29e1897', '{"action":"token_revoked","actor_id":"679f6121-660a-44a7-a8c9-a76ca661c052","actor_name":"김두호","actor_username":"bishi222@nate.com","actor_via_sso":false,"log_type":"token"}', '2025-08-02 11:30:06.635252+00', ''),
	('00000000-0000-0000-0000-000000000000', '519cc1c4-da78-44dd-a07e-08c4d47aecb5', '{"action":"token_refreshed","actor_id":"679f6121-660a-44a7-a8c9-a76ca661c052","actor_name":"김두호","actor_username":"bishi222@nate.com","actor_via_sso":false,"log_type":"token"}', '2025-08-03 03:29:44.764912+00', ''),
	('00000000-0000-0000-0000-000000000000', 'f3b7001d-38d5-4cd3-82ad-ce2979deb9cc', '{"action":"token_revoked","actor_id":"679f6121-660a-44a7-a8c9-a76ca661c052","actor_name":"김두호","actor_username":"bishi222@nate.com","actor_via_sso":false,"log_type":"token"}', '2025-08-03 03:29:44.766776+00', ''),
	('00000000-0000-0000-0000-000000000000', 'c6142d18-198e-4a66-b70e-f64ddf9f55c8', '{"action":"token_refreshed","actor_id":"679f6121-660a-44a7-a8c9-a76ca661c052","actor_name":"김두호","actor_username":"bishi222@nate.com","actor_via_sso":false,"log_type":"token"}', '2025-08-03 04:28:21.640056+00', ''),
	('00000000-0000-0000-0000-000000000000', 'a71c7dcc-4c6b-42c3-937b-b9fd2075a2db', '{"action":"token_revoked","actor_id":"679f6121-660a-44a7-a8c9-a76ca661c052","actor_name":"김두호","actor_username":"bishi222@nate.com","actor_via_sso":false,"log_type":"token"}', '2025-08-03 04:28:21.641699+00', ''),
	('00000000-0000-0000-0000-000000000000', '1c862101-db79-49bf-b457-d6184dde4617', '{"action":"login","actor_id":"93c87ed3-a25d-4838-acd5-6e082ed56478","actor_username":"bishi2222@naver.com","actor_via_sso":false,"log_type":"account","traits":{"provider":"email"}}', '2025-08-03 05:33:14.166805+00', ''),
	('00000000-0000-0000-0000-000000000000', '004dce89-32d7-4652-baa4-ea78e96c7593', '{"action":"token_refreshed","actor_id":"679f6121-660a-44a7-a8c9-a76ca661c052","actor_name":"김두호","actor_username":"bishi222@nate.com","actor_via_sso":false,"log_type":"token"}', '2025-08-03 05:35:49.355796+00', ''),
	('00000000-0000-0000-0000-000000000000', '73b28297-0a78-47d4-9ad6-245d51bf73f4', '{"action":"token_revoked","actor_id":"679f6121-660a-44a7-a8c9-a76ca661c052","actor_name":"김두호","actor_username":"bishi222@nate.com","actor_via_sso":false,"log_type":"token"}', '2025-08-03 05:35:49.356426+00', ''),
	('00000000-0000-0000-0000-000000000000', '547d3d6a-40e6-4349-8a46-d748732e1c6d', '{"action":"token_refreshed","actor_id":"93c87ed3-a25d-4838-acd5-6e082ed56478","actor_username":"bishi2222@naver.com","actor_via_sso":false,"log_type":"token"}', '2025-08-03 06:32:31.729218+00', ''),
	('00000000-0000-0000-0000-000000000000', '9b182280-14c9-4919-8165-9ca123aa03c4', '{"action":"token_revoked","actor_id":"93c87ed3-a25d-4838-acd5-6e082ed56478","actor_username":"bishi2222@naver.com","actor_via_sso":false,"log_type":"token"}', '2025-08-03 06:32:31.731002+00', ''),
	('00000000-0000-0000-0000-000000000000', '6628529a-1b04-4f53-b6df-91c2dc94275f', '{"action":"token_refreshed","actor_id":"679f6121-660a-44a7-a8c9-a76ca661c052","actor_name":"김두호","actor_username":"bishi222@nate.com","actor_via_sso":false,"log_type":"token"}', '2025-08-03 07:04:26.864654+00', ''),
	('00000000-0000-0000-0000-000000000000', '38cf5709-403d-44fc-9990-5441fa8d97e7', '{"action":"token_revoked","actor_id":"679f6121-660a-44a7-a8c9-a76ca661c052","actor_name":"김두호","actor_username":"bishi222@nate.com","actor_via_sso":false,"log_type":"token"}', '2025-08-03 07:04:26.866881+00', ''),
	('00000000-0000-0000-0000-000000000000', '545d9831-b4c8-4271-a316-c2917497d127', '{"action":"token_refreshed","actor_id":"93c87ed3-a25d-4838-acd5-6e082ed56478","actor_username":"bishi2222@naver.com","actor_via_sso":false,"log_type":"token"}', '2025-08-03 07:40:19.251262+00', ''),
	('00000000-0000-0000-0000-000000000000', '596b8ee9-e96b-4550-a802-0ca3d896ad26', '{"action":"token_revoked","actor_id":"93c87ed3-a25d-4838-acd5-6e082ed56478","actor_username":"bishi2222@naver.com","actor_via_sso":false,"log_type":"token"}', '2025-08-03 07:40:19.253224+00', ''),
	('00000000-0000-0000-0000-000000000000', '2f36ae3f-b359-403b-9974-bcb1f3d51727', '{"action":"token_refreshed","actor_id":"93c87ed3-a25d-4838-acd5-6e082ed56478","actor_username":"bishi2222@naver.com","actor_via_sso":false,"log_type":"token"}', '2025-08-03 07:40:19.269991+00', ''),
	('00000000-0000-0000-0000-000000000000', '5ea33034-8267-453d-8259-fe9da3954865', '{"action":"token_refreshed","actor_id":"93c87ed3-a25d-4838-acd5-6e082ed56478","actor_username":"bishi2222@naver.com","actor_via_sso":false,"log_type":"token"}', '2025-08-03 07:40:19.552144+00', ''),
	('00000000-0000-0000-0000-000000000000', '92182df2-5ce7-4104-b3da-5acbe8f7f14c', '{"action":"token_refreshed","actor_id":"93c87ed3-a25d-4838-acd5-6e082ed56478","actor_username":"bishi2222@naver.com","actor_via_sso":false,"log_type":"token"}', '2025-08-03 08:38:21.658166+00', ''),
	('00000000-0000-0000-0000-000000000000', 'cc2ec12b-c23b-4cf2-bfc6-cbf8c0974396', '{"action":"token_revoked","actor_id":"93c87ed3-a25d-4838-acd5-6e082ed56478","actor_username":"bishi2222@naver.com","actor_via_sso":false,"log_type":"token"}', '2025-08-03 08:38:21.660606+00', ''),
	('00000000-0000-0000-0000-000000000000', '5a0a5db2-dbb0-4cc5-9b32-68c82e935ebb', '{"action":"token_refreshed","actor_id":"93c87ed3-a25d-4838-acd5-6e082ed56478","actor_username":"bishi2222@naver.com","actor_via_sso":false,"log_type":"token"}', '2025-08-03 09:51:44.960102+00', ''),
	('00000000-0000-0000-0000-000000000000', 'eadb2406-e593-4975-b9a4-65c249559474', '{"action":"token_revoked","actor_id":"93c87ed3-a25d-4838-acd5-6e082ed56478","actor_username":"bishi2222@naver.com","actor_via_sso":false,"log_type":"token"}', '2025-08-03 09:51:44.961952+00', ''),
	('00000000-0000-0000-0000-000000000000', 'c6c7c24d-7a18-40f3-8e49-b72c99d5a049', '{"action":"token_refreshed","actor_id":"93c87ed3-a25d-4838-acd5-6e082ed56478","actor_username":"bishi2222@naver.com","actor_via_sso":false,"log_type":"token"}', '2025-08-03 21:55:40.078179+00', ''),
	('00000000-0000-0000-0000-000000000000', 'dc9b0c9f-97f0-4ca8-8e52-d208cdcbc387', '{"action":"token_revoked","actor_id":"93c87ed3-a25d-4838-acd5-6e082ed56478","actor_username":"bishi2222@naver.com","actor_via_sso":false,"log_type":"token"}', '2025-08-03 21:55:40.081029+00', ''),
	('00000000-0000-0000-0000-000000000000', '0ecb2b65-e5f9-4c9f-b218-522a5ffa7b28', '{"action":"token_refreshed","actor_id":"679f6121-660a-44a7-a8c9-a76ca661c052","actor_name":"김두호","actor_username":"bishi222@nate.com","actor_via_sso":false,"log_type":"token"}', '2025-08-03 22:30:44.959314+00', ''),
	('00000000-0000-0000-0000-000000000000', 'd3dd5b49-f27a-439b-b365-5c24d9a2b3cf', '{"action":"token_revoked","actor_id":"679f6121-660a-44a7-a8c9-a76ca661c052","actor_name":"김두호","actor_username":"bishi222@nate.com","actor_via_sso":false,"log_type":"token"}', '2025-08-03 22:30:44.961488+00', ''),
	('00000000-0000-0000-0000-000000000000', 'a661c44f-1296-47c5-a529-cc3fe9fd2219', '{"action":"logout","actor_id":"679f6121-660a-44a7-a8c9-a76ca661c052","actor_name":"김두호","actor_username":"bishi222@nate.com","actor_via_sso":false,"log_type":"account"}', '2025-08-03 22:52:00.057967+00', ''),
	('00000000-0000-0000-0000-000000000000', '29e1e35a-6379-4b2b-acda-e63f80b2bd87', '{"action":"login","actor_id":"93c87ed3-a25d-4838-acd5-6e082ed56478","actor_username":"bishi2222@naver.com","actor_via_sso":false,"log_type":"account","traits":{"provider":"email"}}', '2025-08-03 22:57:58.946971+00', ''),
	('00000000-0000-0000-0000-000000000000', 'ff9f9e36-ee15-4a74-b41b-6964e19cc6c3', '{"action":"logout","actor_id":"93c87ed3-a25d-4838-acd5-6e082ed56478","actor_username":"bishi2222@naver.com","actor_via_sso":false,"log_type":"account"}', '2025-08-03 23:28:30.119263+00', ''),
	('00000000-0000-0000-0000-000000000000', '7f0266a0-acf5-419d-999c-a23a814dc5bc', '{"action":"login","actor_id":"93c87ed3-a25d-4838-acd5-6e082ed56478","actor_username":"bishi2222@naver.com","actor_via_sso":false,"log_type":"account","traits":{"provider":"email"}}', '2025-08-03 23:30:12.800842+00', ''),
	('00000000-0000-0000-0000-000000000000', 'd7631162-e954-443d-b63c-4d169fe731dd', '{"action":"token_refreshed","actor_id":"93c87ed3-a25d-4838-acd5-6e082ed56478","actor_username":"bishi2222@naver.com","actor_via_sso":false,"log_type":"token"}', '2025-08-04 00:29:03.109869+00', ''),
	('00000000-0000-0000-0000-000000000000', 'a10fa62f-d2c9-4f75-b0a3-26e0dc1d7b32', '{"action":"token_revoked","actor_id":"93c87ed3-a25d-4838-acd5-6e082ed56478","actor_username":"bishi2222@naver.com","actor_via_sso":false,"log_type":"token"}', '2025-08-04 00:29:03.114998+00', ''),
	('00000000-0000-0000-0000-000000000000', '955ec891-39f9-424d-b28f-af95feb28121', '{"action":"token_refreshed","actor_id":"93c87ed3-a25d-4838-acd5-6e082ed56478","actor_username":"bishi2222@naver.com","actor_via_sso":false,"log_type":"token"}', '2025-08-04 01:30:54.798416+00', ''),
	('00000000-0000-0000-0000-000000000000', '33be58b5-fafb-479b-a57e-4f1a0d54c62a', '{"action":"token_revoked","actor_id":"93c87ed3-a25d-4838-acd5-6e082ed56478","actor_username":"bishi2222@naver.com","actor_via_sso":false,"log_type":"token"}', '2025-08-04 01:30:54.801795+00', ''),
	('00000000-0000-0000-0000-000000000000', '5f8884b8-baa1-47fa-955b-7c7a852e741e', '{"action":"logout","actor_id":"93c87ed3-a25d-4838-acd5-6e082ed56478","actor_username":"bishi2222@naver.com","actor_via_sso":false,"log_type":"account"}', '2025-08-04 02:06:59.222234+00', ''),
	('00000000-0000-0000-0000-000000000000', '9e3ca019-6c5e-471d-abc6-c9d5cff948bb', '{"action":"login","actor_id":"f75cf441-dcfa-42ba-92b9-d621fd0d9241","actor_name":"-두호杜怙","actor_username":"5rnlrhdwk@gmail.com","actor_via_sso":false,"log_type":"account","traits":{"provider":"google"}}', '2025-08-04 02:23:13.242846+00', ''),
	('00000000-0000-0000-0000-000000000000', 'bae977cb-748e-4034-babf-88976fbac6fc', '{"action":"login","actor_id":"f75cf441-dcfa-42ba-92b9-d621fd0d9241","actor_name":"-두호杜怙","actor_username":"5rnlrhdwk@gmail.com","actor_via_sso":false,"log_type":"account","traits":{"provider_type":"google"}}', '2025-08-04 02:23:16.991655+00', ''),
	('00000000-0000-0000-0000-000000000000', '06ea4caf-4038-4d7c-a1f4-9be4fa623d0a', '{"action":"token_refreshed","actor_id":"f75cf441-dcfa-42ba-92b9-d621fd0d9241","actor_name":"-두호杜怙","actor_username":"5rnlrhdwk@gmail.com","actor_via_sso":false,"log_type":"token"}', '2025-08-04 03:57:14.426501+00', ''),
	('00000000-0000-0000-0000-000000000000', '150b258d-621e-4a24-9ae0-75d7d0cc1192', '{"action":"token_revoked","actor_id":"f75cf441-dcfa-42ba-92b9-d621fd0d9241","actor_name":"-두호杜怙","actor_username":"5rnlrhdwk@gmail.com","actor_via_sso":false,"log_type":"token"}', '2025-08-04 03:57:14.428987+00', ''),
	('00000000-0000-0000-0000-000000000000', '24a6ef69-1e02-4299-9c8a-42479da5df56', '{"action":"token_refreshed","actor_id":"f75cf441-dcfa-42ba-92b9-d621fd0d9241","actor_name":"-두호杜怙","actor_username":"5rnlrhdwk@gmail.com","actor_via_sso":false,"log_type":"token"}', '2025-08-04 04:55:48.255115+00', ''),
	('00000000-0000-0000-0000-000000000000', '4f05316d-1eb8-4e8f-ad96-9aa979608946', '{"action":"token_revoked","actor_id":"f75cf441-dcfa-42ba-92b9-d621fd0d9241","actor_name":"-두호杜怙","actor_username":"5rnlrhdwk@gmail.com","actor_via_sso":false,"log_type":"token"}', '2025-08-04 04:55:48.256945+00', ''),
	('00000000-0000-0000-0000-000000000000', '2485da3b-c0a0-4d4f-9f1a-fe45d758b709', '{"action":"login","actor_id":"93c87ed3-a25d-4838-acd5-6e082ed56478","actor_username":"bishi2222@naver.com","actor_via_sso":false,"log_type":"account","traits":{"provider":"email"}}', '2025-08-04 05:41:15.598144+00', ''),
	('00000000-0000-0000-0000-000000000000', '80eb8265-9296-4670-ac74-f1d089007cf8', '{"action":"token_refreshed","actor_id":"f75cf441-dcfa-42ba-92b9-d621fd0d9241","actor_name":"-두호杜怙","actor_username":"5rnlrhdwk@gmail.com","actor_via_sso":false,"log_type":"token"}', '2025-08-04 05:58:48.862521+00', ''),
	('00000000-0000-0000-0000-000000000000', '02a50c50-07f1-4304-925f-6497c5c9ca8f', '{"action":"token_revoked","actor_id":"f75cf441-dcfa-42ba-92b9-d621fd0d9241","actor_name":"-두호杜怙","actor_username":"5rnlrhdwk@gmail.com","actor_via_sso":false,"log_type":"token"}', '2025-08-04 05:58:48.866339+00', ''),
	('00000000-0000-0000-0000-000000000000', '1e9e23f9-fe07-46e7-aef7-a9fa1d603c30', '{"action":"token_refreshed","actor_id":"93c87ed3-a25d-4838-acd5-6e082ed56478","actor_username":"bishi2222@naver.com","actor_via_sso":false,"log_type":"token"}', '2025-08-04 06:39:48.191421+00', ''),
	('00000000-0000-0000-0000-000000000000', 'b67d9e29-1a74-4d6f-9713-7582324d34e7', '{"action":"token_revoked","actor_id":"93c87ed3-a25d-4838-acd5-6e082ed56478","actor_username":"bishi2222@naver.com","actor_via_sso":false,"log_type":"token"}', '2025-08-04 06:39:48.193486+00', ''),
	('00000000-0000-0000-0000-000000000000', '88647577-c23d-4fb2-bac6-7eee63737ac1', '{"action":"token_refreshed","actor_id":"f75cf441-dcfa-42ba-92b9-d621fd0d9241","actor_name":"-두호杜怙","actor_username":"5rnlrhdwk@gmail.com","actor_via_sso":false,"log_type":"token"}', '2025-08-04 07:18:28.735628+00', ''),
	('00000000-0000-0000-0000-000000000000', 'c48313b4-be5b-4946-9292-cd674ff4e7d5', '{"action":"token_revoked","actor_id":"f75cf441-dcfa-42ba-92b9-d621fd0d9241","actor_name":"-두호杜怙","actor_username":"5rnlrhdwk@gmail.com","actor_via_sso":false,"log_type":"token"}', '2025-08-04 07:18:28.737518+00', ''),
	('00000000-0000-0000-0000-000000000000', 'e452140c-e680-45d8-b436-04c60b8214f0', '{"action":"token_refreshed","actor_id":"93c87ed3-a25d-4838-acd5-6e082ed56478","actor_username":"bishi2222@naver.com","actor_via_sso":false,"log_type":"token"}', '2025-08-04 07:37:52.837938+00', ''),
	('00000000-0000-0000-0000-000000000000', '0d50182e-d0f3-43b9-97f9-d1456d3ce4a5', '{"action":"token_revoked","actor_id":"93c87ed3-a25d-4838-acd5-6e082ed56478","actor_username":"bishi2222@naver.com","actor_via_sso":false,"log_type":"token"}', '2025-08-04 07:37:52.839712+00', ''),
	('00000000-0000-0000-0000-000000000000', '99487981-21f7-4e1a-a723-639f2de36c1f', '{"action":"token_refreshed","actor_id":"f75cf441-dcfa-42ba-92b9-d621fd0d9241","actor_name":"-두호杜怙","actor_username":"5rnlrhdwk@gmail.com","actor_via_sso":false,"log_type":"token"}', '2025-08-04 09:18:49.433224+00', ''),
	('00000000-0000-0000-0000-000000000000', 'd24acce5-96dc-4d2a-8679-c9f838833b22', '{"action":"token_revoked","actor_id":"f75cf441-dcfa-42ba-92b9-d621fd0d9241","actor_name":"-두호杜怙","actor_username":"5rnlrhdwk@gmail.com","actor_via_sso":false,"log_type":"token"}', '2025-08-04 09:18:49.43626+00', ''),
	('00000000-0000-0000-0000-000000000000', '10ff314c-06ae-4aeb-ad3e-d0c6ba4504d3', '{"action":"token_refreshed","actor_id":"f75cf441-dcfa-42ba-92b9-d621fd0d9241","actor_name":"-두호杜怙","actor_username":"5rnlrhdwk@gmail.com","actor_via_sso":false,"log_type":"token"}', '2025-08-04 10:17:52.774548+00', ''),
	('00000000-0000-0000-0000-000000000000', '085f2f8f-e9f2-4a34-b400-fa3a173e4794', '{"action":"token_revoked","actor_id":"f75cf441-dcfa-42ba-92b9-d621fd0d9241","actor_name":"-두호杜怙","actor_username":"5rnlrhdwk@gmail.com","actor_via_sso":false,"log_type":"token"}', '2025-08-04 10:17:52.779201+00', ''),
	('00000000-0000-0000-0000-000000000000', 'cfa2193e-7b08-4f5d-8e56-bf95fbc57b78', '{"action":"token_refreshed","actor_id":"93c87ed3-a25d-4838-acd5-6e082ed56478","actor_username":"bishi2222@naver.com","actor_via_sso":false,"log_type":"token"}', '2025-08-04 10:59:51.367472+00', ''),
	('00000000-0000-0000-0000-000000000000', '49037858-bde4-4973-bffe-b079e855c809', '{"action":"token_revoked","actor_id":"93c87ed3-a25d-4838-acd5-6e082ed56478","actor_username":"bishi2222@naver.com","actor_via_sso":false,"log_type":"token"}', '2025-08-04 10:59:51.373179+00', ''),
	('00000000-0000-0000-0000-000000000000', '6b1084f8-256d-4cac-8014-7aa798a29b56', '{"action":"token_refreshed","actor_id":"93c87ed3-a25d-4838-acd5-6e082ed56478","actor_username":"bishi2222@naver.com","actor_via_sso":false,"log_type":"token"}', '2025-08-04 11:59:36.463105+00', ''),
	('00000000-0000-0000-0000-000000000000', 'eb648f58-8815-4207-8d90-440556cb73af', '{"action":"token_revoked","actor_id":"93c87ed3-a25d-4838-acd5-6e082ed56478","actor_username":"bishi2222@naver.com","actor_via_sso":false,"log_type":"token"}', '2025-08-04 11:59:36.465532+00', ''),
	('00000000-0000-0000-0000-000000000000', 'd3ef4e83-d910-4e81-a4ca-28a04c5c600e', '{"action":"token_refreshed","actor_id":"93c87ed3-a25d-4838-acd5-6e082ed56478","actor_username":"bishi2222@naver.com","actor_via_sso":false,"log_type":"token"}', '2025-08-04 11:59:37.056146+00', ''),
	('00000000-0000-0000-0000-000000000000', 'f8483444-94c7-46ea-b877-f4d68ae31f72', '{"action":"token_refreshed","actor_id":"f75cf441-dcfa-42ba-92b9-d621fd0d9241","actor_name":"-두호杜怙","actor_username":"5rnlrhdwk@gmail.com","actor_via_sso":false,"log_type":"token"}', '2025-08-04 12:25:36.051372+00', ''),
	('00000000-0000-0000-0000-000000000000', 'c1ac8de0-c07b-4495-b27a-f25801449cae', '{"action":"token_revoked","actor_id":"f75cf441-dcfa-42ba-92b9-d621fd0d9241","actor_name":"-두호杜怙","actor_username":"5rnlrhdwk@gmail.com","actor_via_sso":false,"log_type":"token"}', '2025-08-04 12:25:36.053476+00', ''),
	('00000000-0000-0000-0000-000000000000', '67e1b42d-15d9-4849-842e-44dc80127c15', '{"action":"login","actor_id":"93c87ed3-a25d-4838-acd5-6e082ed56478","actor_username":"bishi2222@naver.com","actor_via_sso":false,"log_type":"account","traits":{"provider":"email"}}', '2025-08-04 12:54:56.172031+00', ''),
	('00000000-0000-0000-0000-000000000000', '92fcbfa9-8530-47ec-8879-bad29235391f', '{"action":"login","actor_id":"93c87ed3-a25d-4838-acd5-6e082ed56478","actor_username":"bishi2222@naver.com","actor_via_sso":false,"log_type":"account","traits":{"provider":"email"}}', '2025-08-04 13:01:26.00252+00', ''),
	('00000000-0000-0000-0000-000000000000', 'cd4e7637-44a6-4637-bbd6-e0ede3aefba0', '{"action":"login","actor_id":"f75cf441-dcfa-42ba-92b9-d621fd0d9241","actor_name":"-두호杜怙","actor_username":"5rnlrhdwk@gmail.com","actor_via_sso":false,"log_type":"account","traits":{"provider":"google"}}', '2025-08-04 14:08:13.746975+00', ''),
	('00000000-0000-0000-0000-000000000000', 'adc60d25-8a24-4556-8503-27a064d70552', '{"action":"login","actor_id":"f75cf441-dcfa-42ba-92b9-d621fd0d9241","actor_name":"-두호杜怙","actor_username":"5rnlrhdwk@gmail.com","actor_via_sso":false,"log_type":"account","traits":{"provider":"google"}}', '2025-08-04 14:08:19.521664+00', ''),
	('00000000-0000-0000-0000-000000000000', 'b5700129-133e-415f-8629-cfef6f39c3d4', '{"action":"login","actor_id":"93c87ed3-a25d-4838-acd5-6e082ed56478","actor_username":"bishi2222@naver.com","actor_via_sso":false,"log_type":"account","traits":{"provider":"email"}}', '2025-08-04 14:08:42.867379+00', ''),
	('00000000-0000-0000-0000-000000000000', 'fac6d49c-8a5e-4a49-8a9b-6ab3b5fd19c2', '{"action":"login","actor_id":"93c87ed3-a25d-4838-acd5-6e082ed56478","actor_username":"bishi2222@naver.com","actor_via_sso":false,"log_type":"account","traits":{"provider":"email"}}', '2025-08-04 14:10:29.103713+00', ''),
	('00000000-0000-0000-0000-000000000000', 'e2ecd9f0-0d86-4c0d-bed9-ed5884ece616', '{"action":"login","actor_id":"93c87ed3-a25d-4838-acd5-6e082ed56478","actor_username":"bishi2222@naver.com","actor_via_sso":false,"log_type":"account","traits":{"provider":"email"}}', '2025-08-04 14:11:53.785683+00', ''),
	('00000000-0000-0000-0000-000000000000', 'b3370b2d-11f2-4f52-8c14-8c8837efd78a', '{"action":"login","actor_id":"93c87ed3-a25d-4838-acd5-6e082ed56478","actor_username":"bishi2222@naver.com","actor_via_sso":false,"log_type":"account","traits":{"provider":"email"}}', '2025-08-04 14:12:44.767529+00', ''),
	('00000000-0000-0000-0000-000000000000', '2d941197-28ec-4956-81a5-75bc8cd423ec', '{"action":"token_refreshed","actor_id":"f75cf441-dcfa-42ba-92b9-d621fd0d9241","actor_name":"-두호杜怙","actor_username":"5rnlrhdwk@gmail.com","actor_via_sso":false,"log_type":"token"}', '2025-08-04 14:13:12.863458+00', ''),
	('00000000-0000-0000-0000-000000000000', '82295dbb-8796-4809-9468-daf62079eb3e', '{"action":"token_revoked","actor_id":"f75cf441-dcfa-42ba-92b9-d621fd0d9241","actor_name":"-두호杜怙","actor_username":"5rnlrhdwk@gmail.com","actor_via_sso":false,"log_type":"token"}', '2025-08-04 14:13:12.864095+00', ''),
	('00000000-0000-0000-0000-000000000000', 'd74111ac-6b5e-4c77-ba65-a14b182834b1', '{"action":"login","actor_id":"93c87ed3-a25d-4838-acd5-6e082ed56478","actor_username":"bishi2222@naver.com","actor_via_sso":false,"log_type":"account","traits":{"provider":"email"}}', '2025-08-04 14:13:45.409013+00', ''),
	('00000000-0000-0000-0000-000000000000', '873055a2-20d6-4e8f-92b5-5dc403f4fddb', '{"action":"login","actor_id":"93c87ed3-a25d-4838-acd5-6e082ed56478","actor_username":"bishi2222@naver.com","actor_via_sso":false,"log_type":"account","traits":{"provider":"email"}}', '2025-08-04 14:19:19.082558+00', ''),
	('00000000-0000-0000-0000-000000000000', '0eb06585-d633-4760-9bc7-0e4456d24487', '{"action":"login","actor_id":"93c87ed3-a25d-4838-acd5-6e082ed56478","actor_username":"bishi2222@naver.com","actor_via_sso":false,"log_type":"account","traits":{"provider":"email"}}', '2025-08-04 14:29:33.536927+00', ''),
	('00000000-0000-0000-0000-000000000000', 'ef0ad29e-652f-4265-a017-bd62fb540e9b', '{"action":"token_refreshed","actor_id":"93c87ed3-a25d-4838-acd5-6e082ed56478","actor_username":"bishi2222@naver.com","actor_via_sso":false,"log_type":"token"}', '2025-08-04 14:31:51.980852+00', ''),
	('00000000-0000-0000-0000-000000000000', '8940bb82-a56b-4a24-9c79-07c4c05849f6', '{"action":"token_revoked","actor_id":"93c87ed3-a25d-4838-acd5-6e082ed56478","actor_username":"bishi2222@naver.com","actor_via_sso":false,"log_type":"token"}', '2025-08-04 14:31:51.983503+00', ''),
	('00000000-0000-0000-0000-000000000000', '7932b991-e6a3-4506-9bcc-7e347fb9302a', '{"action":"token_refreshed","actor_id":"93c87ed3-a25d-4838-acd5-6e082ed56478","actor_username":"bishi2222@naver.com","actor_via_sso":false,"log_type":"token"}', '2025-08-04 14:31:57.453049+00', ''),
	('00000000-0000-0000-0000-000000000000', 'a60f9531-ea06-4cf7-991d-0e86e0f7ee52', '{"action":"login","actor_id":"93c87ed3-a25d-4838-acd5-6e082ed56478","actor_username":"bishi2222@naver.com","actor_via_sso":false,"log_type":"account","traits":{"provider":"email"}}', '2025-08-04 22:38:39.098103+00', ''),
	('00000000-0000-0000-0000-000000000000', '7b1e6b80-3ca7-4208-8e8f-f0b37cc80ff2', '{"action":"token_refreshed","actor_id":"93c87ed3-a25d-4838-acd5-6e082ed56478","actor_username":"bishi2222@naver.com","actor_via_sso":false,"log_type":"token"}', '2025-08-04 23:38:22.017007+00', ''),
	('00000000-0000-0000-0000-000000000000', '1b8988d6-e818-4166-98db-d65732c4d103', '{"action":"token_revoked","actor_id":"93c87ed3-a25d-4838-acd5-6e082ed56478","actor_username":"bishi2222@naver.com","actor_via_sso":false,"log_type":"token"}', '2025-08-04 23:38:22.021311+00', ''),
	('00000000-0000-0000-0000-000000000000', '83abee23-6f63-4343-abec-9ac3f20b93b4', '{"action":"token_refreshed","actor_id":"93c87ed3-a25d-4838-acd5-6e082ed56478","actor_username":"bishi2222@naver.com","actor_via_sso":false,"log_type":"token"}', '2025-08-05 00:04:41.300806+00', ''),
	('00000000-0000-0000-0000-000000000000', '6f579172-de92-4847-adf9-0598294e8d91', '{"action":"token_revoked","actor_id":"93c87ed3-a25d-4838-acd5-6e082ed56478","actor_username":"bishi2222@naver.com","actor_via_sso":false,"log_type":"token"}', '2025-08-05 00:04:41.304034+00', ''),
	('00000000-0000-0000-0000-000000000000', '7a03827e-159b-4f8d-8464-877d775f7a23', '{"action":"login","actor_id":"93c87ed3-a25d-4838-acd5-6e082ed56478","actor_username":"bishi2222@naver.com","actor_via_sso":false,"log_type":"account","traits":{"provider":"email"}}', '2025-08-05 00:07:07.22712+00', ''),
	('00000000-0000-0000-0000-000000000000', 'ed26a3b0-2e58-4697-b44a-441f8e91196d', '{"action":"login","actor_id":"93c87ed3-a25d-4838-acd5-6e082ed56478","actor_username":"bishi2222@naver.com","actor_via_sso":false,"log_type":"account","traits":{"provider":"email"}}', '2025-08-05 00:15:33.142117+00', ''),
	('00000000-0000-0000-0000-000000000000', 'fac97969-db64-4f9e-a220-32bf9b1f2a77', '{"action":"login","actor_id":"93c87ed3-a25d-4838-acd5-6e082ed56478","actor_username":"bishi2222@naver.com","actor_via_sso":false,"log_type":"account","traits":{"provider":"email"}}', '2025-08-05 00:16:57.08609+00', ''),
	('00000000-0000-0000-0000-000000000000', 'badf7d5f-7743-4c98-84ae-bb577293174a', '{"action":"login","actor_id":"93c87ed3-a25d-4838-acd5-6e082ed56478","actor_username":"bishi2222@naver.com","actor_via_sso":false,"log_type":"account","traits":{"provider":"email"}}', '2025-08-05 00:17:58.951635+00', ''),
	('00000000-0000-0000-0000-000000000000', '8389f20f-9e98-44c7-8d9e-0d2176e8a8f6', '{"action":"login","actor_id":"93c87ed3-a25d-4838-acd5-6e082ed56478","actor_username":"bishi2222@naver.com","actor_via_sso":false,"log_type":"account","traits":{"provider":"email"}}', '2025-08-05 00:28:25.969851+00', ''),
	('00000000-0000-0000-0000-000000000000', 'c2ed7f80-51a8-4665-b6f9-c2860e7ad4cc', '{"action":"login","actor_id":"93c87ed3-a25d-4838-acd5-6e082ed56478","actor_username":"bishi2222@naver.com","actor_via_sso":false,"log_type":"account","traits":{"provider":"email"}}', '2025-08-05 00:30:02.670255+00', ''),
	('00000000-0000-0000-0000-000000000000', 'cd2aa308-71f6-4e4f-a33f-51703fcb1eee', '{"action":"login","actor_id":"93c87ed3-a25d-4838-acd5-6e082ed56478","actor_username":"bishi2222@naver.com","actor_via_sso":false,"log_type":"account","traits":{"provider":"email"}}', '2025-08-05 00:31:58.902754+00', ''),
	('00000000-0000-0000-0000-000000000000', '11c99712-4991-478e-b3dd-39a17016ec64', '{"action":"login","actor_id":"93c87ed3-a25d-4838-acd5-6e082ed56478","actor_username":"bishi2222@naver.com","actor_via_sso":false,"log_type":"account","traits":{"provider":"email"}}', '2025-08-05 00:34:00.476137+00', ''),
	('00000000-0000-0000-0000-000000000000', '472fe0a6-15de-4a15-9adc-c59888630d56', '{"action":"login","actor_id":"93c87ed3-a25d-4838-acd5-6e082ed56478","actor_username":"bishi2222@naver.com","actor_via_sso":false,"log_type":"account","traits":{"provider":"email"}}', '2025-08-05 00:35:36.239597+00', ''),
	('00000000-0000-0000-0000-000000000000', '0125fbf9-a102-4614-8892-9eb4e8ba24d3', '{"action":"login","actor_id":"93c87ed3-a25d-4838-acd5-6e082ed56478","actor_username":"bishi2222@naver.com","actor_via_sso":false,"log_type":"account","traits":{"provider":"email"}}', '2025-08-05 00:37:09.507078+00', ''),
	('00000000-0000-0000-0000-000000000000', '0d2f8288-fb0e-4582-a8b4-abea01876041', '{"action":"login","actor_id":"93c87ed3-a25d-4838-acd5-6e082ed56478","actor_username":"bishi2222@naver.com","actor_via_sso":false,"log_type":"account","traits":{"provider":"email"}}', '2025-08-05 00:42:35.974966+00', ''),
	('00000000-0000-0000-0000-000000000000', 'dd6a0f58-f63d-47eb-a689-ec0d338e5f85', '{"action":"login","actor_id":"93c87ed3-a25d-4838-acd5-6e082ed56478","actor_username":"bishi2222@naver.com","actor_via_sso":false,"log_type":"account","traits":{"provider":"email"}}', '2025-08-05 00:45:15.370322+00', ''),
	('00000000-0000-0000-0000-000000000000', 'edf8bc9a-36c3-4a33-b0c6-2e034f51a119', '{"action":"login","actor_id":"93c87ed3-a25d-4838-acd5-6e082ed56478","actor_username":"bishi2222@naver.com","actor_via_sso":false,"log_type":"account","traits":{"provider":"email"}}', '2025-08-05 00:49:42.842802+00', ''),
	('00000000-0000-0000-0000-000000000000', '13d30e1e-3f81-4528-96d8-b9504fb831cc', '{"action":"login","actor_id":"93c87ed3-a25d-4838-acd5-6e082ed56478","actor_username":"bishi2222@naver.com","actor_via_sso":false,"log_type":"account","traits":{"provider":"email"}}', '2025-08-05 00:52:45.896422+00', ''),
	('00000000-0000-0000-0000-000000000000', '1a2ec06d-c1e7-42bb-b366-36a1adc0f75f', '{"action":"login","actor_id":"93c87ed3-a25d-4838-acd5-6e082ed56478","actor_username":"bishi2222@naver.com","actor_via_sso":false,"log_type":"account","traits":{"provider":"email"}}', '2025-08-05 01:01:20.964103+00', ''),
	('00000000-0000-0000-0000-000000000000', 'bf4f33f5-1f33-4710-a2f6-19d8faf4985b', '{"action":"login","actor_id":"93c87ed3-a25d-4838-acd5-6e082ed56478","actor_username":"bishi2222@naver.com","actor_via_sso":false,"log_type":"account","traits":{"provider":"email"}}', '2025-08-05 01:06:49.514263+00', ''),
	('00000000-0000-0000-0000-000000000000', '9bdc694f-9844-47f7-9b06-382ec2bc167e', '{"action":"login","actor_id":"93c87ed3-a25d-4838-acd5-6e082ed56478","actor_username":"bishi2222@naver.com","actor_via_sso":false,"log_type":"account","traits":{"provider":"email"}}', '2025-08-05 01:11:42.4302+00', ''),
	('00000000-0000-0000-0000-000000000000', 'eef14a02-0754-49bb-9bf7-1adf422dff7b', '{"action":"login","actor_id":"93c87ed3-a25d-4838-acd5-6e082ed56478","actor_username":"bishi2222@naver.com","actor_via_sso":false,"log_type":"account","traits":{"provider":"email"}}', '2025-08-05 01:12:32.551173+00', ''),
	('00000000-0000-0000-0000-000000000000', 'db7deee7-37ab-4dd1-9217-d770bd0bf357', '{"action":"login","actor_id":"93c87ed3-a25d-4838-acd5-6e082ed56478","actor_username":"bishi2222@naver.com","actor_via_sso":false,"log_type":"account","traits":{"provider":"email"}}', '2025-08-05 01:15:36.429618+00', ''),
	('00000000-0000-0000-0000-000000000000', '60d28838-9d51-4fff-9806-5a08cea7d794', '{"action":"login","actor_id":"93c87ed3-a25d-4838-acd5-6e082ed56478","actor_username":"bishi2222@naver.com","actor_via_sso":false,"log_type":"account","traits":{"provider":"email"}}', '2025-08-05 01:17:37.854072+00', ''),
	('00000000-0000-0000-0000-000000000000', '25f94d32-8a83-4501-b2b3-05db97fdeb98', '{"action":"token_refreshed","actor_id":"93c87ed3-a25d-4838-acd5-6e082ed56478","actor_username":"bishi2222@naver.com","actor_via_sso":false,"log_type":"token"}', '2025-08-05 02:50:47.998556+00', ''),
	('00000000-0000-0000-0000-000000000000', 'e1ebd3de-d3ed-4798-ad64-c5eb8ccc3e04', '{"action":"token_revoked","actor_id":"93c87ed3-a25d-4838-acd5-6e082ed56478","actor_username":"bishi2222@naver.com","actor_via_sso":false,"log_type":"token"}', '2025-08-05 02:50:48.002773+00', '');


--
-- Data for Name: flow_state; Type: TABLE DATA; Schema: auth; Owner: supabase_auth_admin
--

INSERT INTO "auth"."flow_state" ("id", "user_id", "auth_code", "code_challenge_method", "code_challenge", "provider_type", "provider_access_token", "provider_refresh_token", "created_at", "updated_at", "authentication_method", "auth_code_issued_at") VALUES
	('74be13c5-14ce-488c-ac1c-48409100b886', NULL, '6625d9db-bd35-4b00-9c4f-f5fb98892f24', 's256', 'yy-J83diDu1cJI-s6J5OUsKudLaQbbfnHPPd4mIGG_c', 'google', '', '', '2025-07-28 05:15:32.775744+00', '2025-07-28 05:15:32.775744+00', 'oauth', NULL),
	('68f7d0a0-83b6-4fb6-8b62-d4ac781ed6d8', NULL, 'e21d4145-937b-486b-a80f-a08aeea27e77', 's256', 'M0UmGVHmm0BcxjWOi6sF7qoNghgQ4--h9DbSO1sZLbQ', 'google', '', '', '2025-07-28 05:15:37.284193+00', '2025-07-28 05:15:37.284193+00', 'oauth', NULL),
	('c3985bcf-5b83-4895-961e-732bb99881c1', NULL, 'f71db150-f98a-4d14-8ecd-5e146550b870', 's256', 'PdOiKZhg-_Yj3VABo-xTvPXh6gByuzQpvy0ljwG6V7U', 'google', '', '', '2025-07-28 05:15:40.847996+00', '2025-07-28 05:15:40.847996+00', 'oauth', NULL),
	('c3cfa001-4ccc-48e1-b84c-7e107bb094d3', '1ddb0812-b67d-4e67-bf34-f702bd16c6cd', 'aa7aea3a-3b2d-44a0-b6c8-e77307b89c3e', 's256', 'gWNbqhlwyYWdbXobdrB81X9aKKkVoDPBuvNJnuHIRZM', 'magiclink', '', '', '2025-08-01 01:07:02.270334+00', '2025-08-01 01:07:02.270334+00', 'magiclink', NULL),
	('e26b1c6f-9534-4554-a15c-a81d291b2bb8', '93c87ed3-a25d-4838-acd5-6e082ed56478', 'e7516361-6fd6-44de-bcbd-954756c39a74', 's256', '2vxJVkpnFas324-9f_lULt7yoWhFgFHA_WgmTORTt4E', 'email', '', '', '2025-08-01 03:55:24.217342+00', '2025-08-01 03:55:24.217342+00', 'email/signup', NULL),
	('e8e377ef-b139-4099-8b74-abf302ee7c7a', NULL, '28fa93cc-8d43-44c5-866d-f0341b2f9f3e', 's256', 'v1u-O4Rq2z3_OkGxQqX2NnA3VzvIWkowOfS_DfRSUTg', 'google', '', '', '2025-07-31 03:32:00.10481+00', '2025-07-31 03:32:00.10481+00', 'oauth', NULL),
	('8c28c7d4-7e2b-468f-b9d0-f40d42a4252d', NULL, '32f8490b-101f-4cdc-a371-cc0c089d6dd4', 's256', 'NvN-FGTKwy9a4ro3ZbAYEbqyb3e6K-6O1zEMKp1wqYA', 'google', '', '', '2025-07-31 03:32:34.283042+00', '2025-07-31 03:32:34.283042+00', 'oauth', NULL),
	('46517bc4-2f1a-4281-bf93-e9ab671b78e5', NULL, '3c7703ea-71d1-4cdd-bdce-abf00b85dd63', 's256', 'p5_WhFWsEzzwTzhoJwR1TqSqsQukbRTV1nnk3BWPG6s', 'google', '', '', '2025-07-31 03:32:37.439508+00', '2025-07-31 03:32:37.439508+00', 'oauth', NULL),
	('7e621a50-5d5e-4a45-b014-ba3df6d8ad47', NULL, '6a7a25eb-b640-4778-9008-1f184da590f4', 's256', 'dB3EKFcWATOachsC8AiAY9kN-8GI9vLnA_2wZc9ctZU', 'google', '', '', '2025-07-31 03:32:42.996069+00', '2025-07-31 03:32:42.996069+00', 'oauth', NULL),
	('c24cfa7d-3d2c-4534-b3ed-6dc0dfa39f7e', NULL, 'e56c65da-5775-4452-9d1f-4e79a74dda4a', 's256', 'T4UQo-NVVYnDr30OT_1AoQfIa9KnQ1_Pq8Dd-EGZu3I', 'google', '', '', '2025-07-28 06:10:34.546836+00', '2025-07-28 06:10:34.546836+00', 'oauth', NULL),
	('a32534d7-962f-473d-a3d9-1ce368a90cfb', NULL, '2ca41c42-d60d-4735-84cb-76692e43db7b', 's256', 'm_GG3k1dKaXCmdzvbr5SdAlld4gTFEp6Ts3rTASEqy4', 'google', '', '', '2025-07-31 03:32:46.013717+00', '2025-07-31 03:32:46.013717+00', 'oauth', NULL),
	('3bd3695b-d937-4862-933d-66f3e52c07f7', NULL, 'd264eaad-654a-41ae-9449-10097b379482', 's256', 'd7OGjkMdMfaA-JpavEc1jqo9sDEULd-DaSeGwm3KRZc', 'google', '', '', '2025-07-31 03:32:48.844225+00', '2025-07-31 03:32:48.844225+00', 'oauth', NULL),
	('2a096c12-52b4-4540-9ae5-7592a2e45357', NULL, '7baed055-184e-4996-98e1-46588e54fcbe', 's256', 'JeC3uIfhzi5CwmnaAQqGjA-bVm09OmqCaUzetz_lVvQ', 'kakao', '', '', '2025-07-31 03:32:52.567227+00', '2025-07-31 03:32:52.567227+00', 'oauth', NULL),
	('a93ef32c-90fe-4021-8994-a9c6c1efc583', 'b25009df-279b-4a86-a655-992ed6f56a9f', '98f7dd6b-e074-4fe7-8011-c7d119440dbb', 's256', '1hm8zsjdPJ4-jWwdd7149YRA3CPBcRbKw-IsrZgoLp0', 'google', 'ya29.a0AS3H6Ny1-tVm4VU3C8iub-IfCKuFEfcr0CRRHcIN7ZQD-DbONbG0TaEqmZbFfuJr9I0esvDNftGn0EzN_ZKYJuXfcfjmUt2BiZu-yC17DGgSwp2hU7yjSdusXRjNx-zCoYn0xTvLYzYBSfZHnBarMYrFq5xXOg9koQl3TqWWyQaCgYKAagSARUSFQHGX2MiEjWT-ba2ajQ7T4mBMdf7ow0177', '', '2025-07-28 07:11:00.337654+00', '2025-07-28 07:11:01.947953+00', 'oauth', '2025-07-28 07:11:01.947906+00'),
	('6297dd1c-f207-46c8-b49b-79575576a282', NULL, '720184ae-aea7-47a8-9fef-56ca7a3bbb0d', 's256', 'K0PA0n_1a1sW-nTpzdxbxEke2nPCIWVk6lVUqHUQGMc', 'google', '', '', '2025-07-28 07:12:32.172003+00', '2025-07-28 07:12:32.172003+00', 'oauth', NULL),
	('f6cb5ea4-4ff7-493e-8f7d-efdfb8c963e5', NULL, 'a5252e09-f9cb-43b1-8e65-f53b092d8c47', 's256', 'sPuxAGBoMOQXdvmHno5vs_Tt3O5Bt_cN4qAblB06Sgo', 'kakao', '', '', '2025-07-31 02:48:25.489841+00', '2025-07-31 02:48:25.489841+00', 'oauth', NULL),
	('895b1493-86ca-4c68-adaa-5bf99319a7bf', NULL, '73df2a53-cdd7-45fc-82a1-095c15a3aea0', 's256', 'YSv_lBtoFtx2-8lts3kYw1OxNcKYNvQqaqlB4mfWTTY', 'google', '', '', '2025-07-30 06:15:01.944718+00', '2025-07-30 06:15:01.944718+00', 'oauth', NULL),
	('78d774df-8c20-4716-97cf-0a027d68c8a7', NULL, '483cd837-dc4d-4026-b60d-86b2d55fec86', 's256', 'I-M2RXFOh39lJV5nCJISk8EqYgzfyUHGg-OKxgMZ4zU', 'google', '', '', '2025-07-30 06:15:51.413983+00', '2025-07-30 06:15:51.413983+00', 'oauth', NULL),
	('58bfcd1c-6041-4520-b4b9-0469556db035', NULL, 'fd47a6f6-5f17-498b-88be-988535514afa', 's256', '4t52UulkFnCGHoMn11si0hskxBqRRmwisM22hKLEH-Q', 'google', '', '', '2025-07-30 06:15:53.603315+00', '2025-07-30 06:15:53.603315+00', 'oauth', NULL),
	('a9351e2d-ca91-4fc9-92f7-286a44a1e35c', NULL, '9caa53ca-3690-4331-a29c-775cb9ced60e', 's256', '4t2xzoYxDH74g97NF33pfimcy7PSicat1jPFU2m4cqA', 'google', '', '', '2025-07-29 09:09:18.032704+00', '2025-07-29 09:09:18.032704+00', 'oauth', NULL),
	('da28fffa-dcd5-44aa-baad-ddedde045eb9', NULL, '2e0572a4-dc93-4691-80e1-ccc27793aaea', 's256', 'ZUScq91KB-258Tb4_ZNOWMQ-NtS4V2nUXSbGu7C9mjQ', 'google', '', '', '2025-07-30 06:16:10.758712+00', '2025-07-30 06:16:10.758712+00', 'oauth', NULL),
	('e61fdc23-22cd-426a-821d-d954567d01d2', NULL, 'ddfcc7d3-efe7-4888-9c79-851b740a3cfb', 's256', '3OhsMBiitXM5SMyk9ZKkFCZCH2QIcxzIuYlU2yf-ZfI', 'google', '', '', '2025-07-30 06:16:19.88962+00', '2025-07-30 06:16:19.88962+00', 'oauth', NULL),
	('e5280e8e-d8a8-405e-b037-eb57ae999b3d', NULL, '071e3da6-0e11-4c71-afa1-bc3714666df6', 's256', '0pJF3eds1Wc0MjtJNBzn1lvg3KIVnCXf5NvZHH2vB-Q', 'google', '', '', '2025-07-30 06:26:47.044011+00', '2025-07-30 06:26:47.044011+00', 'oauth', NULL),
	('52358509-3264-4c2a-ba47-e250edc09b43', NULL, 'a49542a0-eeef-42f9-a4e5-66a3ae9db548', 's256', 'ysZh9Cf5IbxeAY32cJUFIuSF0PjQJFkHWQircv2GIEk', 'google', '', '', '2025-07-30 06:27:43.52357+00', '2025-07-30 06:27:43.52357+00', 'oauth', NULL),
	('94b0e3dc-db75-406f-95ac-d33f78a5228f', 'f75cf441-dcfa-42ba-92b9-d621fd0d9241', '8b1d9dfb-a446-4cdb-8934-8884c43dcea3', 's256', 'zy3C2nd1Pr00H0M07KEfP_HDkZEdr_hmWOtOmjxwla8', 'google', 'ya29.a0AS3H6NxrGINEfarHfOEq1wWh3hN8O9iFI0mN05OyNmMLJQFasUm-1CMxAkYuFVgPJjrFee7UHj57ilg30lxqmK_9iQnYajw0bKh5cNihUmz-ZiMDWI42q_ui5VLo6LGwdegVLmioRpfnGQmHlejaBkSeycndaXbdGFAT7eJmoQaCgYKAa0SARUSFQHGX2MipEts8UyIoAGlu0A9d6Rslg0177', '', '2025-08-01 10:11:08.436777+00', '2025-08-01 10:11:10.229495+00', 'oauth', '2025-08-01 10:11:10.229454+00'),
	('9d72015d-e13d-440a-8bee-32a7b69ff2c9', '12090a60-a97c-419d-898d-f0010838e0a2', '30e3e3aa-31e7-4b01-9849-21b5d0ee0740', 's256', '2Msrf3QdjZmOFcYLbMfww1AAC5e3GgwfjZDUPbdmcJ8', 'google', 'ya29.a0AS3H6NzuhKWyOazJyLdAmMDDA3-zhGypdEfWJGAM9Ukrk4dEQPageIZBjr1O4DuaTqfmkVJSwUk2CLQgKkyWpjJQrm9gt2nCCIwi0cbxXPaMpcURSrLnX08hphyrrwhroV7B-3Gcs6mwuUXiYS-H6MXOzzr7R85KY9hcToDsqgaCgYKARwSARUSFQHGX2MiIkD_lzMkcc2SO-hBbrvc0w0177', '', '2025-07-30 01:43:53.836231+00', '2025-07-30 01:43:58.287808+00', 'oauth', '2025-07-30 01:43:58.287765+00'),
	('64c13180-8c26-4575-a8be-4361f0d5ad54', 'b25009df-279b-4a86-a655-992ed6f56a9f', 'c93531b4-6aff-4f74-8687-9fba81afc4d4', 's256', 'XwaFWZpZW69K_FLQkzIawJZrkM_--WZLk7UsUCak82o', 'google', 'ya29.a0AS3H6NxPj8euPZ4IeF-5_raDy3QsmmnjLmWdkDJCWWSdKNYUEfy8WEUhP4_pLlmfiTT2-syYld3iul676OjMojzbeCUW4qBDAUwGy2Nr05P9akIADQfcV17j9y69r-67gO4f-wrMe6O9oJdqJ6spKQywRQ2MCGe28TPGCepqAgaCgYKAV0SARUSFQHGX2MilwJGbuf1x5wUp2sIpvQuMg0177', '', '2025-07-30 02:51:58.076158+00', '2025-07-30 02:51:59.101779+00', 'oauth', '2025-07-30 02:51:59.101736+00'),
	('821180e6-6b4e-458a-b450-1d1b85b4eda4', 'b25009df-279b-4a86-a655-992ed6f56a9f', 'b837a1a4-954e-4a76-a8ea-4f3e3c6b67f0', 's256', 'aCvFmxx9OecHFJFz7TiBeyyr4y-S_KwPIDjUCXNxMtU', 'google', 'ya29.a0AS3H6NwJd5WbwTaGtlzwVsaOLf-Y4mJZeRV6Vv5fK_GFWWZOYziQ4n7eyg8x_ailAizXLCZ_i24O7cLxq9pUbpzy7wKigfKugYavtCMrbV65ZaU7xRD4AP3vkXfGVTqQaQ5ZaMHbovaM3NgtXL0qxKL-8plKCAmarM2UpblvlwaCgYKAY0SARUSFQHGX2Mi4DI6lfsXrhlv4zGgBLBsvg0177', '', '2025-07-30 05:32:32.073095+00', '2025-07-30 05:32:33.588089+00', 'oauth', '2025-07-30 05:32:33.588036+00'),
	('49f79888-c27a-453c-9f01-511a161ac146', NULL, 'f2f4cc9a-8c82-4fe6-adc6-ed5de77e931f', 's256', 'mpO_3lhnOhsXYyZf8p8f1EPz9dhOAOZzP-4fyxtyiZA', 'google', '', '', '2025-07-30 06:29:17.983882+00', '2025-07-30 06:29:17.983882+00', 'oauth', NULL),
	('98c3759c-ecef-437f-85f1-0faf896177e1', NULL, 'f200787c-22e2-45d0-abf9-0b7386a76428', 's256', '7uX-Eh196KLVLJbL3oLuZF-O3MwBAG124btTeblclQI', 'google', '', '', '2025-07-30 06:30:42.825721+00', '2025-07-30 06:30:42.825721+00', 'oauth', NULL),
	('eaa08fdf-bbf3-455e-b170-2d2a1eb9e4ba', NULL, '6f33e0f4-45cf-4793-80ec-159b7be9d805', 's256', 'TE3goTGY9Us73RUHOqz0HbieahORWipcjnJoV-OWWsQ', 'google', '', '', '2025-07-30 06:31:36.449549+00', '2025-07-30 06:31:36.449549+00', 'oauth', NULL),
	('a15698ad-2047-4c4b-b7b4-a12cdfe0e5ff', '001c9303-0dae-4cf7-acd2-45ae51e8374d', '0996169c-c708-494a-a618-177e619a11bd', 's256', '9e81O6jZ8UBYVX76WDzxYKJv9vZztMeh0gPjwErzWsg', 'magiclink', '', '', '2025-08-01 01:16:01.027751+00', '2025-08-01 01:16:01.027751+00', 'magiclink', NULL),
	('82cf1945-bd91-4483-a086-0a5add34fdf8', 'f7d892a4-81ea-426c-83ec-9c45d080ce64', '45b35b75-5a04-4fe8-8ee6-44ef601c12e1', 's256', 'A-UZ54BPqu-rPbxtHUcBssZ40PRc67fjT7JSUyTVmh8', 'magiclink', '', '', '2025-08-01 01:22:05.756205+00', '2025-08-01 01:22:05.756205+00', 'magiclink', NULL),
	('96dfd51a-fcf4-4cd3-a5a4-a7fb150fce4b', 'c663812b-1191-43de-806a-a8379fba8afd', 'af6a29c5-547f-456f-af32-4e7c2aaf71dd', 's256', 'OlGUT2eIz8CaaxUB7MmkR0Nk5VWxpY0MXoLK6DnnLR0', 'email', '', '', '2025-08-01 03:42:52.030358+00', '2025-08-01 03:42:52.030358+00', 'email/signup', NULL),
	('e9e08ffe-f3ba-4d93-a511-0f50cd326092', '590a1c4c-492a-4865-a8db-5a036d864245', '0b624c39-86ae-4518-befa-55b87f54d2ba', 's256', 'OIBGQo7C0V9QQAZ2Zchvhg8OgWjVyJggMpJfxJE3VUk', 'email', '', '', '2025-08-01 03:46:41.939239+00', '2025-08-01 03:46:41.939239+00', 'email/signup', NULL),
	('591f85bb-067e-4d94-8417-9be79d96d498', NULL, '68a30ead-87a8-45d6-a83c-73f7461b8be4', 's256', 'KG6m-WQBWP4cL6qOGK-6mRqlXayLTjZwclPV_ETRxtA', 'google', '', '', '2025-07-31 03:37:33.403147+00', '2025-07-31 03:37:33.403147+00', 'oauth', NULL),
	('2b6c2786-c360-4ae2-8c18-115cc02fc0c3', NULL, '8fda7c25-56de-4118-8529-de1f2fb44a31', 's256', 'PVgKdIiAobDIiva3lUktZaNX8CuArf5SbcKLsTiISEk', 'kakao', '', '', '2025-07-31 10:40:54.515901+00', '2025-07-31 10:40:54.515901+00', 'oauth', NULL),
	('fbf3cdb4-b803-4159-8fb6-7fe2d9fa83a3', NULL, '92133bd4-5a8c-4107-ae73-0cb5dca43c8e', 's256', 'unNC300dC4yYGq6EcNCtTaW-k571mkduvI180YOjvQ4', 'google', '', '', '2025-08-04 12:54:04.39818+00', '2025-08-04 12:54:04.39818+00', 'oauth', NULL);


--
-- Data for Name: users; Type: TABLE DATA; Schema: auth; Owner: supabase_auth_admin
--

INSERT INTO "auth"."users" ("instance_id", "id", "aud", "role", "email", "encrypted_password", "email_confirmed_at", "invited_at", "confirmation_token", "confirmation_sent_at", "recovery_token", "recovery_sent_at", "email_change_token_new", "email_change", "email_change_sent_at", "last_sign_in_at", "raw_app_meta_data", "raw_user_meta_data", "is_super_admin", "created_at", "updated_at", "phone", "phone_confirmed_at", "phone_change", "phone_change_token", "phone_change_sent_at", "email_change_token_current", "email_change_confirm_status", "banned_until", "reauthentication_token", "reauthentication_sent_at", "is_sso_user", "deleted_at", "is_anonymous") VALUES
	('00000000-0000-0000-0000-000000000000', '590a1c4c-492a-4865-a8db-5a036d864245', 'authenticated', 'authenticated', 'bishi222@naver.com', '$2a$10$z.RQwvIIdwqS/C9G.5J0IOq/JTYiux7dwmKT7RcnKovFPur.tUo0W', '2025-08-01 03:47:10.612482+00', NULL, '', '2025-08-01 03:46:41.940099+00', '', NULL, '', '', NULL, '2025-08-01 03:47:10.617403+00', '{"provider": "email", "providers": ["email"]}', '{"sub": "590a1c4c-492a-4865-a8db-5a036d864245", "email": "bishi222@naver.com", "email_verified": true, "phone_verified": false, "terms_accepted_at": "2025-08-01T03:46:31.739Z", "privacy_accepted_at": "2025-08-01T03:46:31.739Z", "marketing_accepted_at": "2025-08-01T03:46:31.739Z"}', NULL, '2025-08-01 03:46:41.930076+00', '2025-08-01 03:47:10.620374+00', NULL, NULL, '', '', NULL, '', 0, NULL, '', NULL, false, NULL, false),
	('00000000-0000-0000-0000-000000000000', '679f6121-660a-44a7-a8c9-a76ca661c052', 'authenticated', 'authenticated', 'bishi222@nate.com', NULL, '2025-08-02 07:29:39.869068+00', NULL, '', NULL, '', NULL, '', '', NULL, '2025-08-02 07:29:40.522962+00', '{"provider": "kakao", "providers": ["kakao"]}', '{"iss": "https://kapi.kakao.com", "sub": "4361763198", "name": "김두호", "email": "bishi222@nate.com", "full_name": "김두호", "user_name": "김두호", "avatar_url": "http://k.kakaocdn.net/dn/1LslR/btsGrfPnnLf/ebMTX5k3ikjGZDUkkMJgck/img_640x640.jpg", "provider_id": "4361763198", "email_verified": true, "phone_verified": false, "terms_accepted_at": "2025-08-02T07:29:47.697Z", "preferred_username": "김두호", "privacy_accepted_at": "2025-08-02T07:29:47.697Z", "marketing_accepted_at": "2025-08-02T07:29:47.697Z"}', NULL, '2025-08-02 07:29:39.848143+00', '2025-08-03 22:30:44.967137+00', NULL, NULL, '', '', NULL, '', 0, NULL, '', NULL, false, NULL, false),
	('00000000-0000-0000-0000-000000000000', 'f75cf441-dcfa-42ba-92b9-d621fd0d9241', 'authenticated', 'authenticated', '5rnlrhdwk@gmail.com', NULL, '2025-08-01 04:33:49.674519+00', NULL, '', NULL, '', NULL, '', '', NULL, '2025-08-04 14:08:19.523193+00', '{"provider": "google", "providers": ["google"]}', '{"iss": "https://accounts.google.com", "sub": "110103865456384884031", "name": "-두호杜怙", "email": "5rnlrhdwk@gmail.com", "picture": "https://lh3.googleusercontent.com/a/ACg8ocKVqCT4-p6BVj-nL-YdqEIcZpIPigToxm3aM-G1G3Fb2yH3_pgF0Q=s96-c", "full_name": "-두호杜怙", "avatar_url": "https://lh3.googleusercontent.com/a/ACg8ocKVqCT4-p6BVj-nL-YdqEIcZpIPigToxm3aM-G1G3Fb2yH3_pgF0Q=s96-c", "provider_id": "110103865456384884031", "email_verified": true, "phone_verified": false, "terms_accepted_at": "2025-08-01T04:33:57.612Z", "privacy_accepted_at": "2025-08-01T04:33:57.612Z", "marketing_accepted_at": "2025-08-01T04:33:57.612Z"}', NULL, '2025-08-01 04:33:49.666546+00', '2025-08-04 14:13:12.867645+00', NULL, NULL, '', '', NULL, '', 0, NULL, '', NULL, false, NULL, false),
	('00000000-0000-0000-0000-000000000000', '93c87ed3-a25d-4838-acd5-6e082ed56478', 'authenticated', 'authenticated', 'bishi2222@naver.com', '$2a$10$lKoUrSz7n9a4Vba5W7Db9uqXS6n.Dj.GHKMvgnDicc7RR6ET3x2Dq', '2025-08-01 03:55:59.553036+00', NULL, '', '2025-08-01 03:55:24.218234+00', '', NULL, '', '', NULL, '2025-08-05 01:17:37.85516+00', '{"provider": "email", "providers": ["email"]}', '{"sub": "93c87ed3-a25d-4838-acd5-6e082ed56478", "email": "bishi2222@naver.com", "email_verified": true, "phone_verified": false, "terms_accepted_at": "2025-08-01T03:55:23.056Z", "privacy_accepted_at": "2025-08-01T03:55:23.059Z"}', NULL, '2025-08-01 03:55:24.209321+00', '2025-08-05 02:50:48.008749+00', NULL, NULL, '', '', NULL, '', 0, NULL, '', NULL, false, NULL, false),
	(NULL, '63267831-49b4-4464-a2b6-159d7127a1ca', 'authenticated', 'authenticated', 'chinese_staff@example.com', '$2a$06$YTdjF0vMCTQ83EYc/TCAGO4w3lABCeLckiyONm67/ULY99dnobn1O', '2025-08-04 23:34:33.91215+00', NULL, NULL, NULL, NULL, NULL, NULL, NULL, NULL, NULL, '{"provider": "email", "providers": ["email"]}', '{"name": "李明", "role": "chinese_staff"}', NULL, '2025-08-04 23:34:33.91215+00', '2025-08-04 23:34:33.91215+00', NULL, NULL, '', '', NULL, '', 0, NULL, '', NULL, false, NULL, false);


--
-- Data for Name: identities; Type: TABLE DATA; Schema: auth; Owner: supabase_auth_admin
--

INSERT INTO "auth"."identities" ("provider_id", "user_id", "identity_data", "provider", "last_sign_in_at", "created_at", "updated_at", "id") VALUES
	('4361763198', '679f6121-660a-44a7-a8c9-a76ca661c052', '{"iss": "https://kapi.kakao.com", "sub": "4361763198", "name": "김두호", "email": "bishi222@nate.com", "full_name": "김두호", "user_name": "김두호", "avatar_url": "http://k.kakaocdn.net/dn/1LslR/btsGrfPnnLf/ebMTX5k3ikjGZDUkkMJgck/img_640x640.jpg", "provider_id": "4361763198", "email_verified": true, "phone_verified": false, "preferred_username": "김두호"}', 'kakao', '2025-08-02 07:29:39.861472+00', '2025-08-02 07:29:39.861526+00', '2025-08-02 07:29:39.861526+00', '674c88e3-b0cc-42c1-9080-5d359d46d84c'),
	('110103865456384884031', 'f75cf441-dcfa-42ba-92b9-d621fd0d9241', '{"iss": "https://accounts.google.com", "sub": "110103865456384884031", "name": "-두호杜怙", "email": "5rnlrhdwk@gmail.com", "picture": "https://lh3.googleusercontent.com/a/ACg8ocKVqCT4-p6BVj-nL-YdqEIcZpIPigToxm3aM-G1G3Fb2yH3_pgF0Q=s96-c", "full_name": "-두호杜怙", "avatar_url": "https://lh3.googleusercontent.com/a/ACg8ocKVqCT4-p6BVj-nL-YdqEIcZpIPigToxm3aM-G1G3Fb2yH3_pgF0Q=s96-c", "provider_id": "110103865456384884031", "email_verified": true, "phone_verified": false}', 'google', '2025-08-01 04:33:49.670226+00', '2025-08-01 04:33:49.670278+00', '2025-08-04 14:08:19.519991+00', 'c2f02753-ce16-473a-89b7-04b25b921589'),
	('590a1c4c-492a-4865-a8db-5a036d864245', '590a1c4c-492a-4865-a8db-5a036d864245', '{"sub": "590a1c4c-492a-4865-a8db-5a036d864245", "email": "bishi222@naver.com", "email_verified": true, "phone_verified": false, "terms_accepted_at": "2025-08-01T03:46:31.739Z", "privacy_accepted_at": "2025-08-01T03:46:31.739Z", "marketing_accepted_at": "2025-08-01T03:46:31.739Z"}', 'email', '2025-08-01 03:46:41.934434+00', '2025-08-01 03:46:41.934484+00', '2025-08-01 03:46:41.934484+00', '6a8d5765-a178-474b-a378-eb77453ca1b2'),
	('93c87ed3-a25d-4838-acd5-6e082ed56478', '93c87ed3-a25d-4838-acd5-6e082ed56478', '{"sub": "93c87ed3-a25d-4838-acd5-6e082ed56478", "email": "bishi2222@naver.com", "email_verified": true, "phone_verified": false, "terms_accepted_at": "2025-08-01T03:55:23.056Z", "privacy_accepted_at": "2025-08-01T03:55:23.059Z", "marketing_accepted_at": null}', 'email', '2025-08-01 03:55:24.213471+00', '2025-08-01 03:55:24.213522+00', '2025-08-01 03:55:24.213522+00', 'ae5bd9e5-2d0d-42d0-bc73-051cee95ca92');


--
-- Data for Name: instances; Type: TABLE DATA; Schema: auth; Owner: supabase_auth_admin
--



--
-- Data for Name: sessions; Type: TABLE DATA; Schema: auth; Owner: supabase_auth_admin
--

INSERT INTO "auth"."sessions" ("id", "user_id", "created_at", "updated_at", "factor_id", "aal", "not_after", "refreshed_at", "user_agent", "ip", "tag") VALUES
	('08b568d3-0977-462f-99fe-21d64fa10715', '93c87ed3-a25d-4838-acd5-6e082ed56478', '2025-08-05 01:01:20.967445+00', '2025-08-05 01:01:20.967445+00', NULL, 'aal1', NULL, NULL, 'Mozilla/5.0 (Windows NT 10.0; Win64; x64) AppleWebKit/537.36 (KHTML, like Gecko) Chrome/139.0.0.0 Safari/537.36', '3.38.106.118', NULL),
	('a91b0627-5d7e-482d-870a-1874eb91c3b6', '93c87ed3-a25d-4838-acd5-6e082ed56478', '2025-08-05 01:06:49.516056+00', '2025-08-05 01:06:49.516056+00', NULL, 'aal1', NULL, NULL, 'Mozilla/5.0 (Windows NT 10.0; Win64; x64) AppleWebKit/537.36 (KHTML, like Gecko) Chrome/138.0.0.0 Safari/537.36', '3.38.106.118', NULL),
	('34c38091-fe9b-44fb-bb41-cba4d35a0711', '93c87ed3-a25d-4838-acd5-6e082ed56478', '2025-08-05 01:11:42.433017+00', '2025-08-05 01:11:42.433017+00', NULL, 'aal1', NULL, NULL, 'Mozilla/5.0 (Windows NT 10.0; Win64; x64) AppleWebKit/537.36 (KHTML, like Gecko) Chrome/139.0.0.0 Safari/537.36', '3.38.106.118', NULL),
	('75842e36-d97b-40d5-8b84-b26a67038df3', '93c87ed3-a25d-4838-acd5-6e082ed56478', '2025-08-04 05:41:15.600478+00', '2025-08-04 11:59:37.058188+00', NULL, 'aal1', NULL, '2025-08-04 11:59:37.058108', 'Next.js Middleware', '3.38.106.118', NULL),
	('f7dccc68-eb5b-4568-9662-ee90a346a685', '93c87ed3-a25d-4838-acd5-6e082ed56478', '2025-08-05 01:12:32.552651+00', '2025-08-05 01:12:32.552651+00', NULL, 'aal1', NULL, NULL, 'Mozilla/5.0 (Windows NT 10.0; Win64; x64) AppleWebKit/537.36 (KHTML, like Gecko) Chrome/138.0.0.0 Safari/537.36', '3.38.106.118', NULL),
	('c469f955-0b26-4041-a25f-211d216145a7', '93c87ed3-a25d-4838-acd5-6e082ed56478', '2025-08-04 12:54:56.175081+00', '2025-08-04 12:54:56.175081+00', NULL, 'aal1', NULL, NULL, 'Mozilla/5.0 (Windows NT 10.0; Win64; x64) AppleWebKit/537.36 (KHTML, like Gecko) Chrome/138.0.0.0 Safari/537.36', '3.38.106.118', NULL),
	('ed088da2-a27d-4fc8-8366-8fe61784a22d', 'f75cf441-dcfa-42ba-92b9-d621fd0d9241', '2025-08-04 14:08:13.751712+00', '2025-08-04 14:08:13.751712+00', NULL, 'aal1', NULL, NULL, 'Mozilla/5.0 (Windows NT 10.0; Win64; x64) AppleWebKit/537.36 (KHTML, like Gecko) Chrome/138.0.0.0 Safari/537.36', '3.38.106.118', NULL),
	('503aa3df-1ef6-49e8-a71d-759c49d40d66', 'f75cf441-dcfa-42ba-92b9-d621fd0d9241', '2025-08-04 14:08:19.523262+00', '2025-08-04 14:08:19.523262+00', NULL, 'aal1', NULL, NULL, 'Mozilla/5.0 (Windows NT 10.0; Win64; x64) AppleWebKit/537.36 (KHTML, like Gecko) Chrome/138.0.0.0 Safari/537.36', '3.38.106.118', NULL),
	('baecd683-d6f2-436f-a1f9-1e5b9f0a0e27', '93c87ed3-a25d-4838-acd5-6e082ed56478', '2025-08-04 14:08:42.868923+00', '2025-08-04 14:08:42.868923+00', NULL, 'aal1', NULL, NULL, 'Mozilla/5.0 (Windows NT 10.0; Win64; x64) AppleWebKit/537.36 (KHTML, like Gecko) Chrome/138.0.0.0 Safari/537.36', '3.38.106.118', NULL),
	('9640eee4-56cc-4fb9-a8b9-97922978dc87', '93c87ed3-a25d-4838-acd5-6e082ed56478', '2025-08-04 14:10:29.105419+00', '2025-08-04 14:10:29.105419+00', NULL, 'aal1', NULL, NULL, 'Mozilla/5.0 (Windows NT 10.0; Win64; x64) AppleWebKit/537.36 (KHTML, like Gecko) Chrome/138.0.0.0 Safari/537.36', '3.38.106.118', NULL),
	('94d35463-36ed-422d-b32f-4ecfb012dd82', '93c87ed3-a25d-4838-acd5-6e082ed56478', '2025-08-04 14:11:53.787997+00', '2025-08-04 14:11:53.787997+00', NULL, 'aal1', NULL, NULL, 'Mozilla/5.0 (Windows NT 10.0; Win64; x64) AppleWebKit/537.36 (KHTML, like Gecko) Chrome/138.0.0.0 Safari/537.36', '3.38.106.118', NULL),
	('11b5eb92-2f82-49c5-97b3-babdbb86a229', '93c87ed3-a25d-4838-acd5-6e082ed56478', '2025-08-04 14:12:44.769169+00', '2025-08-04 14:12:44.769169+00', NULL, 'aal1', NULL, NULL, 'Mozilla/5.0 (Windows NT 10.0; Win64; x64) AppleWebKit/537.36 (KHTML, like Gecko) Chrome/138.0.0.0 Safari/537.36', '3.38.106.118', NULL),
	('f50f7e06-9874-42ad-b245-dc0366aa8433', 'f75cf441-dcfa-42ba-92b9-d621fd0d9241', '2025-08-04 02:23:16.993437+00', '2025-08-04 14:13:12.868769+00', NULL, 'aal1', NULL, '2025-08-04 14:13:12.868697', 'node', '3.38.106.118', NULL),
	('1d9cd432-4c92-4e44-8e10-42b24e952aeb', '93c87ed3-a25d-4838-acd5-6e082ed56478', '2025-08-04 14:19:19.085543+00', '2025-08-04 14:19:19.085543+00', NULL, 'aal1', NULL, NULL, 'Mozilla/5.0 (Windows NT 10.0; Win64; x64) AppleWebKit/537.36 (KHTML, like Gecko) Chrome/138.0.0.0 Safari/537.36', '3.38.106.118', NULL),
	('b7d18321-cb26-4b77-a194-8b2a4df2bd57', '93c87ed3-a25d-4838-acd5-6e082ed56478', '2025-08-04 14:29:33.539931+00', '2025-08-04 14:29:33.539931+00', NULL, 'aal1', NULL, NULL, 'Mozilla/5.0 (Windows NT 10.0; Win64; x64) AppleWebKit/537.36 (KHTML, like Gecko) Chrome/138.0.0.0 Safari/537.36', '3.38.106.118', NULL),
	('bae6d931-3c39-44c5-8725-d912b9ac0aef', '93c87ed3-a25d-4838-acd5-6e082ed56478', '2025-08-05 01:15:36.430797+00', '2025-08-05 01:15:36.430797+00', NULL, 'aal1', NULL, NULL, 'Mozilla/5.0 (Windows NT 10.0; Win64; x64) AppleWebKit/537.36 (KHTML, like Gecko) Chrome/138.0.0.0 Safari/537.36', '3.38.106.118', NULL),
	('9bd4abdc-9545-4516-9f4b-2cfebe8618fd', '93c87ed3-a25d-4838-acd5-6e082ed56478', '2025-08-04 13:01:26.005274+00', '2025-08-04 14:31:57.454201+00', NULL, 'aal1', NULL, '2025-08-04 14:31:57.454124', 'node', '3.38.106.118', NULL),
	('d28c1883-8471-4e66-bbaf-a5559c47df37', '93c87ed3-a25d-4838-acd5-6e082ed56478', '2025-08-04 22:38:39.102273+00', '2025-08-04 23:38:22.030263+00', NULL, 'aal1', NULL, '2025-08-04 23:38:22.030177', 'Mozilla/5.0 (Windows NT 10.0; Win64; x64) AppleWebKit/537.36 (KHTML, like Gecko) Chrome/138.0.0.0 Safari/537.36', '3.38.106.118', NULL),
	('170e533f-540b-4383-b2bb-d65549d424f5', '93c87ed3-a25d-4838-acd5-6e082ed56478', '2025-08-04 14:13:45.409849+00', '2025-08-05 00:04:41.309735+00', NULL, 'aal1', NULL, '2025-08-05 00:04:41.309665', 'Mozilla/5.0 (Windows NT 10.0; Win64; x64) AppleWebKit/537.36 (KHTML, like Gecko) Chrome/138.0.0.0 Safari/537.36', '3.38.106.118', NULL),
	('9fcc4da0-0d66-4882-895d-8220fb63cf5c', '93c87ed3-a25d-4838-acd5-6e082ed56478', '2025-08-05 00:07:07.231108+00', '2025-08-05 00:07:07.231108+00', NULL, 'aal1', NULL, NULL, 'Mozilla/5.0 (Windows NT 10.0; Win64; x64) AppleWebKit/537.36 (KHTML, like Gecko) Chrome/139.0.0.0 Safari/537.36', '3.38.106.118', NULL),
	('5b716907-93de-4beb-9dbd-6c3e0564063c', '93c87ed3-a25d-4838-acd5-6e082ed56478', '2025-08-05 00:15:33.145699+00', '2025-08-05 00:15:33.145699+00', NULL, 'aal1', NULL, NULL, 'Mozilla/5.0 (Windows NT 10.0; Win64; x64) AppleWebKit/537.36 (KHTML, like Gecko) Chrome/139.0.0.0 Safari/537.36', '3.38.106.118', NULL),
	('9f6e19aa-ac8e-41e5-88c0-d6cb1aec7ec7', '93c87ed3-a25d-4838-acd5-6e082ed56478', '2025-08-05 00:16:57.089054+00', '2025-08-05 00:16:57.089054+00', NULL, 'aal1', NULL, NULL, 'Mozilla/5.0 (Windows NT 10.0; Win64; x64) AppleWebKit/537.36 (KHTML, like Gecko) Chrome/138.0.0.0 Safari/537.36', '3.38.106.118', NULL),
	('466bb25e-7231-40e4-9d9e-02e0394635d8', '93c87ed3-a25d-4838-acd5-6e082ed56478', '2025-08-05 00:17:58.95275+00', '2025-08-05 00:17:58.95275+00', NULL, 'aal1', NULL, NULL, 'Mozilla/5.0 (Windows NT 10.0; Win64; x64) AppleWebKit/537.36 (KHTML, like Gecko) Chrome/139.0.0.0 Safari/537.36', '3.38.106.118', NULL),
	('7eb36eb0-1a68-47f0-9f9b-89c93d644582', '93c87ed3-a25d-4838-acd5-6e082ed56478', '2025-08-05 00:28:25.971623+00', '2025-08-05 00:28:25.971623+00', NULL, 'aal1', NULL, NULL, 'Mozilla/5.0 (Windows NT 10.0; Win64; x64) AppleWebKit/537.36 (KHTML, like Gecko) Chrome/139.0.0.0 Safari/537.36', '3.38.106.118', NULL),
	('d01a6ba2-f909-4a66-9cce-bdbd0de18103', '93c87ed3-a25d-4838-acd5-6e082ed56478', '2025-08-05 00:30:02.675337+00', '2025-08-05 00:30:02.675337+00', NULL, 'aal1', NULL, NULL, 'Mozilla/5.0 (Windows NT 10.0; Win64; x64) AppleWebKit/537.36 (KHTML, like Gecko) Chrome/139.0.0.0 Safari/537.36', '3.38.106.118', NULL),
	('28cbcba6-7283-4e76-8b4e-47d4810bc544', '93c87ed3-a25d-4838-acd5-6e082ed56478', '2025-08-05 00:31:58.906191+00', '2025-08-05 00:31:58.906191+00', NULL, 'aal1', NULL, NULL, 'Mozilla/5.0 (Windows NT 10.0; Win64; x64) AppleWebKit/537.36 (KHTML, like Gecko) Chrome/139.0.0.0 Safari/537.36', '3.38.106.118', NULL),
	('a285379c-6400-414e-b0ed-1e96e32f96ac', '93c87ed3-a25d-4838-acd5-6e082ed56478', '2025-08-05 00:34:00.50502+00', '2025-08-05 00:34:00.50502+00', NULL, 'aal1', NULL, NULL, 'Mozilla/5.0 (Windows NT 10.0; Win64; x64) AppleWebKit/537.36 (KHTML, like Gecko) Chrome/139.0.0.0 Safari/537.36', '3.38.106.118', NULL),
	('dde75e37-0a5f-4388-9d0c-76d6aeae483b', '93c87ed3-a25d-4838-acd5-6e082ed56478', '2025-08-05 00:35:36.242077+00', '2025-08-05 00:35:36.242077+00', NULL, 'aal1', NULL, NULL, 'Mozilla/5.0 (Windows NT 10.0; Win64; x64) AppleWebKit/537.36 (KHTML, like Gecko) Chrome/139.0.0.0 Safari/537.36', '3.38.106.118', NULL),
	('1dc323eb-0957-42b2-b637-879e5639ddab', '93c87ed3-a25d-4838-acd5-6e082ed56478', '2025-08-05 00:37:09.511059+00', '2025-08-05 00:37:09.511059+00', NULL, 'aal1', NULL, NULL, 'Mozilla/5.0 (Windows NT 10.0; Win64; x64) AppleWebKit/537.36 (KHTML, like Gecko) Chrome/139.0.0.0 Safari/537.36', '3.38.106.118', NULL),
	('c8cc01ce-035d-48fb-9966-204722178080', '93c87ed3-a25d-4838-acd5-6e082ed56478', '2025-08-05 00:42:35.978723+00', '2025-08-05 00:42:35.978723+00', NULL, 'aal1', NULL, NULL, 'Mozilla/5.0 (Windows NT 10.0; Win64; x64) AppleWebKit/537.36 (KHTML, like Gecko) Chrome/139.0.0.0 Safari/537.36', '3.38.106.118', NULL),
	('37f5a222-5e01-48ec-b0e6-03fcfffe1f47', '93c87ed3-a25d-4838-acd5-6e082ed56478', '2025-08-05 00:45:15.372229+00', '2025-08-05 00:45:15.372229+00', NULL, 'aal1', NULL, NULL, 'Mozilla/5.0 (Windows NT 10.0; Win64; x64) AppleWebKit/537.36 (KHTML, like Gecko) Chrome/139.0.0.0 Safari/537.36', '3.38.106.118', NULL),
	('b32c5762-00f6-42bd-8b97-6d36b672fedb', '93c87ed3-a25d-4838-acd5-6e082ed56478', '2025-08-05 01:17:37.85524+00', '2025-08-05 02:50:48.011474+00', NULL, 'aal1', NULL, '2025-08-05 02:50:48.011387', 'Mozilla/5.0 (Windows NT 10.0; Win64; x64) AppleWebKit/537.36 (KHTML, like Gecko) Chrome/138.0.0.0 Safari/537.36', '3.38.106.118', NULL),
	('00a6905f-a3b1-4633-bde4-fe07a3e6e289', '93c87ed3-a25d-4838-acd5-6e082ed56478', '2025-08-05 00:49:42.846658+00', '2025-08-05 00:49:42.846658+00', NULL, 'aal1', NULL, NULL, 'Mozilla/5.0 (Windows NT 10.0; Win64; x64) AppleWebKit/537.36 (KHTML, like Gecko) Chrome/139.0.0.0 Safari/537.36', '3.38.106.118', NULL),
	('f1cb3f6f-e4f5-463b-9130-65a90186382f', '93c87ed3-a25d-4838-acd5-6e082ed56478', '2025-08-05 00:52:45.90026+00', '2025-08-05 00:52:45.90026+00', NULL, 'aal1', NULL, NULL, 'Mozilla/5.0 (Windows NT 10.0; Win64; x64) AppleWebKit/537.36 (KHTML, like Gecko) Chrome/139.0.0.0 Safari/537.36', '3.38.106.118', NULL);


--
-- Data for Name: mfa_amr_claims; Type: TABLE DATA; Schema: auth; Owner: supabase_auth_admin
--

INSERT INTO "auth"."mfa_amr_claims" ("session_id", "created_at", "updated_at", "authentication_method", "id") VALUES
	('f50f7e06-9874-42ad-b245-dc0366aa8433', '2025-08-04 02:23:16.999051+00', '2025-08-04 02:23:16.999051+00', 'oauth', '51f266b2-22c0-4f01-a409-8c8d87492e99'),
	('75842e36-d97b-40d5-8b84-b26a67038df3', '2025-08-04 05:41:15.607867+00', '2025-08-04 05:41:15.607867+00', 'password', 'bb010c39-cfdf-4c00-8190-8aea23075de6'),
	('c469f955-0b26-4041-a25f-211d216145a7', '2025-08-04 12:54:56.184656+00', '2025-08-04 12:54:56.184656+00', 'password', '183f43a8-9db8-4090-a0b7-b7fa697908c3'),
	('9bd4abdc-9545-4516-9f4b-2cfebe8618fd', '2025-08-04 13:01:26.010391+00', '2025-08-04 13:01:26.010391+00', 'password', '0df81b24-9643-453e-a523-2cee9c8ff6d5'),
	('ed088da2-a27d-4fc8-8366-8fe61784a22d', '2025-08-04 14:08:13.757699+00', '2025-08-04 14:08:13.757699+00', 'oauth', 'cade85fe-b0b6-4b34-84a7-4f6e455682eb'),
	('503aa3df-1ef6-49e8-a71d-759c49d40d66', '2025-08-04 14:08:19.525125+00', '2025-08-04 14:08:19.525125+00', 'oauth', '3722bfca-07b8-4163-9c30-04072cdf5be5'),
	('baecd683-d6f2-436f-a1f9-1e5b9f0a0e27', '2025-08-04 14:08:42.870941+00', '2025-08-04 14:08:42.870941+00', 'password', '0c39b4a3-0257-49b8-b971-26df6c9a9cc0'),
	('9640eee4-56cc-4fb9-a8b9-97922978dc87', '2025-08-04 14:10:29.108973+00', '2025-08-04 14:10:29.108973+00', 'password', '156dca06-830e-45c6-aee0-d1b37d78a7aa'),
	('94d35463-36ed-422d-b32f-4ecfb012dd82', '2025-08-04 14:11:53.794688+00', '2025-08-04 14:11:53.794688+00', 'password', '2aefb5a1-d643-4d9e-ae9f-c7e9b02d6621'),
	('11b5eb92-2f82-49c5-97b3-babdbb86a229', '2025-08-04 14:12:44.771298+00', '2025-08-04 14:12:44.771298+00', 'password', '87e6aa01-76c1-45ee-895a-0365e619540d'),
	('170e533f-540b-4383-b2bb-d65549d424f5', '2025-08-04 14:13:45.411875+00', '2025-08-04 14:13:45.411875+00', 'password', '66d407d5-2e8a-4078-810d-8cdc4f6d8656'),
	('1d9cd432-4c92-4e44-8e10-42b24e952aeb', '2025-08-04 14:19:19.091261+00', '2025-08-04 14:19:19.091261+00', 'password', 'e85a28d9-9175-4635-a0df-a060fb79e2c8'),
	('b7d18321-cb26-4b77-a194-8b2a4df2bd57', '2025-08-04 14:29:33.547593+00', '2025-08-04 14:29:33.547593+00', 'password', '22ec2437-7384-44f0-b44e-5f150f1aa14b'),
	('d28c1883-8471-4e66-bbaf-a5559c47df37', '2025-08-04 22:38:39.108918+00', '2025-08-04 22:38:39.108918+00', 'password', '2294372b-4497-4175-891a-2345e3ea23d0'),
	('9fcc4da0-0d66-4882-895d-8220fb63cf5c', '2025-08-05 00:07:07.237204+00', '2025-08-05 00:07:07.237204+00', 'password', 'ee9d85fb-5d94-4c59-b2a0-37a68f70782b'),
	('5b716907-93de-4beb-9dbd-6c3e0564063c', '2025-08-05 00:15:33.152227+00', '2025-08-05 00:15:33.152227+00', 'password', '211cfb7c-44b2-4f30-8ec3-2fde77339602'),
	('9f6e19aa-ac8e-41e5-88c0-d6cb1aec7ec7', '2025-08-05 00:16:57.095957+00', '2025-08-05 00:16:57.095957+00', 'password', 'c0e86f43-a462-42f0-8505-d3ea47376ea4'),
	('466bb25e-7231-40e4-9d9e-02e0394635d8', '2025-08-05 00:17:58.956344+00', '2025-08-05 00:17:58.956344+00', 'password', 'd8dd56a7-33d1-40b9-ac75-aea33df35ee4'),
	('7eb36eb0-1a68-47f0-9f9b-89c93d644582', '2025-08-05 00:28:25.978508+00', '2025-08-05 00:28:25.978508+00', 'password', 'b617e06c-9e70-47bb-b251-59e1f537db79'),
	('d01a6ba2-f909-4a66-9cce-bdbd0de18103', '2025-08-05 00:30:02.684299+00', '2025-08-05 00:30:02.684299+00', 'password', '0dc4d3bc-129d-4250-adc9-ce93aa85464f'),
	('28cbcba6-7283-4e76-8b4e-47d4810bc544', '2025-08-05 00:31:58.913644+00', '2025-08-05 00:31:58.913644+00', 'password', 'ab08f232-bb66-40a5-9c2d-56400c5fc3af'),
	('a285379c-6400-414e-b0ed-1e96e32f96ac', '2025-08-05 00:34:00.509308+00', '2025-08-05 00:34:00.509308+00', 'password', 'e5faa50a-9028-4fc8-b709-4ff93924e6d2'),
	('dde75e37-0a5f-4388-9d0c-76d6aeae483b', '2025-08-05 00:35:36.245696+00', '2025-08-05 00:35:36.245696+00', 'password', '5f46297e-8e53-49e3-8336-e9e7775d6467'),
	('1dc323eb-0957-42b2-b637-879e5639ddab', '2025-08-05 00:37:09.521024+00', '2025-08-05 00:37:09.521024+00', 'password', '7d5b64d8-2a0f-48a3-a92a-8f216d4be865'),
	('c8cc01ce-035d-48fb-9966-204722178080', '2025-08-05 00:42:35.986892+00', '2025-08-05 00:42:35.986892+00', 'password', 'b3b2d187-3df8-42c5-888e-b05869b733ab'),
	('37f5a222-5e01-48ec-b0e6-03fcfffe1f47', '2025-08-05 00:45:15.375889+00', '2025-08-05 00:45:15.375889+00', 'password', '9a82231c-50ec-47b5-9c4b-d09cbc5d484f'),
	('00a6905f-a3b1-4633-bde4-fe07a3e6e289', '2025-08-05 00:49:42.856156+00', '2025-08-05 00:49:42.856156+00', 'password', '02f5910b-caab-4882-9bb4-46047f5acb34'),
	('f1cb3f6f-e4f5-463b-9130-65a90186382f', '2025-08-05 00:52:45.909095+00', '2025-08-05 00:52:45.909095+00', 'password', 'd0cde3cb-bab0-4de0-beb2-de26c5408085'),
	('08b568d3-0977-462f-99fe-21d64fa10715', '2025-08-05 01:01:20.974384+00', '2025-08-05 01:01:20.974384+00', 'password', '6817943b-ccd7-4601-9a00-47276018317d'),
	('a91b0627-5d7e-482d-870a-1874eb91c3b6', '2025-08-05 01:06:49.52218+00', '2025-08-05 01:06:49.52218+00', 'password', '9672b6f7-be07-4fd8-b9d2-f02a0548485d'),
	('34c38091-fe9b-44fb-bb41-cba4d35a0711', '2025-08-05 01:11:42.440174+00', '2025-08-05 01:11:42.440174+00', 'password', 'ac2b6833-beb6-494e-aff0-6524a85b6326'),
	('f7dccc68-eb5b-4568-9662-ee90a346a685', '2025-08-05 01:12:32.554633+00', '2025-08-05 01:12:32.554633+00', 'password', 'efac7a24-8d62-45d7-89ca-f050d8824f39'),
	('bae6d931-3c39-44c5-8725-d912b9ac0aef', '2025-08-05 01:15:36.434275+00', '2025-08-05 01:15:36.434275+00', 'password', '406f9a63-6dd7-4dc2-a9a4-130e756e645a'),
	('b32c5762-00f6-42bd-8b97-6d36b672fedb', '2025-08-05 01:17:37.862724+00', '2025-08-05 01:17:37.862724+00', 'password', 'dee31151-bd62-4548-bab0-db927feffb12');


--
-- Data for Name: mfa_factors; Type: TABLE DATA; Schema: auth; Owner: supabase_auth_admin
--



--
-- Data for Name: mfa_challenges; Type: TABLE DATA; Schema: auth; Owner: supabase_auth_admin
--



--
-- Data for Name: one_time_tokens; Type: TABLE DATA; Schema: auth; Owner: supabase_auth_admin
--



--
-- Data for Name: refresh_tokens; Type: TABLE DATA; Schema: auth; Owner: supabase_auth_admin
--

INSERT INTO "auth"."refresh_tokens" ("instance_id", "id", "token", "user_id", "revoked", "created_at", "updated_at", "parent", "session_id") VALUES
	('00000000-0000-0000-0000-000000000000', 379, 'ecq5m6t6seh3', '93c87ed3-a25d-4838-acd5-6e082ed56478', false, '2025-08-04 12:54:56.182035+00', '2025-08-04 12:54:56.182035+00', NULL, 'c469f955-0b26-4041-a25f-211d216145a7'),
	('00000000-0000-0000-0000-000000000000', 381, '56p6rwffurb4', 'f75cf441-dcfa-42ba-92b9-d621fd0d9241', false, '2025-08-04 14:08:13.754245+00', '2025-08-04 14:08:13.754245+00', NULL, 'ed088da2-a27d-4fc8-8366-8fe61784a22d'),
	('00000000-0000-0000-0000-000000000000', 382, 'dx6gutrkxe47', 'f75cf441-dcfa-42ba-92b9-d621fd0d9241', false, '2025-08-04 14:08:19.523954+00', '2025-08-04 14:08:19.523954+00', NULL, '503aa3df-1ef6-49e8-a71d-759c49d40d66'),
	('00000000-0000-0000-0000-000000000000', 383, 'a5vysz33ev6i', '93c87ed3-a25d-4838-acd5-6e082ed56478', false, '2025-08-04 14:08:42.869693+00', '2025-08-04 14:08:42.869693+00', NULL, 'baecd683-d6f2-436f-a1f9-1e5b9f0a0e27'),
	('00000000-0000-0000-0000-000000000000', 384, 'udk63j6gdyjp', '93c87ed3-a25d-4838-acd5-6e082ed56478', false, '2025-08-04 14:10:29.106731+00', '2025-08-04 14:10:29.106731+00', NULL, '9640eee4-56cc-4fb9-a8b9-97922978dc87'),
	('00000000-0000-0000-0000-000000000000', 385, '6plc2z5kuk32', '93c87ed3-a25d-4838-acd5-6e082ed56478', false, '2025-08-04 14:11:53.791496+00', '2025-08-04 14:11:53.791496+00', NULL, '94d35463-36ed-422d-b32f-4ecfb012dd82'),
	('00000000-0000-0000-0000-000000000000', 386, 'orbme7rler6k', '93c87ed3-a25d-4838-acd5-6e082ed56478', false, '2025-08-04 14:12:44.769966+00', '2025-08-04 14:12:44.769966+00', NULL, '11b5eb92-2f82-49c5-97b3-babdbb86a229'),
	('00000000-0000-0000-0000-000000000000', 378, 'ihtysgotaci3', 'f75cf441-dcfa-42ba-92b9-d621fd0d9241', true, '2025-08-04 12:25:36.057216+00', '2025-08-04 14:13:12.865497+00', 'u7wf7snofoaf', 'f50f7e06-9874-42ad-b245-dc0366aa8433'),
	('00000000-0000-0000-0000-000000000000', 387, 'ed4xpyvz5rdb', 'f75cf441-dcfa-42ba-92b9-d621fd0d9241', false, '2025-08-04 14:13:12.866071+00', '2025-08-04 14:13:12.866071+00', 'ihtysgotaci3', 'f50f7e06-9874-42ad-b245-dc0366aa8433'),
	('00000000-0000-0000-0000-000000000000', 389, 'z6bpscow3z72', '93c87ed3-a25d-4838-acd5-6e082ed56478', false, '2025-08-04 14:19:19.087569+00', '2025-08-04 14:19:19.087569+00', NULL, '1d9cd432-4c92-4e44-8e10-42b24e952aeb'),
	('00000000-0000-0000-0000-000000000000', 390, '5ys6fq5t54zn', '93c87ed3-a25d-4838-acd5-6e082ed56478', false, '2025-08-04 14:29:33.54333+00', '2025-08-04 14:29:33.54333+00', NULL, 'b7d18321-cb26-4b77-a194-8b2a4df2bd57'),
	('00000000-0000-0000-0000-000000000000', 380, 'iknrxmndsxhy', '93c87ed3-a25d-4838-acd5-6e082ed56478', true, '2025-08-04 13:01:26.006916+00', '2025-08-04 14:31:51.984786+00', NULL, '9bd4abdc-9545-4516-9f4b-2cfebe8618fd'),
	('00000000-0000-0000-0000-000000000000', 391, 'ol7np7syqagt', '93c87ed3-a25d-4838-acd5-6e082ed56478', false, '2025-08-04 14:31:51.986941+00', '2025-08-04 14:31:51.986941+00', 'iknrxmndsxhy', '9bd4abdc-9545-4516-9f4b-2cfebe8618fd'),
	('00000000-0000-0000-0000-000000000000', 392, 'cqmdfjbcy3h5', '93c87ed3-a25d-4838-acd5-6e082ed56478', true, '2025-08-04 22:38:39.105241+00', '2025-08-04 23:38:22.023628+00', NULL, 'd28c1883-8471-4e66-bbaf-a5559c47df37'),
	('00000000-0000-0000-0000-000000000000', 393, 'a7xd2tyia6dc', '93c87ed3-a25d-4838-acd5-6e082ed56478', false, '2025-08-04 23:38:22.025815+00', '2025-08-04 23:38:22.025815+00', 'cqmdfjbcy3h5', 'd28c1883-8471-4e66-bbaf-a5559c47df37'),
	('00000000-0000-0000-0000-000000000000', 388, 'nz7ecg2gyoco', '93c87ed3-a25d-4838-acd5-6e082ed56478', true, '2025-08-04 14:13:45.410573+00', '2025-08-05 00:04:41.305342+00', NULL, '170e533f-540b-4383-b2bb-d65549d424f5'),
	('00000000-0000-0000-0000-000000000000', 394, 'auwmqwnjp5p7', '93c87ed3-a25d-4838-acd5-6e082ed56478', false, '2025-08-05 00:04:41.306643+00', '2025-08-05 00:04:41.306643+00', 'nz7ecg2gyoco', '170e533f-540b-4383-b2bb-d65549d424f5'),
	('00000000-0000-0000-0000-000000000000', 395, '576bb64oi7rl', '93c87ed3-a25d-4838-acd5-6e082ed56478', false, '2025-08-05 00:07:07.234175+00', '2025-08-05 00:07:07.234175+00', NULL, '9fcc4da0-0d66-4882-895d-8220fb63cf5c'),
	('00000000-0000-0000-0000-000000000000', 396, 'f4dedxyrvwyp', '93c87ed3-a25d-4838-acd5-6e082ed56478', false, '2025-08-05 00:15:33.148994+00', '2025-08-05 00:15:33.148994+00', NULL, '5b716907-93de-4beb-9dbd-6c3e0564063c'),
	('00000000-0000-0000-0000-000000000000', 397, 'pj6y66l5r2m7', '93c87ed3-a25d-4838-acd5-6e082ed56478', false, '2025-08-05 00:16:57.092583+00', '2025-08-05 00:16:57.092583+00', NULL, '9f6e19aa-ac8e-41e5-88c0-d6cb1aec7ec7'),
	('00000000-0000-0000-0000-000000000000', 398, 'cdoaovkf6hon', '93c87ed3-a25d-4838-acd5-6e082ed56478', false, '2025-08-05 00:17:58.954034+00', '2025-08-05 00:17:58.954034+00', NULL, '466bb25e-7231-40e4-9d9e-02e0394635d8'),
	('00000000-0000-0000-0000-000000000000', 399, 'ukpca7qqls6v', '93c87ed3-a25d-4838-acd5-6e082ed56478', false, '2025-08-05 00:28:25.974936+00', '2025-08-05 00:28:25.974936+00', NULL, '7eb36eb0-1a68-47f0-9f9b-89c93d644582'),
	('00000000-0000-0000-0000-000000000000', 400, 'mongbtxlu2pz', '93c87ed3-a25d-4838-acd5-6e082ed56478', false, '2025-08-05 00:30:02.680248+00', '2025-08-05 00:30:02.680248+00', NULL, 'd01a6ba2-f909-4a66-9cce-bdbd0de18103'),
	('00000000-0000-0000-0000-000000000000', 401, '67rrkvyrzpet', '93c87ed3-a25d-4838-acd5-6e082ed56478', false, '2025-08-05 00:31:58.909028+00', '2025-08-05 00:31:58.909028+00', NULL, '28cbcba6-7283-4e76-8b4e-47d4810bc544'),
	('00000000-0000-0000-0000-000000000000', 402, '2r557ffs3lr7', '93c87ed3-a25d-4838-acd5-6e082ed56478', false, '2025-08-05 00:34:00.506733+00', '2025-08-05 00:34:00.506733+00', NULL, 'a285379c-6400-414e-b0ed-1e96e32f96ac'),
	('00000000-0000-0000-0000-000000000000', 403, 'nv2teoe5i6ie', '93c87ed3-a25d-4838-acd5-6e082ed56478', false, '2025-08-05 00:35:36.243396+00', '2025-08-05 00:35:36.243396+00', NULL, 'dde75e37-0a5f-4388-9d0c-76d6aeae483b'),
	('00000000-0000-0000-0000-000000000000', 404, '55ytuht4gcjf', '93c87ed3-a25d-4838-acd5-6e082ed56478', false, '2025-08-05 00:37:09.51665+00', '2025-08-05 00:37:09.51665+00', NULL, '1dc323eb-0957-42b2-b637-879e5639ddab'),
	('00000000-0000-0000-0000-000000000000', 405, 'tgalt3qij75r', '93c87ed3-a25d-4838-acd5-6e082ed56478', false, '2025-08-05 00:42:35.982664+00', '2025-08-05 00:42:35.982664+00', NULL, 'c8cc01ce-035d-48fb-9966-204722178080'),
	('00000000-0000-0000-0000-000000000000', 406, 'x75p4pwj6v47', '93c87ed3-a25d-4838-acd5-6e082ed56478', false, '2025-08-05 00:45:15.373577+00', '2025-08-05 00:45:15.373577+00', NULL, '37f5a222-5e01-48ec-b0e6-03fcfffe1f47'),
	('00000000-0000-0000-0000-000000000000', 407, 'uctrn6ool7np', '93c87ed3-a25d-4838-acd5-6e082ed56478', false, '2025-08-05 00:49:42.850498+00', '2025-08-05 00:49:42.850498+00', NULL, '00a6905f-a3b1-4633-bde4-fe07a3e6e289'),
	('00000000-0000-0000-0000-000000000000', 408, 'k5o3bjvid543', '93c87ed3-a25d-4838-acd5-6e082ed56478', false, '2025-08-05 00:52:45.90476+00', '2025-08-05 00:52:45.90476+00', NULL, 'f1cb3f6f-e4f5-463b-9130-65a90186382f'),
	('00000000-0000-0000-0000-000000000000', 409, 'ed3atbsfnwwy', '93c87ed3-a25d-4838-acd5-6e082ed56478', false, '2025-08-05 01:01:20.970882+00', '2025-08-05 01:01:20.970882+00', NULL, '08b568d3-0977-462f-99fe-21d64fa10715'),
	('00000000-0000-0000-0000-000000000000', 410, 'axagjmr4vzdd', '93c87ed3-a25d-4838-acd5-6e082ed56478', false, '2025-08-05 01:06:49.517419+00', '2025-08-05 01:06:49.517419+00', NULL, 'a91b0627-5d7e-482d-870a-1874eb91c3b6'),
	('00000000-0000-0000-0000-000000000000', 411, 'q2wvmoquxyda', '93c87ed3-a25d-4838-acd5-6e082ed56478', false, '2025-08-05 01:11:42.43553+00', '2025-08-05 01:11:42.43553+00', NULL, '34c38091-fe9b-44fb-bb41-cba4d35a0711'),
	('00000000-0000-0000-0000-000000000000', 412, '7jdrkq2rhkxn', '93c87ed3-a25d-4838-acd5-6e082ed56478', false, '2025-08-05 01:12:32.553389+00', '2025-08-05 01:12:32.553389+00', NULL, 'f7dccc68-eb5b-4568-9662-ee90a346a685'),
	('00000000-0000-0000-0000-000000000000', 366, 'v3acimdcpsfc', 'f75cf441-dcfa-42ba-92b9-d621fd0d9241', true, '2025-08-04 02:23:16.995405+00', '2025-08-04 03:57:14.429709+00', NULL, 'f50f7e06-9874-42ad-b245-dc0366aa8433'),
	('00000000-0000-0000-0000-000000000000', 413, 'uptmilc6cprj', '93c87ed3-a25d-4838-acd5-6e082ed56478', false, '2025-08-05 01:15:36.432031+00', '2025-08-05 01:15:36.432031+00', NULL, 'bae6d931-3c39-44c5-8725-d912b9ac0aef'),
	('00000000-0000-0000-0000-000000000000', 367, '6yj4cklutxn4', 'f75cf441-dcfa-42ba-92b9-d621fd0d9241', true, '2025-08-04 03:57:14.431809+00', '2025-08-04 04:55:48.257689+00', 'v3acimdcpsfc', 'f50f7e06-9874-42ad-b245-dc0366aa8433'),
	('00000000-0000-0000-0000-000000000000', 414, 'z2vcb54w4q4z', '93c87ed3-a25d-4838-acd5-6e082ed56478', true, '2025-08-05 01:17:37.859565+00', '2025-08-05 02:50:48.004348+00', NULL, 'b32c5762-00f6-42bd-8b97-6d36b672fedb'),
	('00000000-0000-0000-0000-000000000000', 415, '75hh7umqfd74', '93c87ed3-a25d-4838-acd5-6e082ed56478', false, '2025-08-05 02:50:48.007282+00', '2025-08-05 02:50:48.007282+00', 'z2vcb54w4q4z', 'b32c5762-00f6-42bd-8b97-6d36b672fedb'),
	('00000000-0000-0000-0000-000000000000', 368, 'fbod5w2di4n3', 'f75cf441-dcfa-42ba-92b9-d621fd0d9241', true, '2025-08-04 04:55:48.259213+00', '2025-08-04 05:58:48.866925+00', '6yj4cklutxn4', 'f50f7e06-9874-42ad-b245-dc0366aa8433'),
	('00000000-0000-0000-0000-000000000000', 369, '4u5gsb63vejk', '93c87ed3-a25d-4838-acd5-6e082ed56478', true, '2025-08-04 05:41:15.603728+00', '2025-08-04 06:39:48.194796+00', NULL, '75842e36-d97b-40d5-8b84-b26a67038df3'),
	('00000000-0000-0000-0000-000000000000', 370, 'rptzd2fei6vu', 'f75cf441-dcfa-42ba-92b9-d621fd0d9241', true, '2025-08-04 05:58:48.870565+00', '2025-08-04 07:18:28.739016+00', 'fbod5w2di4n3', 'f50f7e06-9874-42ad-b245-dc0366aa8433'),
	('00000000-0000-0000-0000-000000000000', 371, 'kcq4lsgkljsc', '93c87ed3-a25d-4838-acd5-6e082ed56478', true, '2025-08-04 06:39:48.196213+00', '2025-08-04 07:37:52.840335+00', '4u5gsb63vejk', '75842e36-d97b-40d5-8b84-b26a67038df3'),
	('00000000-0000-0000-0000-000000000000', 372, '7qoroj7fwk74', 'f75cf441-dcfa-42ba-92b9-d621fd0d9241', true, '2025-08-04 07:18:28.741667+00', '2025-08-04 09:18:49.437446+00', 'rptzd2fei6vu', 'f50f7e06-9874-42ad-b245-dc0366aa8433'),
	('00000000-0000-0000-0000-000000000000', 374, 'an2y7fpueymy', 'f75cf441-dcfa-42ba-92b9-d621fd0d9241', true, '2025-08-04 09:18:49.43968+00', '2025-08-04 10:17:52.780322+00', '7qoroj7fwk74', 'f50f7e06-9874-42ad-b245-dc0366aa8433'),
	('00000000-0000-0000-0000-000000000000', 373, 'tuyh2ss2uxvv', '93c87ed3-a25d-4838-acd5-6e082ed56478', true, '2025-08-04 07:37:52.841174+00', '2025-08-04 10:59:51.374305+00', 'kcq4lsgkljsc', '75842e36-d97b-40d5-8b84-b26a67038df3'),
	('00000000-0000-0000-0000-000000000000', 376, 'd3blzfkgnaym', '93c87ed3-a25d-4838-acd5-6e082ed56478', true, '2025-08-04 10:59:51.376728+00', '2025-08-04 11:59:36.467776+00', 'tuyh2ss2uxvv', '75842e36-d97b-40d5-8b84-b26a67038df3'),
	('00000000-0000-0000-0000-000000000000', 377, 'rciidzew3cpe', '93c87ed3-a25d-4838-acd5-6e082ed56478', false, '2025-08-04 11:59:36.470367+00', '2025-08-04 11:59:36.470367+00', 'd3blzfkgnaym', '75842e36-d97b-40d5-8b84-b26a67038df3'),
	('00000000-0000-0000-0000-000000000000', 375, 'u7wf7snofoaf', 'f75cf441-dcfa-42ba-92b9-d621fd0d9241', true, '2025-08-04 10:17:52.784184+00', '2025-08-04 12:25:36.054902+00', 'an2y7fpueymy', 'f50f7e06-9874-42ad-b245-dc0366aa8433');


--
-- Data for Name: sso_providers; Type: TABLE DATA; Schema: auth; Owner: supabase_auth_admin
--



--
-- Data for Name: saml_providers; Type: TABLE DATA; Schema: auth; Owner: supabase_auth_admin
--



--
-- Data for Name: saml_relay_states; Type: TABLE DATA; Schema: auth; Owner: supabase_auth_admin
--



--
-- Data for Name: sso_domains; Type: TABLE DATA; Schema: auth; Owner: supabase_auth_admin
--



--
-- Data for Name: activity_logs; Type: TABLE DATA; Schema: public; Owner: postgres
--

INSERT INTO "public"."activity_logs" ("id", "user_id", "action", "entity_type", "entity_id", "metadata", "ip_address", "user_agent", "created_at") VALUES
	('690039ed-b5d1-4845-a930-c56112e8c8da', 'f75cf441-dcfa-42ba-92b9-d621fd0d9241', 'new_import_agency_application', 'inspection_applications', '13d04517-f26b-4334-accd-fa4504d6358e', '{"product_name": "이어폰", "service_subtype": "market_research", "reservation_number": "DLSY-20250801-051624-5464", "needs_chinese_staff_attention": true}', NULL, NULL, '2025-08-01 05:16:25.094587+00'),
	('c9700f86-1abf-499a-8143-1e3cb2c9c686', 'f75cf441-dcfa-42ba-92b9-d621fd0d9241', 'new_import_agency_application', 'inspection_applications', 'b1588243-0868-4cc7-ba36-3411dd021634', '{"product_name": "이어폰 ", "service_subtype": "market_research", "reservation_number": "DLSY-20250801-052346-9224", "needs_chinese_staff_attention": true}', NULL, NULL, '2025-08-01 05:23:47.095763+00'),
	('ebf0d8bc-98ca-4625-9aa2-3eb0f67d24e0', 'f75cf441-dcfa-42ba-92b9-d621fd0d9241', 'new_import_agency_application', 'inspection_applications', '1cd3e024-596a-495d-ac7a-aa50ed8b9209', '{"product_name": "이어폰 ", "service_subtype": "market_research", "reservation_number": "DLSY-20250801-053153-6187", "needs_chinese_staff_attention": true}', NULL, NULL, '2025-08-01 05:31:53.870752+00'),
	('1b3abb74-0e29-4022-9df7-df4cdac32036', 'f75cf441-dcfa-42ba-92b9-d621fd0d9241', 'new_import_agency_application', 'inspection_applications', 'd5a379d3-c7c1-4cf9-a17a-09be80e3bbf4', '{"assigned_to": null, "product_name": "이어폰", "service_type": "import_agency", "needs_attention": true, "service_subtype": "market_research", "reservation_number": "DLSY-20250801-060959-6943"}', NULL, NULL, '2025-08-01 06:09:59.936284+00'),
	('b28e74d6-c28d-4fb7-b835-1a3bdd5a5290', 'f75cf441-dcfa-42ba-92b9-d621fd0d9241', 'new_import_agency_application', 'inspection_applications', '2817d247-f2ad-41c0-a3eb-f5595713e749', '{"assigned_to": null, "product_name": "이어폰", "service_type": "import_agency", "needs_attention": true, "service_subtype": "market_research", "reservation_number": "DLSY-20250801-065751-9951"}', NULL, NULL, '2025-08-01 06:57:51.462139+00'),
	('a71df9aa-abd3-4547-a312-a3f92c86d666', 'f75cf441-dcfa-42ba-92b9-d621fd0d9241', 'new_import_agency_application', 'inspection_applications', '920abc7d-511e-47a3-97e5-a5e0ef0bb1c5', '{"assigned_to": null, "product_name": "06이어폰", "service_type": "import_agency", "needs_attention": true, "service_subtype": "market_research", "reservation_number": "DLSY-20250801-075342-0674"}', NULL, NULL, '2025-08-01 07:53:43.00358+00'),
	('b224c730-3b5e-4edf-9e7d-66f783b7ac9b', 'f75cf441-dcfa-42ba-92b9-d621fd0d9241', 'new_import_agency_application', 'inspection_applications', '4c2976ca-a788-4f78-8ec0-76a7b7ffe8c6', '{"assigned_to": null, "product_name": "07이어폰", "service_type": "import_agency", "needs_attention": true, "service_subtype": "market_research", "reservation_number": "DLSY-20250801-075709-4806"}', NULL, NULL, '2025-08-01 07:57:09.542549+00'),
	('a2a2664e-c9c4-4462-a1d7-213f5c57f58d', '93c87ed3-a25d-4838-acd5-6e082ed56478', 'new_import_agency_application', 'inspection_applications', '58f1f6ab-6ee2-4b2b-89df-3f0766ccc3d5', '{"assigned_to": null, "product_name": "이어폰01", "service_type": "import_agency", "needs_attention": true, "service_subtype": "market_research", "reservation_number": "DLSY-20250801-105048-2310"}', NULL, NULL, '2025-08-01 10:50:48.682966+00'),
	('988683eb-9686-4cc2-9056-ea020ae3c123', '93c87ed3-a25d-4838-acd5-6e082ed56478', 'new_import_agency_application', 'inspection_applications', '3838bde0-01c4-4ea2-8d08-1cced0815b96', '{"assigned_to": null, "product_name": "이어폰01", "service_type": "import_agency", "needs_attention": true, "service_subtype": "market_research", "reservation_number": "DLSY-20250801-105144-7710"}', NULL, NULL, '2025-08-01 10:51:44.226289+00'),
	('efa3dee6-1a94-4607-9c86-e37f658bc2fc', '679f6121-660a-44a7-a8c9-a76ca661c052', 'new_import_agency_application', 'inspection_applications', '19bc81e4-3511-44c2-b574-8903efcb9e0c', '{"assigned_to": null, "product_name": "카카오1", "service_type": "import_agency", "needs_attention": true, "service_subtype": "market_research", "reservation_number": "DLSY-20250802-073927-8540"}', NULL, NULL, '2025-08-02 07:39:27.808865+00'),
	('67d5baca-f989-4548-9f03-3d94f1e59dd1', '679f6121-660a-44a7-a8c9-a76ca661c052', 'new_quality_inspection_application', 'inspection_applications', '29ae9902-95c8-4018-976a-df567226c83c', '{"assigned_to": null, "product_name": "이어폰01", "service_type": "quality_inspection", "needs_attention": true, "service_subtype": "quality_inspection", "reservation_number": "DL-20250803-762969"}', NULL, NULL, '2025-08-03 04:34:40.381481+00'),
	('e66a4ca3-3480-4c12-8aa7-576d4a2ae8ea', '679f6121-660a-44a7-a8c9-a76ca661c052', 'create_inspection_application', 'inspection_application', '29ae9902-95c8-4018-976a-df567226c83c', '{"reservation_number": "DL-20250803-762969"}', NULL, NULL, '2025-08-03 04:34:40.702238+00'),
	('6f8ac296-942e-4935-9415-3193247f3c54', '679f6121-660a-44a7-a8c9-a76ca661c052', 'new_quality_inspection_application', 'inspection_applications', 'b6455c33-8dd9-4a74-92b4-8d950074d7db', '{"assigned_to": null, "product_name": "제품2", "service_type": "quality_inspection", "needs_attention": true, "service_subtype": "quality_inspection", "reservation_number": "DL-20250803-442458"}', NULL, NULL, '2025-08-03 04:37:45.091494+00'),
	('ef5b9e20-78d8-4931-bd01-288b8b54fdbe', '679f6121-660a-44a7-a8c9-a76ca661c052', 'create_inspection_application', 'inspection_application', 'b6455c33-8dd9-4a74-92b4-8d950074d7db', '{"reservation_number": "DL-20250803-442458"}', NULL, NULL, '2025-08-03 04:37:45.44855+00'),
	('d5690ee6-768d-47d3-b894-aee75a70fc3f', '679f6121-660a-44a7-a8c9-a76ca661c052', 'new_quality_inspection_application', 'inspection_applications', '50699c30-73a0-4777-8ffa-bf1ff9a72bbd', '{"assigned_to": null, "product_name": "제품3", "service_type": "quality_inspection", "needs_attention": true, "service_subtype": "quality_inspection", "reservation_number": "DL-20250803-948656"}', NULL, NULL, '2025-08-03 04:40:28.758596+00'),
	('5f12f464-3dc1-493a-9d2b-bd71c636469e', '679f6121-660a-44a7-a8c9-a76ca661c052', 'create_inspection_application', 'inspection_application', '50699c30-73a0-4777-8ffa-bf1ff9a72bbd', '{"reservation_number": "DL-20250803-948656"}', NULL, NULL, '2025-08-03 04:40:29.081392+00'),
	('0ee5177c-5e8f-43bd-a509-5a2c2935f377', '679f6121-660a-44a7-a8c9-a76ca661c052', 'new_quality_inspection_application', 'inspection_applications', 'c6922b69-568f-4df6-8010-698b889c2323', '{"assigned_to": null, "product_name": "제품4", "service_type": "quality_inspection", "needs_attention": true, "service_subtype": "quality_inspection", "reservation_number": "IN-20250803-807426"}', NULL, NULL, '2025-08-03 04:55:12.749698+00'),
	('1c2fc6f9-b566-4a43-944b-bdeff02755fc', '679f6121-660a-44a7-a8c9-a76ca661c052', 'create_inspection_application', 'inspection_application', 'c6922b69-568f-4df6-8010-698b889c2323', '{"reservation_number": "IN-20250803-807426"}', NULL, NULL, '2025-08-03 04:55:13.080865+00'),
	('78427274-d076-4b23-8d3a-d30fc1ee9fca', '93c87ed3-a25d-4838-acd5-6e082ed56478', 'new_quality_inspection_application', 'inspection_applications', 'bf4adb8d-8b67-4400-b38e-2cce7b76c425', '{"assigned_to": null, "product_name": "무선 이어폰", "service_type": "quality_inspection", "needs_attention": true, "service_subtype": "quality_inspection", "reservation_number": "IN-20250803-121532"}', NULL, NULL, '2025-08-03 06:26:45.114232+00'),
	('c596f10a-4763-4292-b2b3-e58e90de702a', '93c87ed3-a25d-4838-acd5-6e082ed56478', 'create_inspection_application', 'inspection_application', 'bf4adb8d-8b67-4400-b38e-2cce7b76c425', '{"reservation_number": "IN-20250803-121532"}', NULL, NULL, '2025-08-03 06:26:45.453773+00'),
	('482f3543-e147-4101-ba07-21ac95811d55', '93c87ed3-a25d-4838-acd5-6e082ed56478', 'new_quality_inspection_application', 'inspection_applications', '58e5fd5a-1e79-4304-8314-584326617b43', '{"assigned_to": null, "product_name": "스마트워치", "service_type": "quality_inspection", "needs_attention": true, "service_subtype": "quality_inspection", "reservation_number": "IN-20250803-905884"}', NULL, NULL, '2025-08-03 06:30:42.07971+00'),
	('bde2131e-3482-49ea-85d6-c855d4d6850f', '93c87ed3-a25d-4838-acd5-6e082ed56478', 'create_inspection_application', 'inspection_application', '58e5fd5a-1e79-4304-8314-584326617b43', '{"reservation_number": "IN-20250803-905884"}', NULL, NULL, '2025-08-03 06:30:42.491698+00'),
	('4ca5fb2a-ac9a-473a-982b-9024b764b7f2', '93c87ed3-a25d-4838-acd5-6e082ed56478', 'create_sample_order', 'sample_order', '5cf753ee-ce1f-47c5-b5db-bcd5ef3584fe', '{"sample_count": 1, "reservation_number": "DLSP-20250803-757134", "market_research_linked": false}', NULL, NULL, '2025-08-03 07:18:51.159007+00'),
	('2c5f0c02-1199-49a0-956f-716d50a870da', '93c87ed3-a25d-4838-acd5-6e082ed56478', 'new_quality_inspection_application', 'inspection_applications', '960a247b-9f41-4e10-b1ea-12b25cf2f995', '{"assigned_to": null, "product_name": "테스트 제품", "service_type": "quality_inspection", "needs_attention": true, "service_subtype": null, "reservation_number": "IN-20250803-497232"}', NULL, NULL, '2025-08-03 09:18:42.198981+00'),
	('699a7029-5c75-4594-a38b-ee7b249caaed', '93c87ed3-a25d-4838-acd5-6e082ed56478', 'create_inspection_application', 'inspection_application', '960a247b-9f41-4e10-b1ea-12b25cf2f995', '{"service_type": "품질검품", "reservation_number": "IN-20250803-497232"}', NULL, NULL, '2025-08-03 09:18:42.582563+00'),
	('190d9398-480d-46a7-a351-f66b23ba92d5', '93c87ed3-a25d-4838-acd5-6e082ed56478', 'new_quality_inspection_application', 'inspection_applications', '8e4322e3-53f9-4c27-8c78-1c261e1218ca', '{"assigned_to": null, "product_name": "테스트 제품", "service_type": "quality_inspection", "needs_attention": true, "service_subtype": null, "reservation_number": "IN-20250803-455497"}', NULL, NULL, '2025-08-03 09:18:51.713805+00'),
	('579843b0-961c-4bc4-8d92-59ee4ba1c30c', '93c87ed3-a25d-4838-acd5-6e082ed56478', 'create_inspection_application', 'inspection_application', '8e4322e3-53f9-4c27-8c78-1c261e1218ca', '{"service_type": "품질검품", "reservation_number": "IN-20250803-455497"}', NULL, NULL, '2025-08-03 09:18:52.0384+00'),
	('03bad836-c1f3-42b0-8e5d-55455cdc87e7', '93c87ed3-a25d-4838-acd5-6e082ed56478', 'create_sample_order', 'sample_order', 'e095e684-ebd3-48eb-88a4-54eabebdcb6b', '{"sample_count": 1, "reservation_number": "DLSP-20250803-927071", "market_research_linked": false}', NULL, NULL, '2025-08-03 09:21:01.668693+00'),
	('3bfafb74-0f53-45f9-8ec7-8aa6fc6218bc', 'f75cf441-dcfa-42ba-92b9-d621fd0d9241', 'new_quality_inspection_application', 'inspection_applications', '1fe23fcb-3f9f-4608-bf54-78f4f5f9c2c9', '{"assigned_to": null, "product_name": "이어폰", "service_type": "quality_inspection", "needs_attention": true, "service_subtype": null, "reservation_number": "IN-20250804-400899"}', NULL, NULL, '2025-08-04 02:54:16.317951+00'),
	('513ae709-80d1-4a9c-8c59-440aafed9e9f', 'f75cf441-dcfa-42ba-92b9-d621fd0d9241', 'create_inspection_application', 'inspection_application', '1fe23fcb-3f9f-4608-bf54-78f4f5f9c2c9', '{"service_type": "품질검품", "reservation_number": "IN-20250804-400899"}', NULL, NULL, '2025-08-04 02:54:16.797929+00'),
	('83526350-e092-4f25-b030-82e425963fc5', 'f75cf441-dcfa-42ba-92b9-d621fd0d9241', 'new_quality_inspection_application', 'inspection_applications', '6f953a4c-5631-4f88-9e44-d78dd883e3db', '{"assigned_to": null, "product_name": "이어폰", "service_type": "quality_inspection", "needs_attention": true, "service_subtype": null, "reservation_number": "IN-20250804-459013"}', NULL, NULL, '2025-08-04 02:54:45.897009+00'),
	('c8d334c5-3b19-4ff1-a7b7-f8a192e310d8', 'f75cf441-dcfa-42ba-92b9-d621fd0d9241', 'create_inspection_application', 'inspection_application', '6f953a4c-5631-4f88-9e44-d78dd883e3db', '{"service_type": "품질검품", "reservation_number": "IN-20250804-459013"}', NULL, NULL, '2025-08-04 02:54:46.371903+00'),
	('cf6a9990-5007-4efc-8d4d-983f529c5228', '93c87ed3-a25d-4838-acd5-6e082ed56478', 'new_quality_inspection_application', 'inspection_applications', 'b5800788-8f80-4beb-9ac9-f4005c331a76', '{"assigned_to": null, "product_name": "블루투스 이어폰", "service_type": "quality_inspection", "needs_attention": true, "service_subtype": "quality_inspection", "reservation_number": "DLQC-20250804-123456-0001"}', NULL, NULL, '2025-08-04 14:34:44.247475+00'),
	('537cd76a-caee-45f2-afcb-ba34286e1103', '93c87ed3-a25d-4838-acd5-6e082ed56478', 'new_quality_inspection_application', 'inspection_applications', 'dc1dbb7c-9026-4bcd-89f8-83b4416f0996', '{"assigned_to": null, "product_name": "무선 충전기", "service_type": "quality_inspection", "needs_attention": true, "service_subtype": "품질검품", "reservation_number": "DLQC-20250804-111111-0001"}', NULL, NULL, '2025-08-04 14:39:26.05797+00'),
	('f79f1c45-8f07-4bc8-9753-080083c0ccbb', '93c87ed3-a25d-4838-acd5-6e082ed56478', 'new_quality_inspection_application', 'inspection_applications', '95327ea9-1c57-435b-9619-5067eaeeabdd', '{"assigned_to": null, "product_name": "전자제품 부품", "service_type": "quality_inspection", "needs_attention": true, "service_subtype": "품질검품", "reservation_number": "IN-20250204-001"}', NULL, NULL, '2025-08-04 16:05:34.145711+00');


--
-- Data for Name: ai_translation_cache; Type: TABLE DATA; Schema: public; Owner: postgres
--



--
-- Data for Name: market_research_requests; Type: TABLE DATA; Schema: public; Owner: postgres
--

INSERT INTO "public"."market_research_requests" ("id", "reservation_number", "user_id", "company_name", "contact_person", "contact_phone", "contact_email", "product_name", "research_quantity", "requirements", "detail_page", "photos", "logo_required", "logo_file", "logo_print_details", "custom_box_required", "box_design_file", "status", "created_at", "updated_at", "research_photos", "moq_quantity", "production_duration", "product_options", "product_colors", "product_dimensions", "product_materials", "product_functions", "product_specifications", "product_composition", "additional_notes", "product_width_cm", "product_length_cm", "product_height_cm", "box_width_cm", "box_length_cm", "box_height_cm", "units_per_box", "total_box_count", "cbm_volume", "sample_availability", "sample_unit_price", "sample_order_quantity", "sample_weight_kg", "sample_quantity", "sample_total_price", "sample_delivery_time", "shipping_cost_note", "shipping_method", "estimated_shipping_cost", "hs_code", "required_certifications", "certification_cost", "commission_rate", "commission_amount", "shipping_cost", "first_payment_details", "china_unit_price", "exchange_rate", "exw_total", "china_shipping_cost", "first_payment_amount", "second_payment_estimate", "second_payment_note", "estimated_unit_price", "estimated_total_supply", "estimated_tax", "estimated_total_amount", "assigned_staff", "payment_status", "research_completed_at", "quote_amount", "quote_sent_at", "product_name_chinese", "moq_check", "logo_details", "box_details", "product_url", "reference_files", "service_type", "service_subtype") VALUES
	('fc35ff25-b9f6-49ba-bca7-e415a021f251', 'DLSY-20250803-060022-6023', '93c87ed3-a25d-4838-acd5-6e082ed56478', '두리무역', '김두호', '01043995358', 'bishi2222@naver.com', '111', 11111, '1111111111111', NULL, '[]', false, NULL, NULL, false, NULL, 'submitted', '2025-08-03 06:00:22.885087+00', '2025-08-03 06:00:22.885087+00', '[]', NULL, NULL, NULL, NULL, NULL, NULL, NULL, NULL, NULL, NULL, NULL, NULL, NULL, NULL, NULL, NULL, NULL, NULL, NULL, false, NULL, NULL, NULL, NULL, NULL, NULL, '별도 착불 (특송업체 이용, 원하는 배대지 있으면 정보 기록)', NULL, NULL, NULL, NULL, NULL, NULL, NULL, NULL, NULL, NULL, NULL, NULL, NULL, NULL, NULL, '포워더 및 관세사 있는 경우 별도 비용 요청', NULL, NULL, NULL, NULL, NULL, 'pending', NULL, 55000.00, NULL, NULL, false, NULL, NULL, NULL, NULL, 'import_agency', 'market_research'),
	('cf175cea-80f7-4e44-80ef-26202bba10ad', 'DLSY-20250803-061217-1511', '93c87ed3-a25d-4838-acd5-6e082ed56478', '테스트 회사', '테스트 담당자', '010-1234-5678', 'bishi2222@naver.com', '테스트 제품', 1000, '테스트 요청사항입니다. 제품에 대한 상세한 조사를 원합니다.', NULL, '[]', false, NULL, NULL, false, NULL, 'submitted', '2025-08-03 06:12:17.70356+00', '2025-08-03 06:12:17.70356+00', '[]', NULL, NULL, NULL, NULL, NULL, NULL, NULL, NULL, NULL, NULL, NULL, NULL, NULL, NULL, NULL, NULL, NULL, NULL, NULL, false, NULL, NULL, NULL, NULL, NULL, NULL, '별도 착불 (특송업체 이용, 원하는 배대지 있으면 정보 기록)', NULL, NULL, NULL, NULL, NULL, NULL, NULL, NULL, NULL, NULL, NULL, NULL, NULL, NULL, NULL, '포워더 및 관세사 있는 경우 별도 비용 요청', NULL, NULL, NULL, NULL, NULL, 'pending', NULL, 55000.00, NULL, NULL, false, NULL, NULL, NULL, NULL, 'import_agency', 'market_research'),
	('133fb691-90d8-4e74-a4c2-8e5cecb14334', 'DLSY-20250803-7382', '93c87ed3-a25d-4838-acd5-6e082ed56478', '대량주문 테스트 회사', '김대량', '010-1111-2222', 'kim@bulkorder.com', '대량주문용 무선이어폰', 10000, '대량주문을 위한 시장조사입니다. 10,000개 이상 주문 가능한 공장을 찾고 있습니다.', NULL, '[]', false, NULL, NULL, false, NULL, 'research_completed', '2025-08-03 07:49:42.393024+00', '2025-08-03 08:28:09.646805+00', '[]', 1000, NULL, NULL, NULL, NULL, NULL, NULL, NULL, NULL, NULL, NULL, NULL, NULL, NULL, NULL, NULL, NULL, NULL, NULL, false, 25000.00, NULL, NULL, NULL, NULL, NULL, '별도 착불 (특송업체 이용, 원하는 배대지 있으면 정보 기록)', NULL, NULL, NULL, NULL, NULL, NULL, NULL, NULL, NULL, NULL, NULL, NULL, NULL, NULL, NULL, '포워더 및 관세사 있는 경우 별도 비용 요청', 15000.00, NULL, NULL, NULL, NULL, 'pending', NULL, 55000.00, NULL, NULL, false, NULL, NULL, NULL, NULL, 'import_agency', 'market_research'),
	('f0986c70-d436-48e9-bb68-b3ce631b848d', 'DLSY-20250804-054419-0926', '93c87ed3-a25d-4838-acd5-6e082ed56478', '테스트 회사', '테스트 담당자', '테스트 제품', '932200560@qq.com', '테스트 제품', 3000, 'kljdsalkfjlwkejfwqelkjfwlkej', NULL, '[]', false, NULL, NULL, false, NULL, 'submitted', '2025-08-04 05:44:19.7932+00', '2025-08-04 05:44:19.7932+00', '[]', NULL, NULL, NULL, NULL, NULL, NULL, NULL, NULL, NULL, NULL, NULL, NULL, NULL, NULL, NULL, NULL, NULL, NULL, NULL, false, NULL, NULL, NULL, NULL, NULL, NULL, '별도 착불 (특송업체 이용, 원하는 배대지 있으면 정보 기록)', NULL, NULL, NULL, NULL, NULL, NULL, NULL, NULL, NULL, NULL, NULL, NULL, NULL, NULL, NULL, '포워더 및 관세사 있는 경우 별도 비용 요청', NULL, NULL, NULL, NULL, NULL, 'pending', NULL, 55000.00, NULL, NULL, false, NULL, NULL, NULL, NULL, 'import_agency', 'market_research'),
	('0365ca56-7bbd-4c5a-9b27-bd64bd6e3562', 'DLSY-20250804-044843-3156', 'f75cf441-dcfa-42ba-92b9-d621fd0d9241', '두리무역', '김두호', '010-4399-5358', '5rnlrhdwk@gmail.com', '제품명1', 30000, '자세하게 검토후 가격을 좋을걸로 부탁드립니다.', NULL, '[]', false, NULL, NULL, false, NULL, 'submitted', '2025-08-04 04:48:43.974031+00', '2025-08-04 12:45:40.566342+00', '[]', NULL, NULL, NULL, NULL, NULL, NULL, NULL, NULL, NULL, NULL, NULL, NULL, NULL, NULL, NULL, NULL, NULL, NULL, NULL, false, NULL, NULL, NULL, NULL, NULL, NULL, '별도 착불 (특송업체 이용, 원하는 배대지 있으면 정보 기록)', NULL, NULL, NULL, NULL, NULL, NULL, NULL, NULL, NULL, NULL, NULL, NULL, NULL, NULL, NULL, '포워더 및 관세사 있는 경우 별도 비용 요청', NULL, NULL, NULL, NULL, NULL, 'pending', NULL, 55000.00, NULL, NULL, false, NULL, NULL, NULL, NULL, 'import_agency', 'market_research'),
	('723e4bbb-7e0d-4996-bac5-54662e565f3e', 'DLSY-20250803-061718-4187', 'f75cf441-dcfa-42ba-92b9-d621fd0d9241', '두리무역', '김두호', '01043995358', 'bishi2222@naver.com', '무선 이어폰', 2000, '블루투스 5.0 이상, 배터리 지속시간 8시간 이상, 방수 기능 필수, 충전 케이스 포함된 제품으로 조사 부탁드립니다.', NULL, '[]', false, NULL, NULL, false, NULL, 'submitted', '2025-08-03 06:17:18.524362+00', '2025-08-04 12:45:57.537327+00', '[]', NULL, NULL, NULL, NULL, NULL, NULL, NULL, NULL, NULL, NULL, NULL, NULL, NULL, NULL, NULL, NULL, NULL, NULL, NULL, false, NULL, NULL, NULL, NULL, NULL, NULL, '별도 착불 (특송업체 이용, 원하는 배대지 있으면 정보 기록)', NULL, NULL, NULL, NULL, NULL, NULL, NULL, NULL, NULL, NULL, NULL, NULL, NULL, NULL, NULL, '포워더 및 관세사 있는 경우 별도 비용 요청', NULL, NULL, NULL, NULL, NULL, 'pending', NULL, 55000.00, NULL, NULL, false, NULL, NULL, NULL, NULL, 'import_agency', 'market_research');


--
-- Data for Name: bulk_orders; Type: TABLE DATA; Schema: public; Owner: postgres
--

INSERT INTO "public"."bulk_orders" ("id", "reservation_number", "user_id", "company_name", "contact_person", "contact_phone", "contact_email", "market_research_id", "order_items", "delivery_date", "delivery_address", "delivery_method", "packing_requirements", "quality_standards", "additional_requests", "reference_files", "quantity_change_confirm", "price_adjustment", "adjustment_reason", "revised_unit_price", "total_amount", "delivery_period", "quotation_file", "purchase_order_file", "factory_confirmation", "production_schedule", "production_progress", "production_photos", "quality_inspection_report", "expected_completion_date", "packing_status", "bl_document", "invoice_document", "packing_list_document", "customs_status", "estimated_arrival_date", "delivery_receipt", "down_payment", "middle_payment", "final_payment", "tax_invoices", "assigned_staff_id", "status", "payment_status", "created_at", "updated_at") VALUES
	('92af80fd-36c7-4406-8a68-f217027b8a1f', 'BO-20250803-TEST01', '93c87ed3-a25d-4838-acd5-6e082ed56478', '대량주문 테스트 회사', '김대량', '010-1234-5678', 'bulk@test.com', '133fb691-90d8-4e74-a4c2-8e5cecb14334', '[{"notes": "회사 로고 인쇄", "quantity": 1000, "unit_price": 5000, "total_price": 5000000, "product_name": "맞춤형 USB 메모리"}, {"notes": "색상 견본 확인", "quantity": 500, "unit_price": 8000, "total_price": 4000000, "product_name": "로고 인쇄 텀블러"}]', '2025-09-30', '서울특별시 강남구 테헤란로 123 대량주문빌딩 5층', 'FOB', NULL, NULL, '고품질 포장 요청. 로고 인쇄 시 색상 견본 확인 부탁드립니다.', NULL, NULL, NULL, NULL, NULL, NULL, NULL, NULL, NULL, NULL, NULL, NULL, NULL, NULL, NULL, NULL, NULL, NULL, NULL, NULL, NULL, NULL, NULL, NULL, NULL, NULL, NULL, 'submitted', 'pending', '2025-08-03 08:21:29.986662+00', '2025-08-03 08:21:29.986662+00'),
	('9b8451ec-1a7a-4b4d-80e3-3217428d8e2f', 'BO-20250803-083146-9356', '93c87ed3-a25d-4838-acd5-6e082ed56478', '두리무역', '김두호', '01043995358', 'bishi2222@naver.com', '133fb691-90d8-4e74-a4c2-8e5cecb14334', '[]', '2025-09-30', '서울특별시 강남구 테헤란로 123', 'FOB', NULL, NULL, '고품질 제품으로 납품 부탁드립니다.', NULL, NULL, NULL, NULL, NULL, NULL, NULL, NULL, NULL, NULL, NULL, NULL, NULL, NULL, NULL, NULL, NULL, NULL, NULL, NULL, NULL, NULL, NULL, NULL, NULL, NULL, NULL, 'submitted', 'pending', '2025-08-03 08:31:47.118761+00', '2025-08-03 08:31:47.118761+00'),
	('1e3e0430-269a-45b8-9fdb-190a180c4dec', 'BO-20250803-083730-3609', '93c87ed3-a25d-4838-acd5-6e082ed56478', '두리무역', '김두호', '01043995358', 'bishi2222@naver.com', '133fb691-90d8-4e74-a4c2-8e5cecb14334', '[]', '2025-03-05', '서울시 강남구 테헤란로 123, 삼성동', 'FOB', NULL, NULL, NULL, NULL, NULL, NULL, NULL, NULL, NULL, NULL, NULL, NULL, NULL, NULL, NULL, NULL, NULL, NULL, NULL, NULL, NULL, NULL, NULL, NULL, NULL, NULL, NULL, NULL, NULL, NULL, 'submitted', 'pending', '2025-08-03 08:37:31.078947+00', '2025-08-03 08:37:31.078947+00'),
	('2e2aeb2c-1fc2-484d-8c61-59dbf5df5694', 'BO-20250803-084457-7176', '93c87ed3-a25d-4838-acd5-6e082ed56478', '테스트 컴퍼니', '김테스트', '010-1234-5678', 'bishi2222@naver.com', NULL, '[{"unit_price": 15000, "total_price": 15000000, "product_name": "대량주문용 무선이어폰", "customization": "", "order_quantity": 1000, "specifications": "확인 중", "original_quantity": 1000}]', '2025-03-15', '서울시 강남구 테스트동 123-45', 'FOB', NULL, NULL, NULL, NULL, NULL, NULL, NULL, NULL, NULL, NULL, NULL, NULL, NULL, NULL, NULL, NULL, NULL, NULL, NULL, NULL, NULL, NULL, NULL, NULL, NULL, NULL, NULL, NULL, NULL, NULL, 'submitted', 'pending', '2025-08-03 08:44:57.911104+00', '2025-08-03 08:44:57.911104+00'),
	('fe8e609e-5750-4e8e-a2ca-d1ae1a761813', 'DLBO-20250804-333333-0001', '93c87ed3-a25d-4838-acd5-6e082ed56478', '테스트 회사', '김대표', '010-3333-4444', 'test@example.com', 'fc35ff25-b9f6-49ba-bca7-e415a021f251', '[{"total": 25000000, "quantity": 1000, "unit_price": 25000, "product_name": "무선 이어폰"}]', '2025-09-30', '서울시 강남구 삼성로 456', '해상운송', '박스당 20개씩 포장', 'KC 인증 필수', '로고 인쇄 필요', NULL, NULL, NULL, NULL, NULL, 25000000, NULL, NULL, NULL, NULL, NULL, NULL, NULL, NULL, NULL, NULL, NULL, NULL, NULL, NULL, NULL, NULL, NULL, NULL, NULL, NULL, NULL, 'submitted', 'pending', '2025-08-04 14:53:28.492039+00', '2025-08-04 14:53:28.492039+00'),
	('2759872d-bf0b-45aa-82d5-dca498f7b6f2', 'DLBO-20250128-000001', '93c87ed3-a25d-4838-acd5-6e082ed56478', '테스트 회사', '홍길동', '010-1234-5678', 'bishi2222@naver.com', NULL, '[{"quantity": 1000, "unit_price": 5000, "product_name": "테스트 제품1", "specifications": "100x100mm"}]', '2025-03-01', NULL, NULL, NULL, NULL, '테스트 대량주문 요청사항', NULL, NULL, NULL, NULL, NULL, NULL, NULL, NULL, NULL, NULL, NULL, NULL, NULL, NULL, NULL, NULL, NULL, NULL, NULL, NULL, NULL, NULL, NULL, NULL, NULL, NULL, NULL, 'submitted', 'pending', '2025-08-04 15:46:08.8876+00', '2025-08-04 15:46:08.8876+00'),
	('6159c762-cc4f-4e45-b5e9-522d208d5b30', 'BO-20250204-001', '93c87ed3-a25d-4838-acd5-6e082ed56478', '두리무역', '최민준', '010-4567-8901', 'bishi2222@naver.com', NULL, '[{"quantity": 1000, "unit_price": 15000, "product_name": "노트북 거치대", "specifications": "알루미늄 재질"}]', '2025-03-01', '서울시 영등포구 여의도동 123-45', 'DDP', NULL, NULL, '로고 인쇄 필요', NULL, NULL, NULL, NULL, NULL, 15000000, NULL, NULL, NULL, NULL, NULL, NULL, NULL, NULL, NULL, NULL, NULL, NULL, NULL, NULL, NULL, NULL, NULL, NULL, NULL, NULL, NULL, 'quoted', 'pending', '2025-08-04 16:05:34.145711+00', '2025-08-04 16:05:34.145711+00');


--
-- Data for Name: chat_messages; Type: TABLE DATA; Schema: public; Owner: postgres
--

INSERT INTO "public"."chat_messages" ("id", "sender_id", "sender_name", "sender_role", "original_message", "original_language", "translated_message", "translated_language", "message_type", "file_url", "file_name", "file_size", "is_deleted", "deleted_at", "edited_at", "created_at", "reservation_number") VALUES
	('030cc4bc-5808-416c-89f3-03e690253c8e', '93c87ed3-a25d-4838-acd5-6e082ed56478', '테스트 사용자', 'customer', '안녕하세요! 이 제품에 대해 문의드립니다.', 'ko', NULL, NULL, 'text', NULL, NULL, NULL, false, NULL, NULL, '2025-08-04 05:57:59.080308+00', 'DLSY-20250804-054419-0926'),
	('488b4844-6291-4770-a756-191ce4b524b4', '93c87ed3-a25d-4838-acd5-6e082ed56478', '김두호', 'customer', '안녕하세요! 이 제품에 대해 문의드립니다', 'ko', NULL, NULL, 'text', NULL, NULL, NULL, false, NULL, NULL, '2025-08-04 07:17:29.684906+00', 'DLSY-20250804-054419-0926'),
	('e4838748-21a4-41df-be27-a9ae467ff1ea', '93c87ed3-a25d-4838-acd5-6e082ed56478', '김두호', 'customer', '스마트워치에 대해 조사 잘 좀 부탁드립니다 ', 'ko', NULL, NULL, 'text', NULL, NULL, NULL, false, NULL, NULL, '2025-08-04 07:17:53.74539+00', 'DLSY-20250804-054419-0926'),
	('55c12d7c-ba27-4ab3-9e88-c1694dbe1643', '93c87ed3-a25d-4838-acd5-6e082ed56478', '김두호', 'customer', '번역 테스트 ', 'ko', NULL, NULL, 'text', NULL, NULL, NULL, false, NULL, NULL, '2025-08-04 07:31:34.307527+00', 'DLSY-20250804-054419-0926'),
	('cbbe37d0-244a-4ec4-8245-fde3970cc0f7', '93c87ed3-a25d-4838-acd5-6e082ed56478', '김두호', 'customer', '번역 테스트 ', 'ko', '翻译测试', 'zh', 'text', NULL, NULL, NULL, false, NULL, NULL, '2025-08-04 07:34:55.682245+00', 'DLSY-20250804-054419-0926'),
	('7cc16b68-457d-4463-996c-4e83d35f2881', '93c87ed3-a25d-4838-acd5-6e082ed56478', '테스트 사용자', 'customer', '안녕하세요', 'ko', NULL, NULL, 'text', NULL, NULL, NULL, false, NULL, NULL, '2025-08-04 23:10:02.913955+00', 'IN-20250204-001'),
	('513b38f3-2ee2-47de-97b4-d1b78c9b8cd7', '93c87ed3-a25d-4838-acd5-6e082ed56478', '테스트 사용자', 'customer', '안녕하세요 ', 'ko', NULL, NULL, 'text', NULL, NULL, NULL, false, NULL, NULL, '2025-08-04 23:18:38.232682+00', 'DLSY-20250804-054419-0926'),
	('5edea4e8-ce83-4869-a555-671a895fac4b', '93c87ed3-a25d-4838-acd5-6e082ed56478', '테스트 사용자', 'customer', '안녕', 'ko', '你好', 'zh', 'text', NULL, NULL, NULL, false, NULL, NULL, '2025-08-04 23:24:05.097854+00', 'DLSP-20250128-000001'),
	('9070787f-4238-4710-ad0a-48d771415788', '93c87ed3-a25d-4838-acd5-6e082ed56478', '테스트 사용자', 'customer', '안녕', 'ko', '你好', 'zh', 'text', NULL, NULL, NULL, false, NULL, NULL, '2025-08-04 23:24:23.033028+00', 'DLSY-20250804-054419-0926'),
	('adfcc601-18ae-48fe-9252-bbc0ff179c51', '93c87ed3-a25d-4838-acd5-6e082ed56478', '테스트 사용자', 'customer', '중국에서 얼마나 해요 ?', 'ko', '在中国要多少钱？', 'zh', 'text', NULL, NULL, NULL, false, NULL, NULL, '2025-08-04 23:27:50.026727+00', 'DLSY-20250804-054419-0926'),
	('c2341de0-dec6-463c-895f-d8f304ba5e41', '93c87ed3-a25d-4838-acd5-6e082ed56478', '테스트 사용자', 'customer', '이런건 좀 싸게 되나요 ?', 'ko', '"这个能便宜一些吗？"', 'zh', 'text', NULL, NULL, NULL, false, NULL, NULL, '2025-08-04 23:30:09.788102+00', 'DLSY-20250804-054419-0926'),
	('41583fad-2a37-4c62-931e-b82e8f572beb', '679f6121-660a-44a7-a8c9-a76ca661c052', '李明 (중국직원)', 'chinese_staff', '您好！市场调研报告已经准备好了。我们发现了3家符合要求的供应商，价格都很有竞争力。需要我把详细报告发给您吗？', 'zh', NULL, NULL, 'text', NULL, NULL, NULL, false, NULL, NULL, '2025-08-04 23:34:13.566523+00', 'DLSY-20250804-054419-0926'),
	('c4d9893c-1e41-4558-8e51-5dc9dd388b0a', '63267831-49b4-4464-a2b6-159d7127a1ca', '李明', 'chinese_staff', '您好！市场调研已经完成。我们找到了3家优质供应商：
1. 广州天成贸易 - 价格最低
2. 深圳创新科技 - 质量最好  
3. 东莞精工制造 - 交期最快
需要详细报价单吗？', 'zh', NULL, NULL, 'text', NULL, NULL, NULL, false, NULL, NULL, '2025-08-04 23:34:55.130543+00', 'DLSY-20250804-054419-0926');


--
-- Data for Name: chat_participants; Type: TABLE DATA; Schema: public; Owner: postgres
--

INSERT INTO "public"."chat_participants" ("id", "user_id", "role", "display_name", "is_online", "last_seen", "typing", "joined_at", "left_at", "reservation_number") VALUES
	('c003b60c-9c32-4f10-9f05-1962134bef4d', '93c87ed3-a25d-4838-acd5-6e082ed56478', 'customer', '김테스트', false, '2025-08-03 07:18:01.946422+00', false, '2025-08-03 07:18:01.946422+00', NULL, 'TEMP-b4f1d217-20f7-4f35-af2f-ab94eab629a6'),
	('a8bad1b3-ddbd-4ab3-b533-6cf944988570', '93c87ed3-a25d-4838-acd5-6e082ed56478', 'customer', '김테스트', false, '2025-08-03 07:18:50.587182+00', false, '2025-08-03 07:18:50.587182+00', NULL, 'TEMP-08f1fc22-9b72-4204-a9d7-114fd47a9d8f'),
	('90c2cd0e-a9d9-432d-8ae0-a74aad695400', '93c87ed3-a25d-4838-acd5-6e082ed56478', 'customer', '김테스트', false, '2025-08-03 09:21:01.165731+00', false, '2025-08-03 09:21:01.165731+00', NULL, 'TEMP-b40e9b0d-7619-4471-bfed-8f7fb94b44a9');


--
-- Data for Name: orders; Type: TABLE DATA; Schema: public; Owner: postgres
--

INSERT INTO "public"."orders" ("id", "order_number", "service_type", "user_id", "customer_number", "status", "assigned_staff", "duly_manager", "total_amount", "margin_amount", "margin_percentage", "payment_status", "created_at", "updated_at", "completed_at", "metadata") VALUES
	('9e0ada4b-f45d-4a5c-91cc-650eda8a5d34', 'DLSP-20250803-772486', 'purchasing_agency', '93c87ed3-a25d-4838-acd5-6e082ed56478', NULL, 'submitted', NULL, NULL, NULL, NULL, NULL, 'pending', '2025-08-03 07:18:01.946422+00', '2025-08-03 07:18:01.946422+00', NULL, '{"sub_service": "sampling", "company_name": "테스트 회사", "contact_email": null, "contact_phone": "010-1234-5678", "contact_person": "김테스트"}'),
	('5cf753ee-ce1f-47c5-b5db-bcd5ef3584fe', 'DLSP-20250803-757134', 'purchasing_agency', '93c87ed3-a25d-4838-acd5-6e082ed56478', NULL, 'submitted', NULL, NULL, NULL, NULL, NULL, 'pending', '2025-08-03 07:18:50.587182+00', '2025-08-03 07:18:50.587182+00', NULL, '{"sub_service": "sampling", "company_name": "테스트 회사", "contact_email": null, "contact_phone": "010-1234-5678", "contact_person": "김테스트"}'),
	('e095e684-ebd3-48eb-88a4-54eabebdcb6b', 'DLSP-20250803-927071', 'purchasing_agency', '93c87ed3-a25d-4838-acd5-6e082ed56478', NULL, 'submitted', NULL, NULL, NULL, NULL, NULL, 'pending', '2025-08-03 09:21:01.165731+00', '2025-08-03 09:21:01.165731+00', NULL, '{"sub_service": "sampling", "company_name": "테스트컴퍼니", "contact_email": null, "contact_phone": "010-1234-5678", "contact_person": "홍길동"}'),
	('c3f816e4-9975-46f4-bf80-54825ee60cb4', 'DLSP-20250204-001', 'purchasing_agency', '93c87ed3-a25d-4838-acd5-6e082ed56478', NULL, 'submitted', NULL, NULL, NULL, NULL, NULL, NULL, '2025-08-04 16:05:34.145711+00', '2025-08-04 16:05:34.145711+00', NULL, '{}'),
	('e5c18e15-4d35-46f2-ab92-e7f68633478d', 'DLSP-20250128-000001', 'purchasing_agency', '93c87ed3-a25d-4838-acd5-6e082ed56478', NULL, 'submitted', NULL, NULL, NULL, NULL, NULL, NULL, '2025-08-04 22:47:46.597425+00', '2025-08-04 22:47:46.597425+00', NULL, '{"company_name": "샘플링 테스트 회사", "service_subtype": "sampling"}');


--
-- Data for Name: china_business_trips; Type: TABLE DATA; Schema: public; Owner: postgres
--



--
-- Data for Name: company_addresses; Type: TABLE DATA; Schema: public; Owner: postgres
--

INSERT INTO "public"."company_addresses" ("id", "user_id", "company_name", "company_name_chinese", "contact_person", "phone", "email", "address", "address_detail", "postal_code", "is_default", "created_at", "updated_at") VALUES
	('a7c3bb6d-d2ee-4c1f-ab86-f09ac683ada4', 'f75cf441-dcfa-42ba-92b9-d621fd0d9241', '두리무역 ', NULL, '김두호', '01043995358', 'bishi2222@naver.com', NULL, NULL, NULL, false, '2025-08-01 05:10:38.865+00', '2025-08-01 05:23:46.381421+00'),
	('e5a37587-15ca-454f-95e2-1b8c3c33eb89', 'f75cf441-dcfa-42ba-92b9-d621fd0d9241', '두리무역 ', NULL, '김두호', '01043995358', 'bishi2222@naver.com', NULL, NULL, NULL, false, '2025-08-01 05:23:46.601+00', '2025-08-01 06:10:00.148751+00'),
	('cad55eb9-6f09-41f1-8f53-5b2a7bf74832', '679f6121-660a-44a7-a8c9-a76ca661c052', '카카오1회사명', NULL, '카카오1담당자', '010-1111-1111', 'bishi2222@naver.com', NULL, NULL, NULL, true, '2025-08-02 07:39:28.213+00', '2025-08-02 07:39:28.213+00'),
	('c343686a-acf3-4149-ba32-5f883261195d', '93c87ed3-a25d-4838-acd5-6e082ed56478', '두리무역', NULL, '김두호', '01043995358', '', NULL, NULL, NULL, true, '2025-08-03 06:00:23.08+00', '2025-08-03 06:00:23.08+00'),
	('c9c987e7-9ead-4041-b7b3-a24c7b86c896', 'f75cf441-dcfa-42ba-92b9-d621fd0d9241', '두리무역', NULL, '김두호', '01043995358', '932200560@qq.com', NULL, NULL, NULL, false, '2025-08-01 06:10:00.359+00', '2025-08-04 04:48:44.153353+00'),
	('b7f4b729-b27d-486e-9744-c5fcc1786560', 'f75cf441-dcfa-42ba-92b9-d621fd0d9241', '두리무역', NULL, '김두호', '010-4399-5358', '', NULL, NULL, NULL, true, '2025-08-04 04:48:44.378+00', '2025-08-04 04:48:44.378+00');


--
-- Data for Name: customer_inquiries; Type: TABLE DATA; Schema: public; Owner: postgres
--



--
-- Data for Name: guest_tokens; Type: TABLE DATA; Schema: public; Owner: postgres
--



--
-- Data for Name: inspection_applications; Type: TABLE DATA; Schema: public; Owner: postgres
--

INSERT INTO "public"."inspection_applications" ("id", "reservation_number", "user_id", "company_name", "contact_person", "contact_phone", "contact_email", "service_type", "service_subtype", "product_name", "product_name_translated", "production_quantity", "moq_check", "special_requirements", "special_requirements_translated", "logo_required", "logo_details", "custom_box_required", "box_details", "status", "payment_status", "assigned_chinese_staff", "created_at", "updated_at", "service_subtype_chinese", "status_chinese", "detail_page", "detail_page_cn", "research_type", "inspection_method", "factory_name", "factory_contact", "factory_phone", "factory_address", "schedule_type", "confirmed_date", "inspection_days", "schedule_availability", "available_dates", "confirm_reservation", "inspection_report", "inspection_summary", "inspection_photos", "pass_fail_status", "improvement_items", "total_cost", "vat_amount", "quotation_pdf", "tax_invoice_pdf") VALUES
	('58f1f6ab-6ee2-4b2b-89df-3f0766ccc3d5', 'DLSY-20250801-105048-2310', '93c87ed3-a25d-4838-acd5-6e082ed56478', '두리무역', '김두호', '01043995358', 'bishi2222@naver.com', 'import_agency', 'market_research', '이어폰01', '이어폰01', 0, true, '안녕안녕안녕안녕안녕안녕안녕안녕안녕', '안녕안녕안녕안녕안녕안녕안녕안녕안녕', true, '', false, NULL, 'submitted', 'pending', NULL, '2025-08-01 10:50:48.682966+00', '2025-08-01 10:50:48.682966+00', '市场调研', '已提交', NULL, NULL, '제품 조사', NULL, NULL, NULL, NULL, NULL, NULL, NULL, NULL, NULL, NULL, false, NULL, NULL, NULL, NULL, NULL, NULL, NULL, NULL, NULL),
	('3838bde0-01c4-4ea2-8d08-1cced0815b96', 'DLSY-20250801-105144-7710', '93c87ed3-a25d-4838-acd5-6e082ed56478', '두리무역', '김두호', '01043995358', 'bishi2222@naver.com', 'import_agency', 'market_research', '블루투스 이어폰 BT5.3', '이어폰01', 1000, true, '1. 옵션: 블랙, 화이트 2종
2. 색상: 무광 마감
3. 규격: 충전케이스 포함
4. 재질: ABS 플라스틱
5. 구성품: 이어폰, 충전케이스, USB-C 케이블, 설명서
6. 기능 및 사양: 블루투스 5.3, 노이즈 캔슬링, 터치 컨트롤
7. 희망 납기일: 2025년 3월 15일
8. 희망 단가 및 총 예산: 개당 $15 이하, 총 예산 $20,000
9. 기타: CE, KC 인증 필수', '안녕안녕안녕안녕안녕안녕안녕안녕안녕', true, '회사 로고를 충전케이스 상단에 레이저 각인', true, '친환경 크라프트 박스, 로고 및 제품 이미지 인쇄', 'completed', 'pending', NULL, '2025-08-01 10:51:44.226289+00', '2025-08-02 05:52:00.089924+00', '市场调研', '已完成', 'https://example.taobao.com/item/bt-earphone-53', NULL, '제품 조사', NULL, NULL, NULL, NULL, NULL, NULL, NULL, NULL, NULL, NULL, false, NULL, NULL, NULL, NULL, NULL, NULL, NULL, NULL, NULL),
	('bf4adb8d-8b67-4400-b38e-2cce7b76c425', 'IN-20250803-121532', '93c87ed3-a25d-4838-acd5-6e082ed56478', '테스트무역', '김검품', '010-2222-3333', NULL, 'quality_inspection', 'quality_inspection', '무선 이어폰', '무선 이어폰', 5000, false, '이어폰 음질 테스트, 배터리 지속시간 확인, 블루투스 연결 안정성 테스트 필요', '이어폰 음질 테스트, 배터리 지속시간 확인, 블루투스 연결 안정성 테스트 필요', false, NULL, false, NULL, 'submitted', 'pending', NULL, '2025-08-03 06:26:45.114232+00', '2025-08-03 06:26:45.114232+00', 'quality_inspection', '已提交', NULL, NULL, '제품 조사', 'standard', NULL, NULL, '+86-21-1234-5678', NULL, 'duly_coordination', NULL, 1, NULL, NULL, false, NULL, NULL, NULL, NULL, NULL, NULL, NULL, NULL, NULL),
	('58e5fd5a-1e79-4304-8314-584326617b43', 'IN-20250803-905884', '93c87ed3-a25d-4838-acd5-6e082ed56478', '테스트무역2', '김테스트', '010-3333-4444', NULL, 'quality_inspection', 'quality_inspection', '스마트워치', '스마트워치', 10000, false, NULL, NULL, false, NULL, false, NULL, 'submitted', 'pending', NULL, '2025-08-03 06:30:42.07971+00', '2025-08-03 06:30:42.07971+00', 'quality_inspection', '已提交', NULL, NULL, '제품 조사', 'standard', NULL, NULL, '+86-21-5555-6666', NULL, 'duly_coordination', NULL, 1, NULL, NULL, false, NULL, NULL, NULL, NULL, NULL, NULL, NULL, NULL, NULL),
	('960a247b-9f41-4e10-b1ea-12b25cf2f995', 'IN-20250803-497232', '93c87ed3-a25d-4838-acd5-6e082ed56478', '테스트컴퍼니', '홍길동', '010-1234-5678', 'bishi2222@naver.com', 'quality_inspection', NULL, '테스트 제품', '테스트 제품', 1000, false, NULL, NULL, false, NULL, false, NULL, 'submitted', 'pending', NULL, '2025-08-03 09:18:42.198981+00', '2025-08-03 09:18:42.198981+00', NULL, '已提交', NULL, NULL, '제품 조사', 'standard', NULL, NULL, '+86-123-4567-8901', NULL, 'duly_coordination', NULL, 1, NULL, NULL, false, NULL, NULL, NULL, NULL, NULL, NULL, NULL, NULL, NULL),
	('8e4322e3-53f9-4c27-8c78-1c261e1218ca', 'IN-20250803-455497', '93c87ed3-a25d-4838-acd5-6e082ed56478', '테스트컴퍼니', '홍길동', '010-1234-5678', 'bishi2222@naver.com', 'quality_inspection', NULL, '테스트 제품', '테스트 제품', 1000, false, NULL, NULL, false, NULL, false, NULL, 'submitted', 'pending', NULL, '2025-08-03 09:18:51.713805+00', '2025-08-03 09:18:51.713805+00', NULL, '已提交', NULL, NULL, '제품 조사', 'standard', NULL, NULL, '+86-123-4567-8901', NULL, 'duly_coordination', NULL, 1, NULL, NULL, false, NULL, NULL, NULL, NULL, NULL, NULL, NULL, NULL, NULL),
	('b5800788-8f80-4beb-9ac9-f4005c331a76', 'DLQC-20250804-123456-0001', '93c87ed3-a25d-4838-acd5-6e082ed56478', '테스트 회사', '김테스트', '010-1234-5678', 'bishi2222@naver.com', 'quality_inspection', 'quality_inspection', '블루투스 이어폰', '블루투스 이어폰', 5000, false, '전수검사 요청. 블루투스 연결 테스트 필수', '전수검사 요청. 블루투스 연결 테스트 필수', false, NULL, false, NULL, 'submitted', 'pending', NULL, '2025-08-04 14:34:44.247475+00', '2025-08-04 14:34:44.247475+00', 'quality_inspection', '已提交', NULL, NULL, '제품 조사', 'standard', '선전 테크놀로지 공장', '왕공장장', '+86-138-8888-9999', '중국 광동성 심천시 난산구 테크파크 A동 5층', NULL, '2025-02-15', 3, NULL, NULL, false, NULL, NULL, NULL, NULL, NULL, NULL, NULL, NULL, NULL),
	('dc1dbb7c-9026-4bcd-89f8-83b4416f0996', 'DLQC-20250804-111111-0001', '93c87ed3-a25d-4838-acd5-6e082ed56478', '비시테스트 회사', '김테스트', '010-1111-2222', 'bishi2222@naver.com', 'quality_inspection', '품질검품', '무선 충전기', '무선 충전기', 3000, false, '제품 내구성 테스트 포함해주세요', '제품 내구성 테스트 포함해주세요', false, NULL, false, NULL, 'submitted', 'pending', NULL, '2025-08-04 14:39:26.05797+00', '2025-08-04 14:39:26.05797+00', '품질검품', '已提交', NULL, NULL, '제품 조사', 'full', '광저우 전자 공장', '리차오', '+86-138-1234-5678', '광저우시 바이윤구 전자산업단지 A동', NULL, NULL, 3, NULL, NULL, false, NULL, NULL, NULL, NULL, NULL, NULL, NULL, NULL, NULL),
	('95327ea9-1c57-435b-9619-5067eaeeabdd', 'IN-20250204-001', '93c87ed3-a25d-4838-acd5-6e082ed56478', '두리무역', '김철수', '010-1234-5678', 'bishi2222@naver.com', 'quality_inspection', '품질검품', '전자제품 부품', '전자제품 부품', 5000, false, '포장 상태 중점 확인 필요', '포장 상태 중점 확인 필요', false, NULL, false, NULL, 'submitted', 'pending', NULL, '2025-08-04 16:05:34.145711+00', '2025-08-04 16:05:34.145711+00', '품질검품', '已提交', NULL, NULL, '제품 조사', 'standard', '선전 전자공장', '王经理', '+86-123-4567-8900', '중국 광동성 선전시 남산구', '두리무역협의', NULL, 3, NULL, NULL, false, NULL, NULL, NULL, NULL, NULL, NULL, NULL, NULL, NULL),
	('2f47aef2-2f2c-4a44-93c3-83112a409011', 'DLSY-20250801-051038-4174', '93c87ed3-a25d-4838-acd5-6e082ed56478', '두리무역 ', '김두호', '01043995358', 'bishi2222@naver.com', 'import_agency', 'market_research', '이어폰 ', '이어폰 ', 0, true, '확인 부탁드립니다, 싸게 좀 부탁드릴 께요 ', '확인 부탁드립니다, 싸게 좀 부탁드릴 께요 ', true, '', false, NULL, 'submitted', 'pending', NULL, '2025-08-01 05:10:38.479569+00', '2025-08-01 05:10:38.479569+00', '市场调研', '已提交', NULL, NULL, '제품 조사', NULL, NULL, NULL, NULL, NULL, NULL, NULL, NULL, NULL, NULL, false, NULL, NULL, NULL, NULL, NULL, NULL, NULL, NULL, NULL),
	('13d04517-f26b-4334-accd-fa4504d6358e', 'DLSY-20250801-051624-5464', '93c87ed3-a25d-4838-acd5-6e082ed56478', '두리무역', '김두호', '01043995358', 'bishi2222@naver.com', 'import_agency', 'market_research', '이어폰', '이어폰', 0, true, '싸게 좀 부탁드립니다. 6일 안에 받고 싶어요 ', '싸게 좀 부탁드립니다. 6일 안에 받고 싶어요 ', false, NULL, false, NULL, 'submitted', 'pending', NULL, '2025-08-01 05:16:24.930377+00', '2025-08-01 05:16:24.930377+00', '市场调研', '已提交', NULL, NULL, '제품 조사', NULL, NULL, NULL, NULL, NULL, NULL, NULL, NULL, NULL, NULL, false, NULL, NULL, NULL, NULL, NULL, NULL, NULL, NULL, NULL),
	('b1588243-0868-4cc7-ba36-3411dd021634', 'DLSY-20250801-052346-9224', '93c87ed3-a25d-4838-acd5-6e082ed56478', '두리무역 ', '김두호', '01043995358', 'bishi2222@naver.com', 'import_agency', 'market_research', '이어폰 ', '이어폰 ', 0, true, '이거 조사 좀 부탁드릴께요 싸게 해주세요 .', '이거 조사 좀 부탁드릴께요 싸게 해주세요 .', true, '', false, NULL, 'submitted', 'pending', NULL, '2025-08-01 05:23:46.199563+00', '2025-08-01 05:23:46.199563+00', '市场调研', '已提交', NULL, NULL, '제품 조사', NULL, NULL, NULL, NULL, NULL, NULL, NULL, NULL, NULL, NULL, false, NULL, NULL, NULL, NULL, NULL, NULL, NULL, NULL, NULL),
	('1cd3e024-596a-495d-ac7a-aa50ed8b9209', 'DLSY-20250801-053153-6187', '93c87ed3-a25d-4838-acd5-6e082ed56478', '두리무역 ', '김두호', '01043995358', 'bishi2222@naver.com', 'import_agency', 'market_research', '이어폰 ', '이어폰 ', 0, true, '03이어폰 수입 입니다 가격 잘 주세요 ', '03이어폰 수입 입니다 가격 잘 주세요 ', true, '', false, NULL, 'submitted', 'pending', NULL, '2025-08-01 05:31:53.707812+00', '2025-08-01 05:31:53.707812+00', '市场调研', '已提交', NULL, NULL, '제품 조사', NULL, NULL, NULL, NULL, NULL, NULL, NULL, NULL, NULL, NULL, false, NULL, NULL, NULL, NULL, NULL, NULL, NULL, NULL, NULL),
	('d5a379d3-c7c1-4cf9-a17a-09be80e3bbf4', 'DLSY-20250801-060959-6943', '93c87ed3-a25d-4838-acd5-6e082ed56478', '두리무역', '김두호', '01043995358', '932200560@qq.com', 'import_agency', 'market_research', '이어폰', '이어폰', 0, true, ' ✓ Compiled in 769ms (1223 modules)
 ✓ Compiled in 752ms (1223 modules)
 ✓ Compiled in 741ms (2722 modules)

', ' ✓ Compiled in 769ms (1223 modules)
 ✓ Compiled in 752ms (1223 modules)
 ✓ Compiled in 741ms (2722 modules)

', true, ' ✓ Compiled in 769ms (1223 modules)
 ✓ Compiled in 752ms (1223 modules)
 ✓ Compiled in 741ms (2722 modules)
 GET / 200 in 148ms
', false, NULL, 'submitted', 'pending', NULL, '2025-08-01 06:09:59.936284+00', '2025-08-01 06:09:59.936284+00', '市场调研', '已提交', NULL, NULL, '제품 조사', NULL, NULL, NULL, NULL, NULL, NULL, NULL, NULL, NULL, NULL, false, NULL, NULL, NULL, NULL, NULL, NULL, NULL, NULL, NULL),
	('1fe23fcb-3f9f-4608-bf54-78f4f5f9c2c9', 'IN-20250804-400899', '93c87ed3-a25d-4838-acd5-6e082ed56478', '두리무역', '김두호', '010-4399-5358', 'dooho@duly.co.kr', 'quality_inspection', NULL, '이어폰', '이어폰', 5000, false, '요청 사항대로 검토 바람 ', '요청 사항대로 검토 바람 ', false, NULL, false, NULL, 'submitted', 'pending', NULL, '2025-08-04 02:54:16.317951+00', '2025-08-04 02:54:16.317951+00', NULL, '已提交', NULL, NULL, '제품 조사', 'standard', '공장1', '공장담당자1', '137-6109-2104', '송도힐스테이트 더테라스', 'already_booked', '2025-08-13', 1, NULL, NULL, false, NULL, NULL, NULL, NULL, NULL, NULL, NULL, NULL, NULL),
	('2817d247-f2ad-41c0-a3eb-f5595713e749', 'DLSY-20250801-065751-9951', '93c87ed3-a25d-4838-acd5-6e082ed56478', '두리무역', '김두호', '01043995358', '932200560@qq.com', 'import_agency', 'market_research', '이어폰', '이어폰', 0, true, '05  존나게 힘드네 시발 아직 안되는건가 ', '05  존나게 힘드네 시발 아직 안되는건가 ', true, '05  존나게 힘드네 시발 아직 안되는건가   로고', false, NULL, 'submitted', 'pending', NULL, '2025-08-01 06:57:51.462139+00', '2025-08-01 06:57:51.462139+00', '市场调研', '已提交', NULL, NULL, '제품 조사', NULL, NULL, NULL, NULL, NULL, NULL, NULL, NULL, NULL, NULL, false, NULL, NULL, NULL, NULL, NULL, NULL, NULL, NULL, NULL),
	('920abc7d-511e-47a3-97e5-a5e0ef0bb1c5', 'DLSY-20250801-075342-0674', '93c87ed3-a25d-4838-acd5-6e082ed56478', '두리무역', '김두호', '01043995358', '932200560@qq.com', 'import_agency', 'market_research', '06이어폰', '06이어폰', 0, true, '06 w힘들다힘들다힘들다힘들다힘들다힘들다', '06 w힘들다힘들다힘들다힘들다힘들다힘들다', true, '06힘들다힘들다힘들다힘들다힘들다힘들다', false, NULL, 'submitted', 'pending', NULL, '2025-08-01 07:53:43.00358+00', '2025-08-01 07:53:43.00358+00', '市场调研', '已提交', NULL, NULL, '제품 조사', NULL, NULL, NULL, NULL, NULL, NULL, NULL, NULL, NULL, NULL, false, NULL, NULL, NULL, NULL, NULL, NULL, NULL, NULL, NULL),
	('4c2976ca-a788-4f78-8ec0-76a7b7ffe8c6', 'DLSY-20250801-075709-4806', '93c87ed3-a25d-4838-acd5-6e082ed56478', '두리무역', '김두호', '01043995358', '932200560@qq.com', 'import_agency', 'market_research', '07이어폰', '07이어폰', 0, true, 'sdfasfsadfasdfasdfsdfasdfasfsdfasdfasdf', 'sdfasfsadfasdfasdfsdfasdfasfsdfasdfasdf', true, '', false, NULL, 'submitted', 'pending', NULL, '2025-08-01 07:57:09.542549+00', '2025-08-01 07:57:09.542549+00', '市场调研', '已提交', NULL, NULL, '제품 조사', NULL, NULL, NULL, NULL, NULL, NULL, NULL, NULL, NULL, NULL, false, NULL, NULL, NULL, NULL, NULL, NULL, NULL, NULL, NULL),
	('19bc81e4-3511-44c2-b574-8903efcb9e0c', 'DLSY-20250802-073927-8540', '93c87ed3-a25d-4838-acd5-6e082ed56478', '카카오1회사명', '카카오1담당자', '010-1111-1111', 'bishi2222@naver.com', 'import_agency', 'market_research', '카카오1', '카카오1', 0, true, '카카오1요청사항,카카오1요청사항카카오1요청사항카카오1요청사항', '카카오1요청사항,카카오1요청사항카카오1요청사항카카오1요청사항', true, '카카오1로고카카오1로고카카오1로고', true, '카카오1 박스', 'submitted', 'pending', NULL, '2025-08-02 07:39:27.808865+00', '2025-08-02 07:39:27.808865+00', '市场调研', '已提交', NULL, NULL, '제품 조사', NULL, NULL, NULL, NULL, NULL, NULL, NULL, NULL, NULL, NULL, false, NULL, NULL, NULL, NULL, NULL, NULL, NULL, NULL, NULL),
	('29ae9902-95c8-4018-976a-df567226c83c', 'DL-20250803-762969', '93c87ed3-a25d-4838-acd5-6e082ed56478', '6052980697', '카카오1담당자', '010-1111-1111', 'bishi2222@naver.com', 'quality_inspection', 'quality_inspection', '이어폰01', '이어폰01', 3000, false, '잘 봐주세요 ', '잘 봐주세요 ', false, NULL, false, NULL, 'submitted', 'pending', NULL, '2025-08-03 04:34:40.381481+00', '2025-08-03 04:34:40.381481+00', 'quality_inspection', '已提交', NULL, NULL, '제품 조사', 'standard', '공장1', '공장담당자1', '137-6109-2104', '송도힐스테이트 더테라스', 'already_booked', '2025-08-12', 3, NULL, NULL, false, NULL, NULL, NULL, NULL, NULL, NULL, NULL, NULL, NULL),
	('b6455c33-8dd9-4a74-92b4-8d950074d7db', 'DL-20250803-442458', '93c87ed3-a25d-4838-acd5-6e082ed56478', '카카오1회사명', '카카오1담당자', '010-1111-1111', '932200560@qq.com', 'quality_inspection', 'quality_inspection', '제품2', '제품2', 30000, false, '잘 봐주세요 2', '잘 봐주세요 2', false, NULL, false, NULL, 'submitted', 'pending', NULL, '2025-08-03 04:37:45.091494+00', '2025-08-03 04:37:45.091494+00', 'quality_inspection', '已提交', NULL, NULL, '제품 조사', 'standard', '공장2', '담당자2', '13711111111', '평냐동세종아파트', 'already_booked', '2025-08-03', 1, NULL, NULL, false, NULL, NULL, NULL, NULL, NULL, NULL, NULL, NULL, NULL),
	('50699c30-73a0-4777-8ffa-bf1ff9a72bbd', 'DL-20250803-948656', '93c87ed3-a25d-4838-acd5-6e082ed56478', '카카오1회사명', '카카오1담당자', '010-1111-1111', '932200560@qq.com', 'quality_inspection', 'quality_inspection', '제품3', '제품3', 3000, false, '잘부탁드립니다 3', '잘부탁드립니다 3', false, NULL, false, NULL, 'submitted', 'pending', NULL, '2025-08-03 04:40:28.758596+00', '2025-08-03 04:40:28.758596+00', 'quality_inspection', '已提交', NULL, NULL, '제품 조사', 'standard', '공장3', '공장담당자3', '137-6109-2104', '평냐동세종아파트', 'already_booked', '2025-08-06', 3, NULL, NULL, false, NULL, NULL, NULL, NULL, NULL, NULL, NULL, NULL, NULL),
	('c6922b69-568f-4df6-8010-698b889c2323', 'IN-20250803-807426', '93c87ed3-a25d-4838-acd5-6e082ed56478', '카카오1회사명', '카카오1담당자', '010-1111-1111', '932200560@qq.com', 'quality_inspection', 'quality_inspection', '제품4', '제품4', 3000, false, 'Error: ./src/app/inquiry/inspection/[reservationNumber]/page.tsx:38:1
', 'Error: ./src/app/inquiry/inspection/[reservationNumber]/page.tsx:38:1
', false, NULL, false, NULL, 'submitted', 'pending', NULL, '2025-08-03 04:55:12.749698+00', '2025-08-03 04:55:12.749698+00', 'quality_inspection', '已提交', NULL, NULL, '제품 조사', 'standard', '공장4', '공장담당자4', '137-6109-2104', '평냐동세종아파트', 'duly_coordination', NULL, 1, NULL, NULL, false, NULL, NULL, NULL, NULL, NULL, NULL, NULL, NULL, NULL),
	('6f953a4c-5631-4f88-9e44-d78dd883e3db', 'IN-20250804-459013', '93c87ed3-a25d-4838-acd5-6e082ed56478', '두리무역', '김두호', '010-4399-5358', 'dooho@duly.co.kr', 'quality_inspection', NULL, '이어폰', '이어폰', 5000, false, '요청 사항대로 검토 바람 ', '요청 사항대로 검토 바람 ', false, NULL, false, NULL, 'submitted', 'pending', NULL, '2025-08-04 02:54:45.897009+00', '2025-08-04 02:54:45.897009+00', NULL, '已提交', NULL, NULL, '제품 조사', 'standard', '공장1', '공장담당자1', '137-6109-2104', '송도힐스테이트 더테라스', 'already_booked', '2025-08-13', 1, NULL, NULL, false, NULL, NULL, NULL, NULL, NULL, NULL, NULL, NULL, NULL);


--
-- Data for Name: inspection_reports; Type: TABLE DATA; Schema: public; Owner: postgres
--



--
-- Data for Name: market_research_costs; Type: TABLE DATA; Schema: public; Owner: postgres
--

INSERT INTO "public"."market_research_costs" ("id", "reservation_number", "commission_rate", "commission_amount", "first_detail_cost", "shipping_method", "china_shipping_cost", "fcl_freight", "china_unit_price", "exchange_rate", "exw_total", "first_payment", "tariff", "vat", "second_payment_estimate", "total_supply_price", "unit_price", "created_at", "updated_at") VALUES
	('860bd58e-2488-4d7b-bc78-bde7a2d319ad', 'DLSY-20250801-105144-7710', 5.0, 575000, 10175000, 'LCL', 1200000, NULL, 55.0, 185.0, 10175000, 10000000, 8.0, 1093800, 3018900, 23760000, 23760, '2025-08-02 03:15:42.846408+00', '2025-08-02 03:15:42.846408+00');


--
-- Data for Name: market_research_products; Type: TABLE DATA; Schema: public; Owner: postgres
--

INSERT INTO "public"."market_research_products" ("id", "reservation_number", "product_code", "research_photos", "quoted_quantity", "work_period", "other_matters_kr", "box_length", "box_width", "box_height", "units_per_box", "total_boxes", "total_cbm", "created_at", "updated_at") VALUES
	('5a0b738f-56b0-4576-96f1-cc178b517dac', 'DLSY-20250801-105144-7710', 'EP-2025-BT5.3', NULL, 1000, '15-20일', '• 옵션: 블루투스 5.3, ANC 노이즈 캔슬링
• 색상: 블랙, 화이트, 네이비
• 규격: 이어버드 20x15x25mm, 충전케이스 60x50x30mm
• 재질: ABS 플라스틱, 실리콘 이어팁
• 기능: 터치 컨트롤, 자동 페어링, IPX4 방수
• 구성품: 이어버드 2개, 충전케이스, USB-C 케이블, 이어팁 3종', 40, 30, 20, 50, 20, 0.48, '2025-08-02 03:15:42.846408+00', '2025-08-02 03:15:42.846408+00');


--
-- Data for Name: market_research_samples; Type: TABLE DATA; Schema: public; Owner: postgres
--

INSERT INTO "public"."market_research_samples" ("id", "reservation_number", "sample_available", "sample_unit_price", "sample_order_qty", "sample_weight", "sample_make_time", "sample_price", "hs_code", "certification_required", "cert_cost", "created_at", "updated_at") VALUES
	('37788338-0611-49cb-8754-4546069e8446', 'DLSY-20250801-105144-7710', true, 15000, 5, 0.15, '3-5일', 75000, '8518.30.00', true, 5000000, '2025-08-02 03:15:42.846408+00', '2025-08-02 03:15:42.846408+00');


--
-- Data for Name: market_research_suppliers; Type: TABLE DATA; Schema: public; Owner: postgres
--

INSERT INTO "public"."market_research_suppliers" ("id", "reservation_number", "supplier_name", "contact_phone", "contact_person", "company_scale", "registered_capital", "registered_address", "industry_kr", "company_status", "legal_type_kr", "company_size_kr", "established_date", "business_scope_kr", "created_at", "updated_at") VALUES
	('e785664b-f1de-4517-a660-d3b74ff04155', 'DLSY-20250801-105144-7710', '선전 하이테크 이어폰 유한공사', '+86-755-8888-9999', '왕젠민 (王建民)', '대기업', '5000만 위안', '광동성 선전시 난산구 하이테크파크 3동 501호', '전자제품 제조업', '정상영업', '유한책임회사', '500-1000명', '2015-03-15', '이어폰, 헤드폰, 음향기기 설계, 개발, 생산 및 판매; 전자부품 도소매; 기술 수출입 업무', '2025-08-02 03:15:42.846408+00', '2025-08-02 03:15:42.846408+00');


--
-- Data for Name: price_calculations; Type: TABLE DATA; Schema: public; Owner: postgres
--



--
-- Data for Name: process_logs; Type: TABLE DATA; Schema: public; Owner: postgres
--



--
-- Data for Name: purchasing_orders; Type: TABLE DATA; Schema: public; Owner: postgres
--



--
-- Data for Name: purchase_items; Type: TABLE DATA; Schema: public; Owner: postgres
--



--
-- Data for Name: sample_orders; Type: TABLE DATA; Schema: public; Owner: postgres
--

INSERT INTO "public"."sample_orders" ("id", "order_id", "research_id", "supplier_name", "supplier_contact", "supplier_phone", "sample_making_cost", "total_sample_cost", "shipping_cost", "shipping_method", "sample_receive_address", "receiver_name", "receiver_phone", "factory_sample_invoice", "factory_delivery_tracking", "gz_sample_invoice_number", "gz_delivery_tracking", "international_tracking", "sample_status", "received_at", "evaluation_result", "created_at", "updated_at", "customs_clearance_type", "customs_clearance_number", "sample_items", "sample_weight", "sample_photos", "requirements", "reference_files", "customs_duty", "exchange_rate", "total_krw", "received_date", "received_confirm", "quality_rating", "feedback_comments", "improvement_request", "bulk_order_interest", "additional_sample_request") VALUES
	('00d965cd-377c-47aa-ae28-121d161d14ce', '5cf753ee-ce1f-47c5-b5db-bcd5ef3584fe', NULL, NULL, NULL, NULL, NULL, NULL, NULL, '항공', '서울시 강남구 테헤란로 123 테스트빌딩 5층', '박수령', '010-9876-5432', NULL, NULL, NULL, NULL, NULL, 'pending', NULL, NULL, '2025-08-03 07:18:50.775+00', '2025-08-03 07:18:50.791865+00', 'business', '123-45-67890', '[{"quantity": 5, "productName": "테스트 샘플 제품", "specifications": "10cm x 10cm, 파란색"}]', NULL, NULL, '샘플링 테스트입니다. 빠른 처리 부탁드립니다.', NULL, NULL, NULL, NULL, NULL, false, NULL, NULL, NULL, false, false),
	('a7599f6a-b4cb-43fa-8820-f3098fa5f635', 'e095e684-ebd3-48eb-88a4-54eabebdcb6b', NULL, NULL, NULL, NULL, NULL, NULL, NULL, '항공', '서울시 강남구 테스트동 123-45', '홍길동', '010-1234-5678', NULL, NULL, NULL, NULL, NULL, 'pending', NULL, NULL, '2025-08-03 09:21:01.392+00', '2025-08-03 09:21:01.350846+00', 'business', '123-45-67890', '[{"quantity": 5, "productName": "테스트 샘플 제품", "specifications": ""}]', NULL, NULL, NULL, '[]', NULL, NULL, NULL, NULL, false, NULL, NULL, NULL, false, false),
	('e4d27853-da20-40ec-bf3e-602662bc9767', 'c3f816e4-9975-46f4-bf80-54825ee60cb4', NULL, 'USB 제조공장', '李经理', '+86-234-5678-9000', NULL, 150000.00, NULL, '항공', '서울시 강남구 테헤란로 123', '박민수', '010-3456-7890', NULL, NULL, NULL, NULL, NULL, 'pending', NULL, NULL, '2025-08-04 16:05:34.145711+00', '2025-08-04 16:05:34.145711+00', NULL, NULL, '[{"quantity": 10, "product_name": "USB 케이블", "specifications": "Type-C, 1m"}]', NULL, NULL, '빠른 배송 부탁드립니다', NULL, NULL, NULL, NULL, NULL, false, NULL, NULL, NULL, false, false),
	('9760de61-9429-49ef-be40-fb912d3945d1', 'e5c18e15-4d35-46f2-ab92-e7f68633478d', NULL, '광저우 샘플 공급업체', '장씨', NULL, NULL, 150000.00, NULL, '해운', NULL, NULL, NULL, NULL, NULL, NULL, NULL, NULL, 'submitted', NULL, NULL, '2025-08-04 22:47:55.966057+00', '2025-08-04 22:47:55.966057+00', NULL, NULL, '[{"weight": 2.5, "quantity": 50, "unit_price": 3000, "product_name": "USB 충전케이블", "specifications": "Type-C, 1.5m"}]', NULL, NULL, '빠른 배송 부탁드립니다.', NULL, NULL, NULL, NULL, NULL, false, NULL, NULL, NULL, false, false);


--
-- Data for Name: sample_items; Type: TABLE DATA; Schema: public; Owner: postgres
--



--
-- Data for Name: sampling_orders; Type: TABLE DATA; Schema: public; Owner: postgres
--

INSERT INTO "public"."sampling_orders" ("id", "reservation_number", "user_id", "market_research_id", "product_name", "product_name_chinese", "sample_quantity", "requirements", "request_files", "shipping_method", "customs_type", "personal_name", "personal_customs_code", "business_name", "business_number", "korea_shipping_address", "korea_receiver_name", "korea_receiver_phone", "china_address", "china_receiver_name", "china_receiver_phone", "status", "payment_status", "tracking_number", "sample_cost", "service_fee", "total_amount", "created_at", "updated_at", "paid_at", "shipped_at", "subtotal", "vat") VALUES
	('5123e568-d10e-4afc-b624-eabad8f8e7d9', 'DLSP-20250804-222222-0001', '93c87ed3-a25d-4838-acd5-6e082ed56478', 'fc35ff25-b9f6-49ba-bca7-e415a021f251', '스마트 워치 샘플', NULL, 10, '포장 박스 포함 필요', '[]', '협력업체', '개인통관', NULL, NULL, NULL, NULL, '서울시 강남구 테헤란로 123', '김테스트', '010-1111-2222', NULL, NULL, NULL, '결제대기', 'pending', NULL, NULL, NULL, NULL, '2025-08-04 14:52:52.96338+00', '2025-08-04 14:52:52.96338+00', NULL, NULL, NULL, NULL);


--
-- Data for Name: shipping_addresses; Type: TABLE DATA; Schema: public; Owner: postgres
--

INSERT INTO "public"."shipping_addresses" ("id", "user_id", "address_name", "shipping_address", "receiver_name", "receiver_phone", "customs_clearance_type", "customs_clearance_number", "is_default", "created_at", "updated_at") VALUES
	('ee12c81a-9f05-40a7-98a2-df80ad820c8e', '93c87ed3-a25d-4838-acd5-6e082ed56478', '집', '송도힐스테이트 더테라스', '김두호', '01043995358', 'business', '605-29-80697', true, '2025-08-04 01:52:57.055259+00', '2025-08-04 01:52:57.055259+00'),
	('8917c906-03f9-4685-8c36-87281158f947', '93c87ed3-a25d-4838-acd5-6e082ed56478', '집', '평냐동세종아파트
101동601호', '김두호', '01043995358', 'business', '605-29-80697', false, '2025-08-04 01:53:28.397467+00', '2025-08-04 01:53:28.397467+00');


--
-- Data for Name: shipping_agency_orders; Type: TABLE DATA; Schema: public; Owner: postgres
--



--
-- Data for Name: shipping_items; Type: TABLE DATA; Schema: public; Owner: postgres
--



--
-- Data for Name: uploaded_files; Type: TABLE DATA; Schema: public; Owner: postgres
--

INSERT INTO "public"."uploaded_files" ("id", "order_id", "uploaded_by", "original_filename", "file_path", "file_size", "file_type", "mime_type", "upload_purpose", "metadata", "is_deleted", "deleted_at", "created_at", "reservation_number", "upload_type", "upload_status", "file_url", "upload_category") VALUES
	('f2f7ee69-9db3-4bed-9767-5dfdbbfe6882', NULL, 'f75cf441-dcfa-42ba-92b9-d621fd0d9241', 'KakaoTalk_20250224_142402967.jpg', 'DLSY-20250801-075709-4806/product/1754035029983_8f8k4.jpg', 739843, 'jpg', 'image/jpeg', 'application', '{}', false, NULL, '2025-08-01 07:57:10.634+00', 'DLSY-20250801-075709-4806', NULL, 'completed', 'https://fzpyfzpmwyvqumvftfbr.supabase.co/storage/v1/object/public/application-files/DLSY-20250801-075709-4806/product/1754035029983_8f8k4.jpg', 'product'),
	('53d7adac-2ae7-4ede-8ca0-adb7ef3026cd', NULL, 'f75cf441-dcfa-42ba-92b9-d621fd0d9241', 'KakaoTalk_20250224_142402967.jpg', 'DLSY-20250801-075709-4806/logo/1754035030986_ulidyj.jpg', 739843, 'jpg', 'image/jpeg', 'application', '{}', false, NULL, '2025-08-01 07:57:11.36+00', 'DLSY-20250801-075709-4806', NULL, 'completed', 'https://fzpyfzpmwyvqumvftfbr.supabase.co/storage/v1/object/public/application-files/DLSY-20250801-075709-4806/logo/1754035030986_ulidyj.jpg', 'logo'),
	('9a19f2ad-25da-436a-bd29-f84a8de7332c', NULL, '93c87ed3-a25d-4838-acd5-6e082ed56478', 'KakaoTalk_20250219_165535828.jpg', 'DLSY-20250801-105144-7710/product/1754045505717_4oh0im.jpg', 896682, 'jpg', 'image/jpeg', 'application', '{}', false, NULL, '2025-08-01 10:51:46.442+00', 'DLSY-20250801-105144-7710', NULL, 'completed', 'https://fzpyfzpmwyvqumvftfbr.supabase.co/storage/v1/object/public/application-files/DLSY-20250801-105144-7710/product/1754045505717_4oh0im.jpg', 'product'),
	('bd482f7b-bb5c-4814-8b57-7dc785f1bc97', NULL, '93c87ed3-a25d-4838-acd5-6e082ed56478', 'KakaoTalk_20250219_165535828.jpg', 'DLSY-20250801-105144-7710/logo/1754045506837_xgigi.jpg', 896682, 'jpg', 'image/jpeg', 'application', '{}', false, NULL, '2025-08-01 10:51:47.204+00', 'DLSY-20250801-105144-7710', NULL, 'completed', 'https://fzpyfzpmwyvqumvftfbr.supabase.co/storage/v1/object/public/application-files/DLSY-20250801-105144-7710/logo/1754045506837_xgigi.jpg', 'logo'),
	('be2dfb12-dd0a-4caa-9958-524aa7572fd0', NULL, '679f6121-660a-44a7-a8c9-a76ca661c052', '微信图片_20250801144527.jpg', 'DLSY-20250802-073927-8540/product/1754120370320_vkko0g.jpg', 410887, 'jpg', 'image/jpeg', 'application', '{}', false, NULL, '2025-08-02 07:39:30.955+00', 'DLSY-20250802-073927-8540', NULL, 'completed', 'https://fzpyfzpmwyvqumvftfbr.supabase.co/storage/v1/object/public/application-files/DLSY-20250802-073927-8540/product/1754120370320_vkko0g.jpg', 'product'),
	('37a8ec68-7911-48b6-a1da-6a09e24aeb9a', NULL, '679f6121-660a-44a7-a8c9-a76ca661c052', '微信图片_20250730010922.png', 'DLSY-20250802-073927-8540/product/1754120371327_147s8p.png', 128018, 'png', 'image/png', 'application', '{}', false, NULL, '2025-08-02 07:39:31.629+00', 'DLSY-20250802-073927-8540', NULL, 'completed', 'https://fzpyfzpmwyvqumvftfbr.supabase.co/storage/v1/object/public/application-files/DLSY-20250802-073927-8540/product/1754120371327_147s8p.png', 'product'),
	('527dad88-8dd0-4f93-ad7a-25c75ffb83bb', NULL, '679f6121-660a-44a7-a8c9-a76ca661c052', '微信图片_20250729233707.png', 'DLSY-20250802-073927-8540/logo/1754120371979_s42b3.png', 526506, 'png', 'image/png', 'application', '{}', false, NULL, '2025-08-02 07:39:32.368+00', 'DLSY-20250802-073927-8540', NULL, 'completed', 'https://fzpyfzpmwyvqumvftfbr.supabase.co/storage/v1/object/public/application-files/DLSY-20250802-073927-8540/logo/1754120371979_s42b3.png', 'logo'),
	('21dd5d9f-4ef0-4df7-8beb-bc6f2698f531', NULL, '679f6121-660a-44a7-a8c9-a76ca661c052', '두리무역 견적서 20250729022632.docx.pdf', 'DLSY-20250802-073927-8540/logo/1754120372733_i0h3se.pdf', 238818, 'pdf', 'application/pdf', 'application', '{}', false, NULL, '2025-08-02 07:39:33.139+00', 'DLSY-20250802-073927-8540', NULL, 'completed', 'https://fzpyfzpmwyvqumvftfbr.supabase.co/storage/v1/object/public/application-files/DLSY-20250802-073927-8540/logo/1754120372733_i0h3se.pdf', 'logo'),
	('2400bddf-7aa6-4e82-8dba-65f2cf3dd9a9', NULL, '679f6121-660a-44a7-a8c9-a76ca661c052', '두리무역 견적서 20250729022632.docx.pdf', 'DLSY-20250802-073927-8540/box_design/1754120373519_uui9l.pdf', 238818, 'pdf', 'application/pdf', 'application', '{}', false, NULL, '2025-08-02 07:39:33.827+00', 'DLSY-20250802-073927-8540', NULL, 'completed', 'https://fzpyfzpmwyvqumvftfbr.supabase.co/storage/v1/object/public/application-files/DLSY-20250802-073927-8540/box_design/1754120373519_uui9l.pdf', 'box_design'),
	('0b1e11e7-b107-49d3-ba78-e0f19c793b8e', NULL, '679f6121-660a-44a7-a8c9-a76ca661c052', 'SK브로드밴드이용계약서_扫描版.pdf', 'DL-20250803-442458/inspection_request/1754195866543_z0mrij.pdf', 2342800, 'pdf', 'application/pdf', 'application', '{}', false, NULL, '2025-08-03 04:37:47.18+00', 'DL-20250803-442458', NULL, 'completed', 'https://fzpyfzpmwyvqumvftfbr.supabase.co/storage/v1/object/public/application-files/DL-20250803-442458/inspection_request/1754195866543_z0mrij.pdf', 'inspection_request'),
	('9d9c925e-ba82-47cc-9dac-77c331ad554f', NULL, '93c87ed3-a25d-4838-acd5-6e082ed56478', '微信图片_20250801144527.jpg', 'DLSY-20250803-061718-4187/product/1754201839991_9lbmeg.jpg', 410887, 'jpg', 'image/jpeg', 'application', '{}', false, NULL, '2025-08-03 06:17:20.602+00', 'DLSY-20250803-061718-4187', NULL, 'completed', 'https://fzpyfzpmwyvqumvftfbr.supabase.co/storage/v1/object/public/application-files/DLSY-20250803-061718-4187/product/1754201839991_9lbmeg.jpg', 'product'),
	('4d990b2d-7452-4262-813b-ec44f7920bc5', NULL, 'f75cf441-dcfa-42ba-92b9-d621fd0d9241', '두리무역 견적서 20250729022632.docx.pdf', 'IN-20250804-400899/inspection_request/1754276058795_8eavta.pdf', 238818, 'pdf', 'application/pdf', 'application', '{}', false, NULL, '2025-08-04 02:54:19.301+00', 'IN-20250804-400899', NULL, 'completed', 'https://fzpyfzpmwyvqumvftfbr.supabase.co/storage/v1/object/public/application-files/IN-20250804-400899/inspection_request/1754276058795_8eavta.pdf', 'inspection_request'),
	('9133d1f6-9d11-4f79-9b68-5c6a3941f674', NULL, 'f75cf441-dcfa-42ba-92b9-d621fd0d9241', '두리무역 견적서 20250729022632.docx.pdf', 'IN-20250804-459013/inspection_request/1754276093341_ut599x.pdf', 238818, 'pdf', 'application/pdf', 'application', '{}', false, NULL, '2025-08-04 02:54:53.789+00', 'IN-20250804-459013', NULL, 'completed', 'https://fzpyfzpmwyvqumvftfbr.supabase.co/storage/v1/object/public/application-files/IN-20250804-459013/inspection_request/1754276093341_ut599x.pdf', 'inspection_request'),
	('b9f4f009-0c77-4dd9-a0ab-efdd52e480d2', NULL, 'f75cf441-dcfa-42ba-92b9-d621fd0d9241', 'KakaoTalk_20250219_165535828.jpg', 'DLSY-20250804-044843-3156/product/1754282927019_3xacr.jpg', 896682, 'jpg', 'image/jpeg', 'application', '{}', false, NULL, '2025-08-04 04:48:47.783+00', 'DLSY-20250804-044843-3156', NULL, 'completed', 'https://fzpyfzpmwyvqumvftfbr.supabase.co/storage/v1/object/public/application-files/DLSY-20250804-044843-3156/product/1754282927019_3xacr.jpg', 'product'),
	('57f956b7-acac-41f5-a771-9d011a7e643f', NULL, '93c87ed3-a25d-4838-acd5-6e082ed56478', '微信图片_20250801144527.jpg', 'DLSY-20250804-054419-0926/product/1754286261655_sdtgf7.jpg', 410887, 'jpg', 'image/jpeg', 'application', '{}', false, NULL, '2025-08-04 05:44:22.382+00', 'DLSY-20250804-054419-0926', NULL, 'completed', 'https://fzpyfzpmwyvqumvftfbr.supabase.co/storage/v1/object/public/application-files/DLSY-20250804-054419-0926/product/1754286261655_sdtgf7.jpg', 'product');


--
-- Data for Name: user_profiles; Type: TABLE DATA; Schema: public; Owner: postgres
--

INSERT INTO "public"."user_profiles" ("user_id", "role", "company_name", "company_name_chinese", "business_number", "contact_person", "phone", "department", "position", "customer_type", "personal_customs_code", "virtual_account", "approval_status", "approved_by", "approved_at", "language_preference", "notification_enabled", "created_at", "updated_at", "provider", "provider_id", "avatar_url", "full_name", "terms_accepted_at", "privacy_accepted_at", "marketing_accepted_at", "customs_type", "default_shipping_address", "default_receiver_name", "default_receiver_phone", "tax_company_name", "tax_registration_number", "tax_representative", "tax_address", "tax_business_type", "tax_business_item", "tax_email", "tax_phone", "tax_fax") VALUES
	('63267831-49b4-4464-a2b6-159d7127a1ca', 'chinese_staff', 'Duly Trading', '杜立贸易', NULL, '李明', '+86-138-1234-5678', NULL, NULL, NULL, NULL, NULL, 'approved', NULL, NULL, 'zh', true, '2025-08-04 23:34:43.794568+00', '2025-08-04 23:34:43.794568+00', 'email', NULL, NULL, NULL, NULL, NULL, NULL, NULL, NULL, NULL, NULL, NULL, NULL, NULL, NULL, NULL, NULL, NULL, NULL, NULL),
	('93c87ed3-a25d-4838-acd5-6e082ed56478', 'customer', '두리무역', NULL, NULL, '김두호', '010-4399-5358', NULL, NULL, NULL, NULL, NULL, 'approved', NULL, NULL, 'ko', true, '2025-08-03 07:17:53.566036+00', '2025-08-05 01:13:29.96062+00', 'email', NULL, NULL, NULL, NULL, NULL, NULL, NULL, NULL, NULL, NULL, NULL, NULL, NULL, NULL, NULL, NULL, NULL, NULL, NULL);


--
-- Data for Name: user_shipping_addresses; Type: TABLE DATA; Schema: public; Owner: postgres
--



--
-- Data for Name: workflow_events; Type: TABLE DATA; Schema: public; Owner: postgres
--



--
-- Data for Name: buckets; Type: TABLE DATA; Schema: storage; Owner: supabase_storage_admin
--

INSERT INTO "storage"."buckets" ("id", "name", "owner", "created_at", "updated_at", "public", "avif_autodetection", "file_size_limit", "allowed_mime_types", "owner_id", "type") VALUES
	('applications', 'applications', NULL, '2025-07-28 13:14:32.047193+00', '2025-07-28 13:14:32.047193+00', true, false, 52428800, '{image/jpeg,image/png,image/gif,image/webp,application/pdf,application/msword,application/vnd.openxmlformats-officedocument.wordprocessingml.document,application/vnd.ms-excel,application/vnd.openxmlformats-officedocument.spreadsheetml.sheet,application/vnd.ms-powerpoint,application/vnd.openxmlformats-officedocument.presentationml.presentation,application/postscript,application/illustrator,image/svg+xml,application/x-photoshop,image/vnd.adobe.photoshop,application/octet-stream}', NULL, 'STANDARD'),
	('inspection-files', 'inspection-files', NULL, '2025-08-01 04:57:00.831952+00', '2025-08-01 04:57:00.831952+00', false, false, 10485760, '{image/jpeg,image/png,image/gif,application/pdf}', NULL, 'STANDARD'),
	('application-files', 'application-files', NULL, '2025-08-01 07:02:59.045884+00', '2025-08-01 07:02:59.045884+00', true, false, 10485760, '{image/jpeg,image/png,image/gif,image/webp,application/pdf}', NULL, 'STANDARD');


--
-- Data for Name: buckets_analytics; Type: TABLE DATA; Schema: storage; Owner: supabase_storage_admin
--



--
-- Data for Name: objects; Type: TABLE DATA; Schema: storage; Owner: supabase_storage_admin
--

INSERT INTO "storage"."objects" ("id", "bucket_id", "name", "owner", "created_at", "updated_at", "last_accessed_at", "metadata", "version", "owner_id", "user_metadata", "level") VALUES
	('720259e8-cf37-476b-9d3c-8b101189c8f5', 'applications', 'DLSY-20250728-221836/photos/1753708717111_0_thumbnail_tips_cool (3).png', 'c2942a81-1563-4150-99f8-ab6435e7b47b', '2025-07-28 13:18:38.069015+00', '2025-07-28 13:18:38.069015+00', '2025-07-28 13:18:38.069015+00', '{"eTag": "\"ee4ff6031c900d1cc0081adbde0e3e7f\"", "size": 1939388, "mimetype": "image/png", "cacheControl": "max-age=3600", "lastModified": "2025-07-28T13:18:38.000Z", "contentLength": 1939388, "httpStatusCode": 200}', '71a2c340-f255-4fa1-a822-796e16e6de0b', 'c2942a81-1563-4150-99f8-ab6435e7b47b', '{}', 3),
	('7f7672d4-0734-4847-8880-11d339d8275b', 'applications', 'DLSY-20250728-221836/photos/1753708718317_1_CI.jpg', 'c2942a81-1563-4150-99f8-ab6435e7b47b', '2025-07-28 13:18:38.486657+00', '2025-07-28 13:18:38.486657+00', '2025-07-28 13:18:38.486657+00', '{"eTag": "\"5368515b39bf8a6ab221499281499706\"", "size": 260480, "mimetype": "image/jpeg", "cacheControl": "max-age=3600", "lastModified": "2025-07-28T13:18:39.000Z", "contentLength": 260480, "httpStatusCode": 200}', 'fce795ea-3d6b-4c9e-9c21-2d5ef5f06da9', 'c2942a81-1563-4150-99f8-ab6435e7b47b', '{}', 3),
	('66767d64-b8d6-4fcd-b968-d0db118be0ab', 'applications', 'DLSY-20250728-221836/logo/1753708718734_0_security_20250528 (1) (2).pdf', 'c2942a81-1563-4150-99f8-ab6435e7b47b', '2025-07-28 13:18:38.891303+00', '2025-07-28 13:18:38.891303+00', '2025-07-28 13:18:38.891303+00', '{"eTag": "\"908783e6809f3e1fd657fab608697576\"", "size": 152269, "mimetype": "application/pdf", "cacheControl": "max-age=3600", "lastModified": "2025-07-28T13:18:39.000Z", "contentLength": 152269, "httpStatusCode": 200}', '11f1c2af-2c97-4258-a158-2a438a568f9e', 'c2942a81-1563-4150-99f8-ab6435e7b47b', '{}', 3),
	('48ea3db0-f35a-402c-84e3-cd40c83e2ea7', 'applications', 'DLSY-20250728-224027/photos/1753710027570_0_1753708717111_0_thumbnail_tips_cool (3).png', 'c2942a81-1563-4150-99f8-ab6435e7b47b', '2025-07-28 13:40:28.511871+00', '2025-07-28 13:40:28.511871+00', '2025-07-28 13:40:28.511871+00', '{"eTag": "\"ee4ff6031c900d1cc0081adbde0e3e7f\"", "size": 1939388, "mimetype": "image/png", "cacheControl": "max-age=3600", "lastModified": "2025-07-28T13:40:29.000Z", "contentLength": 1939388, "httpStatusCode": 200}', '02ab4bc2-3387-482c-8e20-9aa9f38cde4f', 'c2942a81-1563-4150-99f8-ab6435e7b47b', '{}', 3),
	('8f178d6e-f8e3-400e-b69b-5e7a034efb21', 'applications', 'DLSY-20250728-224027/photos/1753710028760_1_CO.jpg', 'c2942a81-1563-4150-99f8-ab6435e7b47b', '2025-07-28 13:40:28.885709+00', '2025-07-28 13:40:28.885709+00', '2025-07-28 13:40:28.885709+00', '{"eTag": "\"ff643da8294e7361c8fd57764d7b355f\"", "size": 712303, "mimetype": "image/jpeg", "cacheControl": "max-age=3600", "lastModified": "2025-07-28T13:40:29.000Z", "contentLength": 712303, "httpStatusCode": 200}', '5411676d-7b42-424a-82d3-faeb338605bb', 'c2942a81-1563-4150-99f8-ab6435e7b47b', '{}', 3),
	('ff736ac5-a385-40e0-a330-c9954086f7b1', 'applications', 'DLSY-20250728-224027/logo/1753710029129_0_', 'c2942a81-1563-4150-99f8-ab6435e7b47b', '2025-07-28 13:40:29.186581+00', '2025-07-28 13:40:29.186581+00', '2025-07-28 13:40:29.186581+00', '{"eTag": "\"e0293d7aa815451cca0188c04ce9dd90\"", "size": 121138, "mimetype": "application/pdf", "cacheControl": "max-age=3600", "lastModified": "2025-07-28T13:40:30.000Z", "contentLength": 121138, "httpStatusCode": 200}', '9b77c3d9-625a-48d3-a55c-fe22a1e90b0c', 'c2942a81-1563-4150-99f8-ab6435e7b47b', '{}', 3),
	('006ed1c6-35be-4000-89fb-12eaee4eb070', 'applications', 'DLSY-20250728-233303/photos/1753713183734_0_test-product-1.png', 'c2942a81-1563-4150-99f8-ab6435e7b47b', '2025-07-28 14:33:03.772098+00', '2025-07-28 14:33:03.772098+00', '2025-07-28 14:33:03.772098+00', '{"eTag": "\"4ee39710123fc1803183a2bb8494da2f\"", "size": 71, "mimetype": "image/png", "cacheControl": "max-age=3600", "lastModified": "2025-07-28T14:33:04.000Z", "contentLength": 71, "httpStatusCode": 200}', '318e39b4-98b0-4dd8-9489-147324a75721', 'c2942a81-1563-4150-99f8-ab6435e7b47b', '{}', 3),
	('5c86b2cc-9c0a-4420-910a-46b193998422', 'applications', 'DLSY-20250728-233303/photos/1753713184012_1_test-product-2.png', 'c2942a81-1563-4150-99f8-ab6435e7b47b', '2025-07-28 14:33:04.079917+00', '2025-07-28 14:33:04.079917+00', '2025-07-28 14:33:04.079917+00', '{"eTag": "\"4ee39710123fc1803183a2bb8494da2f\"", "size": 71, "mimetype": "image/png", "cacheControl": "max-age=3600", "lastModified": "2025-07-28T14:33:05.000Z", "contentLength": 71, "httpStatusCode": 200}', '8c524990-5e12-4793-9394-0ec598f3a726', 'c2942a81-1563-4150-99f8-ab6435e7b47b', '{}', 3),
	('09ca1569-d76f-4cd9-ba34-879252134563', 'applications', 'DLSY-20250729-000344/photos/photo_1753715024612_0.png', NULL, '2025-07-28 15:03:44.75294+00', '2025-07-28 15:03:44.75294+00', '2025-07-28 15:03:44.75294+00', '{"eTag": "\"6703754b7f407b993546fb1aad06a439\"", "size": 35141, "mimetype": "image/png", "cacheControl": "max-age=3600", "lastModified": "2025-07-28T15:03:45.000Z", "contentLength": 35141, "httpStatusCode": 200}', '2d055f2d-d7fc-4864-8a70-d9a9edc9be19', NULL, '{}', 3),
	('088a8356-9dea-4880-8760-12e480d6bc36', 'applications', 'DLSY-20250729-000344/photos/photo_1753715025016_1.png', NULL, '2025-07-28 15:03:45.115457+00', '2025-07-28 15:03:45.115457+00', '2025-07-28 15:03:45.115457+00', '{"eTag": "\"b9934b38d9284dc8e0c7d11b288652b7\"", "size": 13701, "mimetype": "image/png", "cacheControl": "max-age=3600", "lastModified": "2025-07-28T15:03:46.000Z", "contentLength": 13701, "httpStatusCode": 200}', 'c92f400a-88f0-4c11-9cc5-c518a607c92a', NULL, '{}', 3),
	('a938e459-af88-40bf-82df-0820debda433', 'applications', 'DLSY-20250729-000344/photos/photo_1753715025354_2.png', NULL, '2025-07-28 15:03:45.460092+00', '2025-07-28 15:03:45.460092+00', '2025-07-28 15:03:45.460092+00', '{"eTag": "\"51893682b51340a5275874dba3ae6c60\"", "size": 52179, "mimetype": "image/png", "cacheControl": "max-age=3600", "lastModified": "2025-07-28T15:03:46.000Z", "contentLength": 52179, "httpStatusCode": 200}', '70628f15-9a26-450a-9509-77d10681313e', NULL, '{}', 3),
	('7d4fc18a-fb3e-42e2-87a1-828f0f346e31', 'applications', 'DLSY-20250729-000344/photos/photo_1753715025688_3.png', NULL, '2025-07-28 15:03:45.690056+00', '2025-07-28 15:03:45.690056+00', '2025-07-28 15:03:45.690056+00', '{"eTag": "\"4ee39710123fc1803183a2bb8494da2f\"", "size": 71, "mimetype": "image/png", "cacheControl": "max-age=3600", "lastModified": "2025-07-28T15:03:46.000Z", "contentLength": 71, "httpStatusCode": 200}', 'd2594c25-7180-4963-b241-363bd916bc99', NULL, '{}', 3),
	('99a919f5-d6ba-4418-8c1d-726ea60de94f', 'applications', 'DLSY-20250729-003816/photos/photo_1753717096708_0.jpg', NULL, '2025-07-28 15:38:17.342397+00', '2025-07-28 15:38:17.342397+00', '2025-07-28 15:38:17.342397+00', '{"eTag": "\"b0a79fa03d747470ba973a45825c5249\"", "size": 896682, "mimetype": "image/jpeg", "cacheControl": "max-age=3600", "lastModified": "2025-07-28T15:38:18.000Z", "contentLength": 896682, "httpStatusCode": 200}', 'a3ac3a33-0098-4788-a32a-b499cf2b2f21', NULL, '{}', 3),
	('ced26bd5-d1ea-41f5-8cc8-263bb196ff21', 'applications', 'DLSY-20250729-100341/photos/photo_1753751021439_0.jpg', NULL, '2025-07-29 01:03:42.12498+00', '2025-07-29 01:03:42.12498+00', '2025-07-29 01:03:42.12498+00', '{"eTag": "\"b0a79fa03d747470ba973a45825c5249\"", "size": 896682, "mimetype": "image/jpeg", "cacheControl": "max-age=3600", "lastModified": "2025-07-29T01:03:43.000Z", "contentLength": 896682, "httpStatusCode": 200}', '282ff6ec-0f29-4c77-a8e9-6906f6f493e8', NULL, '{}', 3),
	('8f9917b4-2d4a-4cd8-9439-897a7f93d56e', 'applications', 'DLSY-20250729-113030/photos/photo_1753756231143_0.jpg', NULL, '2025-07-29 02:30:31.895848+00', '2025-07-29 02:30:31.895848+00', '2025-07-29 02:30:31.895848+00', '{"eTag": "\"b0a79fa03d747470ba973a45825c5249\"", "size": 896682, "mimetype": "image/jpeg", "cacheControl": "max-age=3600", "lastModified": "2025-07-29T02:30:32.000Z", "contentLength": 896682, "httpStatusCode": 200}', 'ae81f3da-980d-439c-b9be-da087b45833b', NULL, '{}', 3),
	('de18428a-8c54-42cf-868e-ffefeeae635f', 'applications', 'DLSY-20250729-113449/photos/photo_1753756489681_0.jpg', NULL, '2025-07-29 02:34:50.445393+00', '2025-07-29 02:34:50.445393+00', '2025-07-29 02:34:50.445393+00', '{"eTag": "\"2f31214f6a27e58f27253a576d13d28b\"", "size": 739843, "mimetype": "image/jpeg", "cacheControl": "max-age=3600", "lastModified": "2025-07-29T02:34:51.000Z", "contentLength": 739843, "httpStatusCode": 200}', '5a921d6c-13d7-4cf0-97bd-339460a38f29', NULL, '{}', 3),
	('bf95b02b-7eab-43bb-a25c-7c19bc1b91a2', 'applications', 'DLSY-20250729-114225/photos/photo_1753756945643_0.jpg', NULL, '2025-07-29 02:42:26.189347+00', '2025-07-29 02:42:26.189347+00', '2025-07-29 02:42:26.189347+00', '{"eTag": "\"2f31214f6a27e58f27253a576d13d28b\"", "size": 739843, "mimetype": "image/jpeg", "cacheControl": "max-age=3600", "lastModified": "2025-07-29T02:42:27.000Z", "contentLength": 739843, "httpStatusCode": 200}', 'a7620d3d-f552-4760-990d-c2b554696968', NULL, '{}', 3),
	('25250d59-5334-4151-883b-d11c07800bd8', 'applications', 'request_files/1753758850559_0_KakaoTalk_20250224_142402967.jpg', 'c2942a81-1563-4150-99f8-ab6435e7b47b', '2025-07-29 03:14:11.778186+00', '2025-07-29 03:14:11.778186+00', '2025-07-29 03:14:11.778186+00', '{"eTag": "\"2f31214f6a27e58f27253a576d13d28b\"", "size": 739843, "mimetype": "image/jpeg", "cacheControl": "max-age=3600", "lastModified": "2025-07-29T03:14:12.000Z", "contentLength": 739843, "httpStatusCode": 200}', '58be7985-8f48-4bd5-bb41-609d4e2ec329', 'c2942a81-1563-4150-99f8-ab6435e7b47b', '{}', 2),
	('ab21634b-ecdb-4d66-b258-3611a3b53fe2', 'applications', 'request_files/1753760933418_0_KakaoTalk_20250219_165535828.jpg', 'c2942a81-1563-4150-99f8-ab6435e7b47b', '2025-07-29 03:48:54.810271+00', '2025-07-29 03:48:54.810271+00', '2025-07-29 03:48:54.810271+00', '{"eTag": "\"b0a79fa03d747470ba973a45825c5249\"", "size": 896682, "mimetype": "image/jpeg", "cacheControl": "max-age=3600", "lastModified": "2025-07-29T03:48:55.000Z", "contentLength": 896682, "httpStatusCode": 200}', '4c8e9683-d912-43df-9583-1747ea89adb3', 'c2942a81-1563-4150-99f8-ab6435e7b47b', '{}', 2),
	('04930e51-3955-484a-bf3f-2fe43bf3108f', 'applications', 'request_files/1753760950603_0_1753708717111_0_thumbnail_tips_cool (3).png', 'c2942a81-1563-4150-99f8-ab6435e7b47b', '2025-07-29 03:49:13.074186+00', '2025-07-29 03:49:13.074186+00', '2025-07-29 03:49:13.074186+00', '{"eTag": "\"ee4ff6031c900d1cc0081adbde0e3e7f\"", "size": 1939388, "mimetype": "image/png", "cacheControl": "max-age=3600", "lastModified": "2025-07-29T03:49:13.000Z", "contentLength": 1939388, "httpStatusCode": 200}', '026618d2-c2a5-4e84-84a4-3e49fc6ddf2f', 'c2942a81-1563-4150-99f8-ab6435e7b47b', '{}', 2),
	('fdd3223b-b969-4d68-9e8a-b855743c69a1', 'applications', 'request_files/1753761532676_0_1753708717111_0_thumbnail_tips_cool (3).png', 'c2942a81-1563-4150-99f8-ab6435e7b47b', '2025-07-29 03:58:55.857838+00', '2025-07-29 03:58:55.857838+00', '2025-07-29 03:58:55.857838+00', '{"eTag": "\"ee4ff6031c900d1cc0081adbde0e3e7f\"", "size": 1939388, "mimetype": "image/png", "cacheControl": "max-age=3600", "lastModified": "2025-07-29T03:58:56.000Z", "contentLength": 1939388, "httpStatusCode": 200}', '06761b0f-befe-49c5-817c-31bbb201419a', 'c2942a81-1563-4150-99f8-ab6435e7b47b', '{}', 2),
	('51373a84-eac4-4658-a3ee-c47f9f0d807a', 'applications', 'request_files/1753761542232_0_1753708717111_0_thumbnail_tips_cool (3).png', 'c2942a81-1563-4150-99f8-ab6435e7b47b', '2025-07-29 03:59:03.727437+00', '2025-07-29 03:59:03.727437+00', '2025-07-29 03:59:03.727437+00', '{"eTag": "\"ee4ff6031c900d1cc0081adbde0e3e7f\"", "size": 1939388, "mimetype": "image/png", "cacheControl": "max-age=3600", "lastModified": "2025-07-29T03:59:04.000Z", "contentLength": 1939388, "httpStatusCode": 200}', '44e776f0-37e3-4cef-996c-e193bc6b1112', 'c2942a81-1563-4150-99f8-ab6435e7b47b', '{}', 2),
	('1ac9ef2a-5f8e-4403-aef0-dd3a87a4f8b8', 'applications', 'request_files/1753761547813_0_1753708717111_0_thumbnail_tips_cool (3).png', 'c2942a81-1563-4150-99f8-ab6435e7b47b', '2025-07-29 03:59:19.6107+00', '2025-07-29 03:59:19.6107+00', '2025-07-29 03:59:19.6107+00', '{"eTag": "\"ee4ff6031c900d1cc0081adbde0e3e7f\"", "size": 1939388, "mimetype": "image/png", "cacheControl": "max-age=3600", "lastModified": "2025-07-29T03:59:20.000Z", "contentLength": 1939388, "httpStatusCode": 200}', 'ba97345a-5ff7-422d-8df4-6fa6595fb463', 'c2942a81-1563-4150-99f8-ab6435e7b47b', '{}', 2),
	('207f192f-99f9-4ef9-be35-cca21e399f18', 'applications', 'request_files/1753761572763_0_1753708717111_0_thumbnail_tips_cool (3).png', 'c2942a81-1563-4150-99f8-ab6435e7b47b', '2025-07-29 03:59:35.920265+00', '2025-07-29 03:59:35.920265+00', '2025-07-29 03:59:35.920265+00', '{"eTag": "\"ee4ff6031c900d1cc0081adbde0e3e7f\"", "size": 1939388, "mimetype": "image/png", "cacheControl": "max-age=3600", "lastModified": "2025-07-29T03:59:36.000Z", "contentLength": 1939388, "httpStatusCode": 200}', 'e00325bb-e214-4068-b715-99804e856898', 'c2942a81-1563-4150-99f8-ab6435e7b47b', '{}', 2),
	('ec144b99-8a79-4bac-b329-1c1ef28d8714', 'applications', 'DLSY-20250729-151613/photos/photo_1753769773958_0.jpg', NULL, '2025-07-29 06:16:14.426549+00', '2025-07-29 06:16:14.426549+00', '2025-07-29 06:16:14.426549+00', '{"eTag": "\"b0a79fa03d747470ba973a45825c5249\"", "size": 896682, "mimetype": "image/jpeg", "cacheControl": "max-age=3600", "lastModified": "2025-07-29T06:16:15.000Z", "contentLength": 896682, "httpStatusCode": 200}', '2fcfcad9-a249-4db8-8df0-1a22ac42fd3e', NULL, '{}', 3),
	('1f5bc2f7-2372-4b03-87f4-b44705326497', 'applications', 'DLSY-20250729-162602/photos/photo_1753773962902_0.jpg', NULL, '2025-07-29 07:26:03.732852+00', '2025-07-29 07:26:03.732852+00', '2025-07-29 07:26:03.732852+00', '{"eTag": "\"b0a79fa03d747470ba973a45825c5249\"", "size": 896682, "mimetype": "image/jpeg", "cacheControl": "max-age=3600", "lastModified": "2025-07-29T07:26:04.000Z", "contentLength": 896682, "httpStatusCode": 200}', '507b061c-344e-43fe-9a16-f878e52dbd73', NULL, '{}', 3),
	('79223a85-f92b-4f30-8019-8b3b786e5a7d', 'applications', 'DLSY-20250729-172054/photos/photo_1753777254670_0.jpg', NULL, '2025-07-29 08:20:55.116236+00', '2025-07-29 08:20:55.116236+00', '2025-07-29 08:20:55.116236+00', '{"eTag": "\"b0a79fa03d747470ba973a45825c5249\"", "size": 896682, "mimetype": "image/jpeg", "cacheControl": "max-age=3600", "lastModified": "2025-07-29T08:20:56.000Z", "contentLength": 896682, "httpStatusCode": 200}', '381c5ab7-288f-4ed7-a49a-962fe792ed31', NULL, '{}', 3),
	('b52de13a-ffe1-48ec-adf0-5a6113a805a2', 'applications', 'DLSY-20250729-181024/photos/photo_1753780224625_0.jpg', NULL, '2025-07-29 09:10:26.390201+00', '2025-07-29 09:10:26.390201+00', '2025-07-29 09:10:26.390201+00', '{"eTag": "\"b0a79fa03d747470ba973a45825c5249\"", "size": 896682, "mimetype": "image/jpeg", "cacheControl": "max-age=3600", "lastModified": "2025-07-29T09:10:27.000Z", "contentLength": 896682, "httpStatusCode": 200}', '3c9b75dc-e61e-4181-a89e-ac2c3954f345', NULL, '{}', 3),
	('8436c261-ffd7-4878-84de-6c6bcb8a1c64', 'applications', 'DLSY-20250729-181109/photos/photo_1753780269348_0.jpg', NULL, '2025-07-29 09:11:11.078151+00', '2025-07-29 09:11:11.078151+00', '2025-07-29 09:11:11.078151+00', '{"eTag": "\"b0a79fa03d747470ba973a45825c5249\"", "size": 896682, "mimetype": "image/jpeg", "cacheControl": "max-age=3600", "lastModified": "2025-07-29T09:11:11.000Z", "contentLength": 896682, "httpStatusCode": 200}', '4b494d02-d711-4d7d-b6f7-210e10bd5739', NULL, '{}', 3),
	('a66b1b11-1759-45df-8d9b-3e1e41da310a', 'applications', 'DLSY-20250729-205240/photos/photo_1753789961098_0.jpg', NULL, '2025-07-29 11:52:41.481881+00', '2025-07-29 11:52:41.481881+00', '2025-07-29 11:52:41.481881+00', '{"eTag": "\"2f31214f6a27e58f27253a576d13d28b\"", "size": 739843, "mimetype": "image/jpeg", "cacheControl": "max-age=3600", "lastModified": "2025-07-29T11:52:42.000Z", "contentLength": 739843, "httpStatusCode": 200}', 'afeee89a-0d72-455d-8f5d-d094ed0f0d88', NULL, '{}', 3),
	('e25908c9-a4a3-46e4-b76e-8ce28ab2f4d2', 'applications', 'DLSY-20250730-142511/photos/photo_1753853111676_0.png', NULL, '2025-07-30 05:25:11.876818+00', '2025-07-30 05:25:11.876818+00', '2025-07-30 05:25:11.876818+00', '{"eTag": "\"bf6eaa3783c1496060feadaffdb18922\"", "size": 74784, "mimetype": "image/png", "cacheControl": "max-age=3600", "lastModified": "2025-07-30T05:25:12.000Z", "contentLength": 74784, "httpStatusCode": 200}', '23ecee2c-f4f7-44ec-90c8-48644d2cb55c', NULL, '{}', 3),
	('7d96bb3f-a088-4aa5-b9c7-53080a005410', 'applications', 'DLSY-20250731-021931/photos/photo_1753895971824_0.jpg', NULL, '2025-07-30 17:19:32.451903+00', '2025-07-30 17:19:32.451903+00', '2025-07-30 17:19:32.451903+00', '{"eTag": "\"b0a79fa03d747470ba973a45825c5249\"", "size": 896682, "mimetype": "image/jpeg", "cacheControl": "max-age=3600", "lastModified": "2025-07-30T17:19:33.000Z", "contentLength": 896682, "httpStatusCode": 200}', '6088017b-e77d-4dce-b01c-e2b0d292ab53', NULL, '{}', 3),
	('1122d6a9-75d5-4753-bc94-bdf5169fb030', 'application-files', 'DLSY-20250801-075709-4806/product/1754035029983_8f8k4.jpg', 'f75cf441-dcfa-42ba-92b9-d621fd0d9241', '2025-08-01 07:57:10.414573+00', '2025-08-01 07:57:10.414573+00', '2025-08-01 07:57:10.414573+00', '{"eTag": "\"2f31214f6a27e58f27253a576d13d28b\"", "size": 739843, "mimetype": "image/jpeg", "cacheControl": "max-age=3600", "lastModified": "2025-08-01T07:57:11.000Z", "contentLength": 739843, "httpStatusCode": 200}', '2ffb1661-cd5d-40e4-a9aa-7049a53cef2f', 'f75cf441-dcfa-42ba-92b9-d621fd0d9241', '{}', 3),
	('17b1b792-664c-4031-99a4-3847163c5b5d', 'application-files', 'DLSY-20250801-075709-4806/logo/1754035030986_ulidyj.jpg', 'f75cf441-dcfa-42ba-92b9-d621fd0d9241', '2025-08-01 07:57:11.129317+00', '2025-08-01 07:57:11.129317+00', '2025-08-01 07:57:11.129317+00', '{"eTag": "\"2f31214f6a27e58f27253a576d13d28b\"", "size": 739843, "mimetype": "image/jpeg", "cacheControl": "max-age=3600", "lastModified": "2025-08-01T07:57:12.000Z", "contentLength": 739843, "httpStatusCode": 200}', 'ed063653-072f-4300-bdb8-f81d829aaa27', 'f75cf441-dcfa-42ba-92b9-d621fd0d9241', '{}', 3),
	('7015a7bd-9878-4e9d-bc1b-3e324daabed1', 'application-files', 'DLSY-20250801-105144-7710/product/1754045505717_4oh0im.jpg', '93c87ed3-a25d-4838-acd5-6e082ed56478', '2025-08-01 10:51:46.222216+00', '2025-08-01 10:51:46.222216+00', '2025-08-01 10:51:46.222216+00', '{"eTag": "\"b0a79fa03d747470ba973a45825c5249\"", "size": 896682, "mimetype": "image/jpeg", "cacheControl": "max-age=3600", "lastModified": "2025-08-01T10:51:47.000Z", "contentLength": 896682, "httpStatusCode": 200}', 'da6c0612-e09a-4396-b5bf-bd1ae7182edc', '93c87ed3-a25d-4838-acd5-6e082ed56478', '{}', 3),
	('9704cc25-3141-4639-ae77-9dc69c7b1f1c', 'application-files', 'DLSY-20250801-105144-7710/logo/1754045506837_xgigi.jpg', '93c87ed3-a25d-4838-acd5-6e082ed56478', '2025-08-01 10:51:46.967706+00', '2025-08-01 10:51:46.967706+00', '2025-08-01 10:51:46.967706+00', '{"eTag": "\"b0a79fa03d747470ba973a45825c5249\"", "size": 896682, "mimetype": "image/jpeg", "cacheControl": "max-age=3600", "lastModified": "2025-08-01T10:51:47.000Z", "contentLength": 896682, "httpStatusCode": 200}', 'faf3e0f1-a428-4816-af79-eb4f0dfb1740', '93c87ed3-a25d-4838-acd5-6e082ed56478', '{}', 3),
	('7203a669-ac84-4ee4-9a32-a4ca5f4052a5', 'application-files', 'DLSY-20250802-073927-8540/product/1754120370320_vkko0g.jpg', '679f6121-660a-44a7-a8c9-a76ca661c052', '2025-08-02 07:39:30.718921+00', '2025-08-02 07:39:30.718921+00', '2025-08-02 07:39:30.718921+00', '{"eTag": "\"20b9810cee44fab06004a85f9a411b1f\"", "size": 410887, "mimetype": "image/jpeg", "cacheControl": "max-age=3600", "lastModified": "2025-08-02T07:39:31.000Z", "contentLength": 410887, "httpStatusCode": 200}', '6cea8621-aacb-41f4-a8d5-bc76132599ba', '679f6121-660a-44a7-a8c9-a76ca661c052', '{}', 3),
	('852035d4-53fb-47e0-b60f-13ce05ea5c24', 'application-files', 'DLSY-20250802-073927-8540/product/1754120371327_147s8p.png', '679f6121-660a-44a7-a8c9-a76ca661c052', '2025-08-02 07:39:31.402742+00', '2025-08-02 07:39:31.402742+00', '2025-08-02 07:39:31.402742+00', '{"eTag": "\"7899a9a4ed0d88ac9df9ec742b16c6c7\"", "size": 128018, "mimetype": "image/png", "cacheControl": "max-age=3600", "lastModified": "2025-08-02T07:39:32.000Z", "contentLength": 128018, "httpStatusCode": 200}', '4cdb1607-b842-4803-b56c-020d5df197dd', '679f6121-660a-44a7-a8c9-a76ca661c052', '{}', 3),
	('f5be7d95-2434-40c9-bfa3-1bab3c4858fc', 'application-files', 'DLSY-20250802-073927-8540/logo/1754120371979_s42b3.png', '679f6121-660a-44a7-a8c9-a76ca661c052', '2025-08-02 07:39:32.141935+00', '2025-08-02 07:39:32.141935+00', '2025-08-02 07:39:32.141935+00', '{"eTag": "\"43fd100471aa7ff7adcfc98c54f175cf\"", "size": 526506, "mimetype": "image/png", "cacheControl": "max-age=3600", "lastModified": "2025-08-02T07:39:33.000Z", "contentLength": 526506, "httpStatusCode": 200}', '2bd53de6-0a8d-4d06-aac2-5c626a072cd0', '679f6121-660a-44a7-a8c9-a76ca661c052', '{}', 3),
	('e39172a9-2852-4a77-b13b-c81866a08ee7', 'application-files', 'DLSY-20250802-073927-8540/logo/1754120372733_i0h3se.pdf', '679f6121-660a-44a7-a8c9-a76ca661c052', '2025-08-02 07:39:32.86735+00', '2025-08-02 07:39:32.86735+00', '2025-08-02 07:39:32.86735+00', '{"eTag": "\"31c3c7f029ee7f7f26560202c5120369\"", "size": 238818, "mimetype": "application/pdf", "cacheControl": "max-age=3600", "lastModified": "2025-08-02T07:39:33.000Z", "contentLength": 238818, "httpStatusCode": 200}', 'ec2392bd-a07f-4e50-a26f-b735b1884285', '679f6121-660a-44a7-a8c9-a76ca661c052', '{}', 3),
	('96fdc487-d5b7-46ee-9fb0-aff7aade2f98', 'application-files', 'DLSY-20250802-073927-8540/box_design/1754120373519_uui9l.pdf', '679f6121-660a-44a7-a8c9-a76ca661c052', '2025-08-02 07:39:33.610361+00', '2025-08-02 07:39:33.610361+00', '2025-08-02 07:39:33.610361+00', '{"eTag": "\"31c3c7f029ee7f7f26560202c5120369\"", "size": 238818, "mimetype": "application/pdf", "cacheControl": "max-age=3600", "lastModified": "2025-08-02T07:39:34.000Z", "contentLength": 238818, "httpStatusCode": 200}', 'c51753b3-8db7-4d94-acfd-8aebf5b92a49', '679f6121-660a-44a7-a8c9-a76ca661c052', '{}', 3),
	('3b0f8db7-a5b6-4187-904c-e8a0e7598f31', 'application-files', 'DL-20250803-442458/inspection_request/1754195866543_z0mrij.pdf', '679f6121-660a-44a7-a8c9-a76ca661c052', '2025-08-03 04:37:47.331373+00', '2025-08-03 04:37:47.331373+00', '2025-08-03 04:37:47.331373+00', '{"eTag": "\"f44ec47fbcdbbeaad53fd8437b27fe08\"", "size": 2342800, "mimetype": "application/pdf", "cacheControl": "max-age=3600", "lastModified": "2025-08-03T04:37:48.000Z", "contentLength": 2342800, "httpStatusCode": 200}', 'bf54c690-52f6-41f7-a66b-78cd679cdf40', '679f6121-660a-44a7-a8c9-a76ca661c052', '{}', 3),
	('53fa04ea-e182-4c22-85bf-5080c9ce8398', 'application-files', 'DLSY-20250803-061718-4187/product/1754201839991_9lbmeg.jpg', '93c87ed3-a25d-4838-acd5-6e082ed56478', '2025-08-03 06:17:20.507649+00', '2025-08-03 06:17:20.507649+00', '2025-08-03 06:17:20.507649+00', '{"eTag": "\"20b9810cee44fab06004a85f9a411b1f\"", "size": 410887, "mimetype": "image/jpeg", "cacheControl": "max-age=3600", "lastModified": "2025-08-03T06:17:21.000Z", "contentLength": 410887, "httpStatusCode": 200}', '83b1cc6b-e6d5-43fd-879b-7637d5b02ee3', '93c87ed3-a25d-4838-acd5-6e082ed56478', '{}', 3),
	('b6adc780-e820-4e57-9d27-449b020eb541', 'application-files', 'IN-20250804-400899/inspection_request/1754276058795_8eavta.pdf', 'f75cf441-dcfa-42ba-92b9-d621fd0d9241', '2025-08-04 02:54:19.067339+00', '2025-08-04 02:54:19.067339+00', '2025-08-04 02:54:19.067339+00', '{"eTag": "\"31c3c7f029ee7f7f26560202c5120369\"", "size": 238818, "mimetype": "application/pdf", "cacheControl": "max-age=3600", "lastModified": "2025-08-04T02:54:19.000Z", "contentLength": 238818, "httpStatusCode": 200}', '887a72b0-b2e5-4afd-922c-984894d263f2', 'f75cf441-dcfa-42ba-92b9-d621fd0d9241', '{}', 3),
	('36bcb24b-1526-4014-8ed9-9881405e73a2', 'application-files', 'IN-20250804-459013/inspection_request/1754276093341_ut599x.pdf', 'f75cf441-dcfa-42ba-92b9-d621fd0d9241', '2025-08-04 02:54:53.552498+00', '2025-08-04 02:54:53.552498+00', '2025-08-04 02:54:53.552498+00', '{"eTag": "\"31c3c7f029ee7f7f26560202c5120369\"", "size": 238818, "mimetype": "application/pdf", "cacheControl": "max-age=3600", "lastModified": "2025-08-04T02:54:54.000Z", "contentLength": 238818, "httpStatusCode": 200}', '50ba77ce-13bd-4738-8b21-4960d3ecbaa5', 'f75cf441-dcfa-42ba-92b9-d621fd0d9241', '{}', 3),
	('2463798c-cc8d-4264-ae6c-1a678d2e3913', 'application-files', 'DLSY-20250804-044843-3156/product/1754282927019_3xacr.jpg', 'f75cf441-dcfa-42ba-92b9-d621fd0d9241', '2025-08-04 04:48:47.539751+00', '2025-08-04 04:48:47.539751+00', '2025-08-04 04:48:47.539751+00', '{"eTag": "\"b0a79fa03d747470ba973a45825c5249\"", "size": 896682, "mimetype": "image/jpeg", "cacheControl": "max-age=3600", "lastModified": "2025-08-04T04:48:48.000Z", "contentLength": 896682, "httpStatusCode": 200}', '2f5d6c85-b542-4169-89f4-995298bb2507', 'f75cf441-dcfa-42ba-92b9-d621fd0d9241', '{}', 3),
	('cd585752-9341-463e-a007-eae1bade9366', 'application-files', 'DLSY-20250804-054419-0926/product/1754286261655_sdtgf7.jpg', '93c87ed3-a25d-4838-acd5-6e082ed56478', '2025-08-04 05:44:22.086216+00', '2025-08-04 05:44:22.086216+00', '2025-08-04 05:44:22.086216+00', '{"eTag": "\"20b9810cee44fab06004a85f9a411b1f\"", "size": 410887, "mimetype": "image/jpeg", "cacheControl": "max-age=3600", "lastModified": "2025-08-04T05:44:22.000Z", "contentLength": 410887, "httpStatusCode": 200}', '09de641b-4cbd-40b5-bf6a-358115a12739', '93c87ed3-a25d-4838-acd5-6e082ed56478', '{}', 3);


--
-- Data for Name: prefixes; Type: TABLE DATA; Schema: storage; Owner: supabase_storage_admin
--

INSERT INTO "storage"."prefixes" ("bucket_id", "name", "created_at", "updated_at") VALUES
	('applications', 'DLSY-20250728-221836', '2025-07-28 13:18:38.069015+00', '2025-07-28 13:18:38.069015+00'),
	('applications', 'DLSY-20250728-221836/photos', '2025-07-28 13:18:38.069015+00', '2025-07-28 13:18:38.069015+00'),
	('application-files', 'DL-20250803-442458', '2025-08-03 04:37:47.331373+00', '2025-08-03 04:37:47.331373+00'),
	('applications', 'DLSY-20250728-221836/logo', '2025-07-28 13:18:38.891303+00', '2025-07-28 13:18:38.891303+00'),
	('application-files', 'DL-20250803-442458/inspection_request', '2025-08-03 04:37:47.331373+00', '2025-08-03 04:37:47.331373+00'),
	('applications', 'DLSY-20250728-224027', '2025-07-28 13:40:28.511871+00', '2025-07-28 13:40:28.511871+00'),
	('applications', 'DLSY-20250728-224027/photos', '2025-07-28 13:40:28.511871+00', '2025-07-28 13:40:28.511871+00'),
	('applications', 'DLSY-20250728-224027/logo', '2025-07-28 13:40:29.186581+00', '2025-07-28 13:40:29.186581+00'),
	('application-files', 'IN-20250804-400899', '2025-08-04 02:54:19.067339+00', '2025-08-04 02:54:19.067339+00'),
	('application-files', 'IN-20250804-400899/inspection_request', '2025-08-04 02:54:19.067339+00', '2025-08-04 02:54:19.067339+00'),
	('applications', 'DLSY-20250728-233303', '2025-07-28 14:33:03.772098+00', '2025-07-28 14:33:03.772098+00'),
	('applications', 'DLSY-20250728-233303/photos', '2025-07-28 14:33:03.772098+00', '2025-07-28 14:33:03.772098+00'),
	('applications', 'DLSY-20250729-000344', '2025-07-28 15:03:44.75294+00', '2025-07-28 15:03:44.75294+00'),
	('applications', 'DLSY-20250729-000344/photos', '2025-07-28 15:03:44.75294+00', '2025-07-28 15:03:44.75294+00'),
	('application-files', 'IN-20250804-459013', '2025-08-04 02:54:53.552498+00', '2025-08-04 02:54:53.552498+00'),
	('application-files', 'IN-20250804-459013/inspection_request', '2025-08-04 02:54:53.552498+00', '2025-08-04 02:54:53.552498+00'),
	('applications', 'DLSY-20250729-003816', '2025-07-28 15:38:17.342397+00', '2025-07-28 15:38:17.342397+00'),
	('applications', 'DLSY-20250729-003816/photos', '2025-07-28 15:38:17.342397+00', '2025-07-28 15:38:17.342397+00'),
	('applications', 'DLSY-20250729-100341', '2025-07-29 01:03:42.12498+00', '2025-07-29 01:03:42.12498+00'),
	('applications', 'DLSY-20250729-100341/photos', '2025-07-29 01:03:42.12498+00', '2025-07-29 01:03:42.12498+00'),
	('application-files', 'DLSY-20250804-054419-0926', '2025-08-04 05:44:22.086216+00', '2025-08-04 05:44:22.086216+00'),
	('application-files', 'DLSY-20250804-054419-0926/product', '2025-08-04 05:44:22.086216+00', '2025-08-04 05:44:22.086216+00'),
	('applications', 'DLSY-20250729-113030', '2025-07-29 02:30:31.895848+00', '2025-07-29 02:30:31.895848+00'),
	('applications', 'DLSY-20250729-113030/photos', '2025-07-29 02:30:31.895848+00', '2025-07-29 02:30:31.895848+00'),
	('applications', 'DLSY-20250729-113449', '2025-07-29 02:34:50.445393+00', '2025-07-29 02:34:50.445393+00'),
	('applications', 'DLSY-20250729-113449/photos', '2025-07-29 02:34:50.445393+00', '2025-07-29 02:34:50.445393+00'),
	('applications', 'DLSY-20250729-114225', '2025-07-29 02:42:26.189347+00', '2025-07-29 02:42:26.189347+00'),
	('applications', 'DLSY-20250729-114225/photos', '2025-07-29 02:42:26.189347+00', '2025-07-29 02:42:26.189347+00'),
	('applications', 'request_files', '2025-07-29 03:14:11.778186+00', '2025-07-29 03:14:11.778186+00'),
	('applications', 'DLSY-20250729-151613', '2025-07-29 06:16:14.426549+00', '2025-07-29 06:16:14.426549+00'),
	('applications', 'DLSY-20250729-151613/photos', '2025-07-29 06:16:14.426549+00', '2025-07-29 06:16:14.426549+00'),
	('applications', 'DLSY-20250729-162602', '2025-07-29 07:26:03.732852+00', '2025-07-29 07:26:03.732852+00'),
	('applications', 'DLSY-20250729-162602/photos', '2025-07-29 07:26:03.732852+00', '2025-07-29 07:26:03.732852+00'),
	('applications', 'DLSY-20250729-172054', '2025-07-29 08:20:55.116236+00', '2025-07-29 08:20:55.116236+00'),
	('applications', 'DLSY-20250729-172054/photos', '2025-07-29 08:20:55.116236+00', '2025-07-29 08:20:55.116236+00'),
	('applications', 'DLSY-20250729-181024', '2025-07-29 09:10:26.390201+00', '2025-07-29 09:10:26.390201+00'),
	('applications', 'DLSY-20250729-181024/photos', '2025-07-29 09:10:26.390201+00', '2025-07-29 09:10:26.390201+00'),
	('applications', 'DLSY-20250729-181109', '2025-07-29 09:11:11.078151+00', '2025-07-29 09:11:11.078151+00'),
	('applications', 'DLSY-20250729-181109/photos', '2025-07-29 09:11:11.078151+00', '2025-07-29 09:11:11.078151+00'),
	('applications', 'DLSY-20250729-205240', '2025-07-29 11:52:41.481881+00', '2025-07-29 11:52:41.481881+00'),
	('applications', 'DLSY-20250729-205240/photos', '2025-07-29 11:52:41.481881+00', '2025-07-29 11:52:41.481881+00'),
	('applications', 'DLSY-20250730-142511', '2025-07-30 05:25:11.876818+00', '2025-07-30 05:25:11.876818+00'),
	('applications', 'DLSY-20250730-142511/photos', '2025-07-30 05:25:11.876818+00', '2025-07-30 05:25:11.876818+00'),
	('applications', 'DLSY-20250731-021931', '2025-07-30 17:19:32.451903+00', '2025-07-30 17:19:32.451903+00'),
	('applications', 'DLSY-20250731-021931/photos', '2025-07-30 17:19:32.451903+00', '2025-07-30 17:19:32.451903+00'),
	('application-files', 'DLSY-20250801-075709-4806', '2025-08-01 07:57:10.414573+00', '2025-08-01 07:57:10.414573+00'),
	('application-files', 'DLSY-20250801-075709-4806/product', '2025-08-01 07:57:10.414573+00', '2025-08-01 07:57:10.414573+00'),
	('application-files', 'DLSY-20250801-075709-4806/logo', '2025-08-01 07:57:11.129317+00', '2025-08-01 07:57:11.129317+00'),
	('application-files', 'DLSY-20250801-105144-7710', '2025-08-01 10:51:46.222216+00', '2025-08-01 10:51:46.222216+00'),
	('application-files', 'DLSY-20250801-105144-7710/product', '2025-08-01 10:51:46.222216+00', '2025-08-01 10:51:46.222216+00'),
	('application-files', 'DLSY-20250801-105144-7710/logo', '2025-08-01 10:51:46.967706+00', '2025-08-01 10:51:46.967706+00'),
	('application-files', 'DLSY-20250802-073927-8540', '2025-08-02 07:39:30.718921+00', '2025-08-02 07:39:30.718921+00'),
	('application-files', 'DLSY-20250802-073927-8540/product', '2025-08-02 07:39:30.718921+00', '2025-08-02 07:39:30.718921+00'),
	('application-files', 'DLSY-20250802-073927-8540/logo', '2025-08-02 07:39:32.141935+00', '2025-08-02 07:39:32.141935+00'),
	('application-files', 'DLSY-20250803-061718-4187', '2025-08-03 06:17:20.507649+00', '2025-08-03 06:17:20.507649+00'),
	('application-files', 'DLSY-20250802-073927-8540/box_design', '2025-08-02 07:39:33.610361+00', '2025-08-02 07:39:33.610361+00'),
	('application-files', 'DLSY-20250803-061718-4187/product', '2025-08-03 06:17:20.507649+00', '2025-08-03 06:17:20.507649+00'),
	('application-files', 'DLSY-20250804-044843-3156', '2025-08-04 04:48:47.539751+00', '2025-08-04 04:48:47.539751+00'),
	('application-files', 'DLSY-20250804-044843-3156/product', '2025-08-04 04:48:47.539751+00', '2025-08-04 04:48:47.539751+00');


--
-- Data for Name: s3_multipart_uploads; Type: TABLE DATA; Schema: storage; Owner: supabase_storage_admin
--



--
-- Data for Name: s3_multipart_uploads_parts; Type: TABLE DATA; Schema: storage; Owner: supabase_storage_admin
--



--
-- Name: refresh_tokens_id_seq; Type: SEQUENCE SET; Schema: auth; Owner: supabase_auth_admin
--

SELECT pg_catalog.setval('"auth"."refresh_tokens_id_seq"', 415, true);


--
-- Name: customer_inquiries_inquiry_number_seq; Type: SEQUENCE SET; Schema: public; Owner: postgres
--

SELECT pg_catalog.setval('"public"."customer_inquiries_inquiry_number_seq"', 1, false);


--
-- Name: order_number_seq; Type: SEQUENCE SET; Schema: public; Owner: postgres
--

SELECT pg_catalog.setval('"public"."order_number_seq"', 1, false);


--
-- PostgreSQL database dump complete
--

RESET ALL;
